% Model,Untitled2.mph
% Version,COMSOL 6.3.0.290
% Date,"Sep 13 2026, 16:22"
% Dimension,1
% Nodes,9005
% Expressions,1
% Description,点结果图
% 时间 (s),温度
0,27.99999999999983
1,28.000000000000057
2,28.000000000000227
3,28.000000000000114
4,28.000000000000057
5,27.999999999999943
6,27.999999999999886
7,27.99999999999983
8,28.000000000001478
9,28.00000000000432
10,28.000000000008185
11,28.00000000001296
12,28.0000000000187
13,28.00000000002541
14,28.000000000033026
15,28.000000000882608
16,28.000000002590753
17,28.00000000466156
18,28.000000007094968
19,28.00000000989104
20,28.000000013049714
21,28.000000016570993
22,28.000000020454934
23,28.000000024701535
24,28.000000029310797
25,28.00000003428255
26,28.000000039617078
27,28.000000045314152
28,28.00000005137383
29,28.000000087367596
30,28.00000025701388
31,28.000000447647267
32,28.000000659267926
33,28.000000891875914
34,28.00000114547106
35,28.00000142005348
36,28.00000171562334
37,28.000002032180248
38,28.000002369724427
39,28.000002728255993
40,28.000003107774717
41,28.000003508280713
42,28.00000392977404
43,28.000004372254466
44,28.00000483572228
45,28.000005320177365
46,28.000005825619667
47,28.000006352049184
48,28.00000689946603
49,28.000007467870034
50,28.00000805726137
51,28.000008667639975
52,28.000009299005796
53,28.000009951358834
54,28.0000106246992
55,28.000011319026783
56,28.000012034341637
57,28.000012770643764
58,28.000015261627993
59,28.0000206213694
60,28.000026301608898
61,28.000032302346597
62,28.00003862358244
63,28.000045265316487
64,28.00005222754868
65,28.000059510279073
66,28.000067113507725
67,28.00007503723441
68,28.000083281459354
69,28.0000918461825
70,28.000100731403734
71,28.000109937123227
72,28.00011946334081
73,28.00012931005665
74,28.000139477270636
75,28.000149964982768
76,28.0001607731931
77,28.000171901901695
78,28.00018335110832
79,28.000195120813203
80,28.00020721101629
81,28.000219621717406
82,28.00023235291684
83,28.000245404614418
84,28.000258776810142
85,28.000272469504125
86,28.000286482696254
87,28.000300816386527
88,28.000315470574947
89,28.000330445261625
90,28.00034574044639
91,28.00036135612936
92,28.00037729231053
93,28.000393548989905
94,28.000410126167424
95,28.000427023843088
96,28.000444242016954
97,28.000461780689022
98,28.000479639859236
99,28.000497819527595
100,28.000516319694157
101,28.00053514035892
102,28.000554281521886
103,28.00057374318294
104,28.000593525342254
105,28.000613627999712
106,28.000634051155373
107,28.00065479480918
108,28.000675858961074
109,28.000697243611228
110,28.00071894875964
111,28.000740974406085
112,28.00076332055079
113,28.00078598719375
114,28.000808974334745
115,28.000832281974
116,28.0008878981551
117,28.000953236360544
118,28.001020270289473
119,28.001088999941942
120,28.001159425318008
121,28.0012315464175
122,28.00130536324059
123,28.001380875787106
124,28.001458084057333
125,28.001536988050987
126,28.001617587768123
127,28.001699883208857
128,28.001783874373018
129,28.001869561260833
130,28.001956943872074
131,28.002046022206912
132,28.002136796265233
133,28.002229266047095
134,28.00232343155244
135,28.002419292781383
136,28.00251684973381
137,28.00261610240983
138,28.002717050809224
139,28.002819694932214
140,28.002924034778857
141,28.003030070348927
142,28.00313780164248
143,28.003247228659575
144,28.00335835140021
145,28.003471169864383
146,28.003585684052155
147,28.003701893963353
148,28.003819799598148
149,28.00393940095637
150,28.004060698038245
151,28.004183690843547
152,28.004308379372446
153,28.00443476362483
154,28.004562843600695
155,28.004692619300158
156,28.00482409072316
157,28.00495725786965
158,28.005092120739675
159,28.00522867933313
160,28.005366933650237
161,28.005506883690828
162,28.005648529455016
163,28.00579187094263
164,28.005936908153785
165,28.006083641088537
166,28.006232069746716
167,28.00638219412849
168,28.006534014233807
169,28.00668753006255
170,28.00684274161489
171,28.006999648890826
172,28.00715825189019
173,28.00731855061315
174,28.007480545059536
175,28.007644235229463
176,28.007809621122988
177,28.007976702740052
178,28.0081454800806
179,28.008315953144574
180,28.008488121932203
181,28.00866198644337
182,28.00883754667808
183,28.009014802636273
184,28.009193754317835
185,28.009374401723107
186,28.00955674485192
187,28.009740783704217
188,28.009926518280054
189,28.010113948579317
190,28.010303074602234
191,28.010493896348578
192,28.01068641381852
193,28.010880627011943
194,28.011076535928964
195,28.011274140569412
196,28.011473440933457
197,28.011674437020986
198,28.01187712883211
199,28.01208151636672
200,28.012287599624813
201,28.012495378606445
202,28.012704853311675
203,28.012916023740388
204,28.01312888989264
205,28.01334345176832
206,28.013559709367655
207,28.013777662690472
208,28.01399731173683
209,28.01421865650667
210,28.014441697000052
211,28.01466643321703
212,28.014892865157435
213,28.015120992821437
214,28.015350816208922
215,28.01558233531989
216,28.015815550154457
217,28.01605046071262
218,28.01628706699421
219,28.01652536899934
220,28.016765366727952
221,28.017007060180106
222,28.017250449355913
223,28.017495534255147
224,28.017742314877864
225,28.017990791224122
226,28.018240963293977
227,28.018492831087315
228,28.018746394604193
229,28.01900165384461
230,28.019258608808457
231,28.019584307986918
232,28.019958538747915
233,28.020336405448063
234,28.02071790808759
235,28.021103046666326
236,28.021491821184327
237,28.02188423164165
238,28.022280278038238
239,28.02267996037409
240,28.023083278649153
241,28.02349023286365
242,28.0239008230173
243,28.024315049110214
244,28.024732911142394
245,28.02515440911384
246,28.025579543024605
247,28.02600831287458
248,28.026440718663878
249,28.026876760392497
250,28.027316438060325
251,28.027759751667418
252,28.028206701213776
253,28.0286572866994
254,28.029111508124288
255,28.02956936548844
256,28.030030858791974
257,28.03049598803466
258,28.030964753216722
259,28.031437154337937
260,28.03191319139853
261,28.032392864398332
262,28.032876173337343
263,28.033363118215675
264,28.03385369903333
265,28.034347915790192
266,28.034845768486377
267,28.035347257121884
268,28.0358523816966
269,28.036361142210524
270,28.03687353866377
271,28.03738957105628
272,28.037909239388114
273,28.0384325436591
274,28.038959483869462
275,28.03949006001909
276,28.040024272107985
277,28.040562120136144
278,28.04110360410357
279,28.0416487240102
280,28.042197479856156
281,28.042749871641377
282,28.04330589936592
283,28.04386556302967
284,28.044428862632742
285,28.04499579817508
286,28.045566369656683
287,28.04614057707755
288,28.04671842043757
289,28.04729989973697
290,28.04788501497569
291,28.04847376615362
292,28.049066153270815
293,28.049662176327388
294,28.050261835323113
295,28.050865130258103
296,28.051472061132472
297,28.052082627945936
298,28.052696830698835
299,28.053314669390943
300,28.053936144022316
301,28.054561254592954
302,28.055190001102915
303,28.05582238355214
304,28.056458401940574
305,28.05709805626833
306,28.057741346535295
307,28.05838827274158
308,28.059038834887133
309,28.05969303297195
310,28.06035086699609
311,28.061012336959493
312,28.06167744286205
313,28.062346184703983
314,28.063018562485183
315,28.06369457620559
316,28.064374225865322
317,28.065057511464317
318,28.06574443300258
319,28.066434990480104
320,28.067129183896895
321,28.06782701325301
322,28.06852847854833
323,28.069233579782917
324,28.06994231695677
325,28.07065469007
326,28.07137069912244
327,28.072090344114088
328,28.072813625045058
329,28.07354054191535
330,28.07427109472485
331,28.07500528347373
332,28.075743108161703
333,28.076484568789
334,28.07722966535556
335,28.0779783978615
336,28.07873076630659
337,28.079486770691062
338,28.080246411014798
339,28.081009687277685
340,28.08177659947995
341,28.08254714762137
342,28.083321331702166
343,28.08409915172217
344,28.084880607681498
345,28.085665699580147
346,28.086454427418005
347,28.08724679119507
348,28.088042790911516
349,28.08884242656717
350,28.089645698162087
351,28.090452605696328
352,28.09126314916972
353,28.09207732858249
354,28.092895143934527
355,28.09371659522583
356,28.094541682456395
357,28.095370405626227
358,28.096202764735324
359,28.097038759783686
360,28.097878390771314
361,28.09872165769832
362,28.099568560564478
363,28.100419099369958
364,28.101273274114646
365,28.102131084798657
366,28.10299253142199
367,28.10385761398453
368,28.10472633248628
369,28.10559868692735
370,28.106474677307745
371,28.107354303627346
372,28.108237565886327
373,28.10912446408446
374,28.11001499822197
375,28.110909168298633
376,28.111806974314618
377,28.11270841626981
378,28.113613494164383
379,28.114522207998164
380,28.115434557771266
381,28.116350543483577
382,28.11727016513521
383,28.118193422726108
384,28.11912031625627
385,28.120050845725643
386,28.120985011134337
387,28.121922812482353
388,28.122864249769577
389,28.123809322996124
390,28.12475803216182
391,28.1257103772669
392,28.12666635831124
393,28.127625975294848
394,28.128589228217663
395,28.1295561170798
396,28.130526641881204
397,28.131500802621872
398,28.132478599301862
399,28.13346003192106
400,28.13444510047964
401,28.135433804977367
402,28.13642614541442
403,28.13742212179062
404,28.138421734106203
405,28.13942498236105
406,28.140431866555218
407,28.141442386688595
408,28.142456542761238
409,28.143474334773202
410,28.144495762724375
411,28.145582204067466
412,28.1467146469476
413,28.14785186458829
414,28.14899385698959
415,28.15014062415156
416,28.151292166074086
417,28.15244848275728
418,28.153609574201084
419,28.154775440405558
420,28.1559460813707
421,28.15712149709634
422,28.15830168758265
423,28.159486652829628
424,28.16067639283716
425,28.161870907605305
426,28.163070197134118
427,28.1642742614236
428,28.165483100473693
429,28.1666967142844
430,28.16791510285566
431,28.169138266187645
432,28.170366204280185
433,28.171598917133394
434,28.172836404747216
435,28.17407866712165
436,28.175325704256693
437,28.17657751615235
438,28.17783410280873
439,28.179095464225554
440,28.18036160040316
441,28.181632511341377
442,28.18290819704015
443,28.184188657499647
444,28.185473892719642
445,28.186763902700363
446,28.18805868744164
447,28.189358246943584
448,28.190662581206198
449,28.19197169022931
450,28.193285574013203
451,28.19460423255765
452,28.195927665862655
453,28.197255873928384
454,28.198588856754668
455,28.19992661434162
456,28.20126914668913
457,28.20261645379736
458,28.203968535666093
459,28.20532539229555
460,28.206687023685618
461,28.208053429836298
462,28.20942461074759
463,28.210800566419493
464,28.212181296852066
465,28.213566802045307
466,28.214957081999103
467,28.216352136713567
468,28.217751966188587
469,28.219156570424218
470,28.220565949420518
471,28.221980103177486
472,28.22339903169501
473,28.224822734973202
474,28.226251213012006
475,28.22768446581142
476,28.229122493371506
477,28.230565295692145
478,28.232012872773453
479,28.23346522461543
480,28.23492235121796
481,28.23638425258116
482,28.23785092870486
483,28.239322379589282
484,28.240798605234374
485,28.24227960564008
486,28.24376538080645
487,28.245255930733265
488,28.246751255420804
489,28.248251354869012
490,28.249756229077832
491,28.25126587804715
492,28.25278030177725
493,28.25429950026796
494,28.25582347351923
495,28.25735222153122
496,28.258885744303655
497,28.26042404183687
498,28.261967114130698
499,28.263514961185138
500,28.26506758300019
501,28.266624979575795
502,28.268187150912127
503,28.269754097009013
504,28.27132581786657
505,28.272902313484735
506,28.274483583863514
507,28.276069629002905
508,28.277660448902964
509,28.27925604356369
510,28.28085641298486
511,28.28246155716687
512,28.284071476109432
513,28.285686169812607
514,28.287305638276393
515,28.288929881500735
516,28.29055889948586
517,28.29219269223148
518,28.29383125973777
519,28.295474602004674
520,28.29712271903219
521,28.29877561082037
522,28.300433277369223
523,28.30209571867863
524,28.30376293474859
525,28.305434925579277
526,28.307111691170576
527,28.308793231522486
528,28.310479546635065
529,28.3121706365082
530,28.313866501141945
531,28.315567140536416
532,28.317272554691442
533,28.318982743607137
534,28.32069770728333
535,28.322417445720305
536,28.324141958917835
537,28.325871246875977
538,28.327605309594674
539,28.329344147074153
540,28.331087759314187
541,28.332836146314833
542,28.33458930807609
543,28.336347244598016
544,28.338109955880554
545,28.339877441923704
546,28.341649702727523
547,28.343426738291896
548,28.34520854861688
549,28.346995133702535
550,28.348786493548857
551,28.350582628155735
552,28.352383537523338
553,28.35418922165144
554,28.355999680540208
555,28.357814914189646
556,28.35963492259964
557,28.3614597057703
558,28.363289263701574
559,28.36512359639346
560,28.36696270384607
561,28.36880658605918
562,28.3706552430329
563,28.372508674767346
564,28.374366881262347
565,28.376229862518016
566,28.378097618534298
567,28.37997014931119
568,28.381847454848696
569,28.38372953514687
570,28.385616390205655
571,28.387508020025052
572,28.38940442460506
573,28.391305603945682
574,28.39321155804697
575,28.39512228690893
576,28.397037790531385
577,28.39895806891451
578,28.400883122058303
579,28.402812949962765
580,28.404747552627782
581,28.406686930053354
582,28.40863108223965
583,28.41058000918656
584,28.41253371089408
585,28.414492187362214
586,28.41645543859096
587,28.41842346458037
588,28.420396265330396
589,28.422373840841033
590,28.42435619111228
591,28.426362700342736
592,28.4283873642172
593,28.43041716251429
594,28.432452095233998
595,28.434492162376387
596,28.436537363941397
597,28.4385876999292
598,28.440643170339513
599,28.442703775172504
600,28.44476951442823
601,28.44684038810658
602,28.44891639620755
603,28.450997538731144
604,28.453083815677473
605,28.455175227046368
606,28.45727177283794
607,28.459373453052308
608,28.461480267689183
609,28.463592216748793
610,28.465709300231026
611,28.46783151813588
612,28.469958870463472
613,28.47209135721363
614,28.474228978386463
615,28.476371733981978
616,28.478519624000114
617,28.48067264844093
618,28.482830807304424
619,28.48499410059054
620,28.48716252829928
621,28.489336090430697
622,28.491514786984794
623,28.493698617961513
624,28.49588758336091
625,28.49808168318293
626,28.500280917427688
627,28.502485286095066
628,28.504694789185066
629,28.50690942669769
630,28.50912919863299
631,28.511354104991028
632,28.51358414577163
633,28.515819320974913
634,28.518059630600874
635,28.520305074649457
636,28.52255565312072
637,28.52481136601466
638,28.52707221333128
639,28.529338195070466
640,28.531609311232387
641,28.533885561816874
642,28.536166946824096
643,28.53845346625394
644,28.540745120106408
645,28.543041908381554
646,28.54534383107938
647,28.54765088819977
648,28.549963079742952
649,28.5522804057087
650,28.554602866097127
651,28.556930460908234
652,28.559263190141962
653,28.561601053798313
654,28.563944051877343
655,28.56629218437905
656,28.56864545130344
657,28.571003852650506
658,28.57336738842008
659,28.575736058612392
660,28.57810986322744
661,28.58048880226505
662,28.582872875725343
663,28.585262083608256
664,28.58765642591385
665,28.59005590264212
666,28.592460513793014
667,28.594870259366644
668,28.597285139362896
669,28.59970515378177
670,28.602130302623323
671,28.60456058588744
672,28.606996003574295
673,28.60943655568383
674,28.611882242215927
675,28.61433306317076
676,28.616789018548218
677,28.619250108348297
678,28.621716332571054
679,28.62418769121649
680,28.626664184284607
681,28.629145811775345
682,28.631632573688705
683,28.634124470024744
684,28.636621500783406
685,28.639123665964746
686,28.641630965568822
687,28.644143399595464
688,28.646660968044785
689,28.649183670916784
690,28.651711508211406
691,28.65424447992865
692,28.65678258606863
693,28.659325826631175
694,28.6618742016164
695,28.66442771102436
696,28.66698635485494
697,28.669550133108203
698,28.67211904578403
699,28.674693092882592
700,28.677272274403776
701,28.679856590347583
702,28.68244604071407
703,28.685040625503234
704,28.687640344715078
705,28.690245198349487
706,28.692855186406575
707,28.695470308886343
708,28.69809056578879
709,28.7007159571138
710,28.703346482861548
711,28.705982143031974
712,28.708622937624966
713,28.71126886664075
714,28.713919930079044
715,28.716576127940073
716,28.719237460223724
717,28.721903926929997
718,28.724575528059006
719,28.72725226361058
720,28.72993413358489
721,28.73262113798188
722,28.735313276801435
723,28.738010550043725
724,28.740712957708638
725,28.743420499796173
726,28.746133176306387
727,28.748850987239223
728,28.751573932594795
729,28.75430201237299
730,28.757035226573862
731,28.7597735751973
732,28.762517058243475
733,28.76526567571227
734,28.76801942760369
735,28.770778313917788
736,28.773542334654564
737,28.776311489813963
738,28.779085779396098
739,28.7818652034008
740,28.78464976182812
741,28.78743945467818
742,28.790234281950916
743,28.79303424364622
744,28.7958393397642
745,28.79864957030486
746,28.8014649352682
747,28.80428543465416
748,28.807111068462746
749,28.809941836694065
750,28.812777739348007
751,28.81561877642463
752,28.818464947923815
753,28.821316253845737
754,28.82417269419028
755,28.827034268957505
756,28.829900978147407
757,28.83277282175999
758,28.83564979979508
759,28.83853191225296
760,28.84141915913341
761,28.844311540436536
762,28.8472090561624
763,28.850111706310827
764,28.853019490881877
765,28.85593240987572
766,28.85885046329207
767,28.86177365113116
768,28.864701973392926
769,28.867635430077257
770,28.870574021184268
771,28.87349810780421
772,28.87641377314992
773,28.879334208530167
774,28.882259413945064
775,28.88518938939461
776,28.888124134878694
777,28.891063650397484
778,28.894007935950754
779,28.896956991538786
780,28.899910817161356
781,28.902869412818518
782,28.905832778510387
783,28.908800914236792
784,28.91177381999779
785,28.914751495793496
786,28.91773394162368
787,28.920721157488572
788,28.923713143388056
789,28.92670989932219
790,28.929711425290918
791,28.93271772129424
792,28.935728787332152
793,28.938744623404716
794,28.941765229511873
795,28.944790605653736
796,28.947820751830022
797,28.95085566804113
798,28.953895354286715
799,28.95693981056695
800,28.959989036881836
801,28.96304303323126
802,28.96610179961533
803,28.969165336034052
804,28.97223364248731
805,28.975306718975276
806,28.978384565497777
807,28.981467182054928
808,28.98455456864673
809,28.987646725273066
810,28.99074365193411
811,28.99384534862969
812,28.99695181535992
813,29.000063052124744
814,29.00317905892416
815,29.006299835758227
816,29.009425382626887
817,29.01255569953014
818,29.015690786468156
819,29.018830643440594
820,29.02197527044774
821,29.02512466748948
822,29.02827883456581
823,29.031437771676792
824,29.034601478822367
825,29.03776995600259
826,29.04094320321741
827,29.044121220466764
828,29.04730400775088
829,29.05049156506948
830,29.053683892422725
831,29.05688098981068
832,29.060082857233112
833,29.063289494690252
834,29.06650090218193
835,29.069717079708255
836,29.07293802726923
837,29.076163744864743
838,29.079394232494963
839,29.082629490159775
840,29.085869517859123
841,29.089114315593235
842,29.092363883361827
843,29.09561822116507
844,29.098877329002846
845,29.102141206875388
846,29.105409854782522
847,29.108683272724136
848,29.111961460700456
849,29.11524441871137
850,29.118532146756934
851,29.121824644837147
852,29.12512191295184
853,29.12842395110124
854,29.13173075928529
855,29.13504233750382
856,29.13835868575711
857,29.141679804044884
858,29.145005692367363
859,29.14833635072449
860,29.1516717791161
861,29.155011977542415
862,29.15835694600321
863,29.161706684498768
864,29.165061193028976
865,29.168420471593663
866,29.171784520193057
867,29.17515333882693
868,29.178526927495625
869,29.1819052861988
870,29.185288414936622
871,29.18867631370904
872,29.192068982516105
873,29.195466421357764
874,29.198868630234074
875,29.20227560914492
876,29.205687358090415
877,29.209103877070504
878,29.212525166085243
879,29.215951225134575
880,29.2193820542185
881,29.222817653337074
882,29.2262580224903
883,29.22970316167806
884,29.23315307090047
885,29.236607750157418
886,29.240067199449072
887,29.243531418775376
888,29.247000408136216
889,29.250474167531763
890,29.25395269696179
891,29.257435996426466
892,29.26092406592585
893,29.26441690545971
894,29.26791451502828
895,29.271416894631386
896,29.274924044269255
897,29.278435963941604
898,29.281952653648602
899,29.28547411339025
900,29.289000343166435
901,29.29253134297727
902,29.296067112822755
903,29.299607652702775
904,29.303152962617503
905,29.306703042566824
906,29.31025789255068
907,29.313817512569187
908,29.317381902622344
909,29.320951062710094
910,29.324524992832494
911,29.32810369298943
912,29.331687163181073
913,29.335275403407195
914,29.33886841366808
915,29.342466193963503
916,29.346068744293518
917,29.349676064658183
918,29.35328815505744
919,29.35690501549135
920,29.36052664595985
921,29.364153046463002
922,29.36778421700069
923,29.371420157573027
924,29.375060868180014
925,29.378706348821538
926,29.38235659949777
927,29.386011620208535
928,29.389671410953895
929,29.39333597173396
930,29.39700530254862
931,29.400679403397874
932,29.404358274281776
933,29.408041915200272
934,29.411730326153304
935,29.415423507141043
936,29.419121458163318
937,29.4228241792203
938,29.426531670311817
939,29.430243931437985
940,29.433960962598746
941,29.4376827637941
942,29.44140933502416
943,29.445140676288815
944,29.44887678758795
945,29.452617668921846
946,29.45636332029028
947,29.460113741693362
948,29.463868933131096
949,29.467628894603365
950,29.471393626110284
951,29.475116942895227
952,29.47881315082867
953,29.48251327186665
954,29.486217306009166
955,29.48992525325616
956,29.493637113607633
957,29.49735288706364
958,29.50107257362413
959,29.50479617328915
960,29.50852368605871
961,29.51225511193269
962,29.515990450911204
963,29.51972970299431
964,29.523472868181784
965,29.527219946473906
966,29.530970937870507
967,29.53472584237153
968,29.538484659977087
969,29.54224739068718
970,29.546014034501752
971,29.549784591420917
972,29.553559061444503
973,29.557337444572624
974,29.561119740805225
975,29.564905950142304
976,29.568696072584032
977,29.572490108130182
978,29.576288056780754
979,29.58008991853592
980,29.58389569339556
981,29.58770538135974
982,29.591518982428454
983,29.59533649660159
984,29.59915792387926
985,29.602983264261468
986,29.606812517748153
987,29.610645684339318
988,29.61448276403513
989,29.61832375683531
990,29.622168662740023
991,29.626017481749273
992,29.629870213863
993,29.63372685908132
994,29.637587417404063
995,29.641451888831284
996,29.64532027336304
997,29.649192570999276
998,29.653068781740103
999,29.65694890558541
1000,29.660832942535194
1001,29.664720892589457
1002,29.668612755748256
1003,29.67250853201159
1004,29.67640822137946
1005,29.680311823851753
1006,29.68421933942858
1007,29.688130768109886
1008,29.692046109895728
1009,29.695965364786105
1010,29.699888532781017
1011,29.70381561388041
1012,29.70774660808422
1013,29.711681515392627
1014,29.71562033580551
1015,29.719563069322874
1016,29.723509715944772
1017,29.727460275671206
1018,29.73141474850206
1019,29.735373134437566
1020,29.739335433477436
1021,29.743301645621898
1022,29.747271770870896
1023,29.751245809224315
1024,29.75522376068227
1025,29.759205625244647
1026,29.763191402911673
1027,29.767181093683178
1028,29.77117469755916
1029,29.775172214539623
1030,29.77917364462462
1031,29.783178987814154
1032,29.787188244108165
1033,29.791201413506656
1034,29.79521849600974
1035,29.799239491617186
1036,29.803264400329226
1037,29.80729322214586
1038,29.811325957066856
1039,29.81536260509239
1040,29.819403166222457
1041,29.823447640457005
1042,29.827496027796087
1043,29.831548328239762
1044,29.835604541787802
1045,29.839664668440378
1046,29.84372870819749
1047,29.84779666105908
1048,29.85186852702526
1049,29.855944306095864
1050,29.860023998271004
1051,29.86410760355062
1052,29.868195121934775
1053,29.872286553423407
1054,29.876381898016632
1055,29.88048115571428
1056,29.88458432651646
1057,29.88869141042312
1058,29.89280240743426
1059,29.896917317549992
1060,29.901036140770202
1061,29.905158877094948
1062,29.90928552652406
1063,29.91341608905782
1064,29.917550564696
1065,29.92168895343883
1066,29.925831255286084
1067,29.92997747023776
1068,29.934127598294026
1069,29.93828163945477
1070,29.942439593720053
1071,29.94660146108987
1072,29.950767241564165
1073,29.954936935142882
1074,29.959110541826135
1075,29.96328806161398
1076,29.967469494506304
1077,29.971654840503163
1078,29.975844099604444
1079,29.98003727181026
1080,29.984234357120556
1081,29.988435355535444
1082,29.992640267054753
1083,29.996849091678655
1084,30.001061829407035
1085,30.005278480239895
1086,30.009499044177176
1087,30.013723521219163
1088,30.01795191136557
1089,30.02218421461646
1090,30.026420430971825
1091,30.03066056043167
1092,30.034904602996107
1093,30.03915255866508
1094,30.04340442743853
1095,30.04766020931646
1096,30.05191990429887
1097,30.056183512385815
1098,30.060451033577294
1099,30.064722467873253
1100,30.06899781527369
1101,30.073277075778662
1102,30.07756024938817
1103,30.081847336102157
1104,30.086138335920737
1105,30.09043324884368
1106,30.094732074871217
1107,30.099034814003176
1108,30.10334146623967
1109,30.107652031580756
1110,30.11196651002632
1111,30.116284901576364
1112,30.120607206230886
1113,30.124933423989887
1114,30.129263554853424
1115,30.13359759882161
1116,30.13793555589416
1117,30.142277426071246
1118,30.146623209352754
1119,30.15097290573891
1120,30.155326515229547
1121,30.15968403782466
1122,30.164045473524254
1123,30.168410822328383
1124,30.17278008423699
1125,30.177153259250133
1126,30.18153034736781
1127,30.18591134858997
1128,30.190296262916604
1129,30.194685090347775
1130,30.199077830883425
1131,30.203425186100674
1132,30.20774242633763
1133,30.212062664976884
1134,30.216385902018487
1135,30.2207121374621
1136,30.225041371307952
1137,30.2293736035561
1138,30.23370883420631
1139,30.23804706325882
1140,30.24238829071362
1141,30.246732516570546
1142,30.251079740829766
1143,30.25542996349111
1144,30.259783184554635
1145,30.26413940402051
1146,30.26849862188851
1147,30.272860838158692
1148,30.27722605283111
1149,30.28159426590571
1150,30.285965477382547
1151,30.290339687261678
1152,30.29471689554299
1153,30.299097102226426
1154,30.3034803073121
1155,30.30786651080001
1156,30.312255712690103
1157,30.31664791298249
1158,30.321043111677
1159,30.325441308773804
1160,30.329842504272676
1161,30.334246698173843
1162,30.338653890477246
1163,30.343064081182888
1164,30.34747727029071
1165,30.351893457800713
1166,30.356312643712954
1167,30.360734828027375
1168,30.365160010744034
1169,30.36958819186293
1170,30.37401937138401
1171,30.378453549307324
1172,30.38289072563282
1173,30.387330900360553
1174,30.39177407349041
1175,30.39622024502262
1176,30.40066941495695
1177,30.40512158329352
1178,30.409576750032272
1179,30.414034915173318
1180,30.418496078716487
1181,30.42296024066195
1182,30.42742740100954
1183,30.43189755975942
1184,30.436370716911426
1185,30.44084687246567
1186,30.44532602642215
1187,30.44980817878087
1188,30.454293329541713
1189,30.458781478704793
1190,30.46327262627011
1191,30.467766772237667
1192,30.472263916607403
1193,30.47676405937932
1194,30.481267200553532
1195,30.485773340129867
1196,30.49028247810844
1197,30.49479461448925
1198,30.4993097492723
1199,30.50382788245753
1200,30.508349014044995
1201,30.512873144034586
1202,30.51740027242647
1203,30.52193039922048
1204,30.52646352441684
1205,30.530999648015325
1206,30.53553877001599
1207,30.540080890418892
1208,30.544626009224032
1209,30.549174126431296
1210,30.55372524204097
1211,30.558279356052708
1212,30.562836468466685
1213,30.567396579282843
1214,30.571959688501238
1215,30.576525796121757
1216,30.581094902144685
1217,30.585667006569736
1218,30.59024210939691
1219,30.59482021062638
1220,30.59940131025803
1221,30.603985408292033
1222,30.608572504728045
1223,30.613162599566294
1224,30.61775569280684
1225,30.622351784449563
1226,30.626950874494526
1227,30.631552962941726
1228,30.63615804979105
1229,30.64076613504261
1230,30.64537721869641
1231,30.649991300752333
1232,30.65460838121055
1233,30.659228460071063
1234,30.66385153733364
1235,30.66847761299846
1236,30.673106687065513
1237,30.677738759534805
1238,30.68237383040622
1239,30.687011899679987
1240,30.69165296735588
1241,30.696297033434007
1242,30.700944097914316
1243,30.705594160796807
1244,30.710247222081534
1245,30.714903281768557
1246,30.71956233985776
1247,30.724224396349086
1248,30.72888945124265
1249,30.73355750453851
1250,30.738228556236493
1251,30.74290260633677
1252,30.747579654839228
1253,30.75225970174381
1254,30.756942747050687
1255,30.761628790759744
1256,30.766317832871096
1257,30.77100987338457
1258,30.77570491230034
1259,30.78040294961818
1260,30.785103985338367
1261,30.789808019460622
1262,30.79451505198523
1263,30.799225082912017
1264,30.803938112240985
1265,30.80865413997219
1266,30.813373166105578
1267,30.818095190641202
1268,30.822820213579064
1269,30.82754823491905
1270,30.832279254661273
1271,30.83701327280579
1272,30.841750289352433
1273,30.846490304301312
1274,30.851233317652486
1275,30.855979329405727
1276,30.860728339561263
1277,30.86548034811898
1278,30.870235355078933
1279,30.874993360441124
1280,30.879754364205496
1281,30.884518366372106
1282,30.88928536694084
1283,30.894055365911868
1284,30.89882836328502
1285,30.903604359060466
1286,30.90838335323815
1287,30.913165345818015
1288,30.91795033680006
1289,30.922738326184344
1290,30.92752931397081
1291,30.93232330015951
1292,30.93712028475045
1293,30.94192026774357
1294,30.94672324913887
1295,30.95152922893641
1296,30.956338207136127
1297,30.96115018373814
1298,30.965965158742335
1299,30.97078313214871
1300,30.975604103957266
1301,30.98042807416806
1302,30.985255042781148
1303,30.99008500979636
1304,30.99491797521381
1305,30.999753939033496
1306,31.004592901255364
1307,31.009434861879413
1308,31.0142798209057
1309,31.01912777833428
1310,31.023978734164928
1311,31.02878089050131
1312,31.033550291901292
1313,31.038321730625
1314,31.043095206672433
1315,31.047870720043534
1316,31.05264827073836
1317,31.057427858756853
1318,31.06220948409907
1319,31.0669931467649
1320,31.07177884675457
1321,31.076566584067848
1322,31.081356358704966
1323,31.086148170665638
1324,31.09094201995009
1325,31.095737906558213
1326,31.100535830490003
1327,31.105335791745517
1328,31.110137790324757
1329,31.114941826227664
1330,31.119747899454296
1331,31.12455601000471
1332,31.129366157878792
1333,31.134178343076485
1334,31.138992565597903
1335,31.143808825443045
1336,31.148627122611913
1337,31.153447457104505
1338,31.158269828920766
1339,31.163094238060694
1340,31.16792068452446
1341,31.172749168311782
1342,31.177579689422885
1343,31.1824122478576
1344,31.187246843616094
1345,31.192083476698258
1346,31.196922147104146
1347,31.20176285483376
1348,31.206605599887098
1349,31.21145038226399
1350,31.21629720196472
1351,31.22114605898912
1352,31.225996953337244
1353,31.230849885009036
1354,31.235704854004496
1355,31.240561860323737
1356,31.24542090396659
1357,31.25028198493328
1358,31.255145103223583
1359,31.26001025883761
1360,31.264877451775305
1361,31.269746682036725
1362,31.274617949621813
1363,31.279491254530683
1364,31.284366596763164
1365,31.28924397631954
1366,31.294123393199413
1367,31.29900484740307
1368,31.303888338930392
1369,31.30877386778144
1370,31.313661433956213
1371,31.318551037454654
1372,31.323442678276706
1373,31.328336356422597
1374,31.333232071892212
1375,31.33812982468544
1376,31.343029614802447
1377,31.347931442243123
1378,31.352835307007467
1379,31.35774120909548
1380,31.362649148507273
1381,31.367559125242792
1382,31.37247113930198
1383,31.37738519068489
1384,31.38230127939147
1385,31.387219405421774
1386,31.39213956877569
1387,31.397061769453444
1388,31.40198600745481
1389,31.4069122827799
1390,31.411840595428714
1391,31.416770945401254
1392,31.42170333269746
1393,31.426637757317337
1394,31.431574219260938
1395,31.436512718528263
1396,31.441453255119256
1397,31.446395829033975
1398,31.451340440272418
1399,31.45628708883453
1400,31.461235774720365
1401,31.466186497929982
1402,31.47113925846321
1403,31.476094056320107
1404,31.48105089150073
1405,31.486009764005075
1406,31.490970673833147
1407,31.495933620984886
1408,31.50089860546035
1409,31.50586562725954
1410,31.51083468638234
1411,31.515805782828863
1412,31.52077891659917
1413,31.525754087693144
1414,31.530731296110787
1415,31.535710541852154
1416,31.54069182491719
1417,31.545675145306063
1418,31.55066050301849
1419,31.5556478980547
1420,31.56063733041458
1421,31.56562880009818
1422,31.570622307105396
1423,31.57561785143639
1424,31.58061543309111
1425,31.585615052069556
1426,31.590616708371613
1427,31.59562040199745
1428,31.600626132946957
1429,31.60563390122013
1430,31.61064370681703
1431,31.615655549737653
1432,31.620669429981945
1433,31.62568534754996
1434,31.63070330244176
1435,31.63572329465717
1436,31.640745324196246
1437,31.645769391059048
1438,31.650795495245575
1439,31.655823636755827
1440,31.660853815589803
1441,31.66588603174739
1442,31.670920285228817
1443,31.675956576033855
1444,31.680994904162617
1445,31.686035269615104
1446,31.691077672391202
1447,31.696122112491025
1448,31.70116858991463
1449,31.706217104661846
1450,31.711267656732844
1451,31.716320246127566
1452,31.7213748728459
1453,31.726431536887958
1454,31.73149023825374
1455,31.736550976943192
1456,31.74161375295637
1457,31.74667856629327
1458,31.75174541695384
1459,31.756814304938132
1460,31.76188523024615
1461,31.766958192877837
1462,31.77203319283325
1463,31.777110230112328
1464,31.782189304715075
1465,31.787270416641604
1466,31.7923535658918
1467,31.797438752465723
1468,31.80252597636337
1469,31.807615237584685
1470,31.812706536129724
1471,31.81779987199843
1472,31.822895245190807
1473,31.827992655706964
1474,31.83309210354679
1475,31.83819358871034
1476,31.843297111197558
1477,31.8484026710085
1478,31.853510268143225
1479,31.85861990260156
1480,31.863731574383507
1481,31.868845283489293
1482,31.873961029918746
1483,31.879078813671867
1484,31.884198634748714
1485,31.88932049314934
1486,31.894444388873637
1487,31.899570321921544
1488,31.904698292293233
1489,31.909828299988533
1490,31.91496034500767
1491,31.92005725705127
1492,31.92513054973398
1493,31.93020519006808
1494,31.935281178053515
1495,31.9403585136904
1496,31.945437196978673
1497,31.950517227918283
1498,31.95559860650934
1499,31.960681332751676
1500,31.965765406645403
1501,31.97085082819052
1502,31.975937597387144
1503,31.98102571423499
1504,31.986115178734224
1505,31.991205990884907
1506,31.996298150686926
1507,32.00139165814028
1508,32.006486513245136
1509,32.01158271600127
1510,32.016680266408855
1511,32.021779164467716
1512,32.026879410178026
1513,32.03198100353967
1514,32.03708394455276
1515,32.04218823321719
1516,32.04729386953301
1517,32.0524008535001
1518,32.057509185118704
1519,32.06261886438864
1520,32.067729891309966
1521,32.072842265882684
1522,32.077955988106794
1523,32.08307105798224
1524,32.08818747550902
1525,32.09330524068724
1526,32.09842435351686
1527,32.10354481399787
1528,32.108666622130215
1529,32.11378977791395
1530,32.11891428134902
1531,32.124040132435425
1532,32.129167331173335
1533,32.13429587756258
1534,32.13942577160316
1535,32.144557013295184
1536,32.14968960263849
1537,32.15482353963324
1538,32.1599588242795
1539,32.16509545657698
1540,32.17023343652585
1541,32.17537276412611
1542,32.180513439377705
1543,32.18565546228075
1544,32.190798832835185
1545,32.195943551040955
1546,32.20108961689806
1547,32.206237030406555
1548,32.2113857915665
1549,32.216535900377835
1550,32.22168735684045
1551,32.226840160954566
1552,32.231994312719905
1553,32.23714981213675
1554,32.24230665920487
1555,32.2474648539245
1556,32.25262439629546
1557,32.2577852863177
1558,32.26294752399144
1559,32.26811110931652
1560,32.27327604229288
1561,32.278442322920796
1562,32.283609951199935
1563,32.28877892713058
1564,32.2939492507125
1565,32.299120921945814
1566,32.30429394083052
1567,32.30946830736667
1568,32.31464402155416
1569,32.31982108339298
1570,32.324999492883194
1571,32.3301792500248
1572,32.335360354817794
1573,32.34054280726224
1574,32.34572660735796
1575,32.350911755105074
1576,32.35609825050358
1577,32.36128609355342
1578,32.36647528425459
1579,32.37166582260727
1580,32.37685770861134
1581,32.382050942266744
1582,32.38724552357348
1583,32.392441452531614
1584,32.397638729141136
1585,32.40283735340205
1586,32.4080373253143
1587,32.413238644877936
1588,32.41844131209302
1589,32.42364532695939
1590,32.4288506894772
1591,32.434057399646406
1592,32.439265457466945
1593,32.444474862938876
1594,32.44968561606214
1595,32.454897716836854
1596,32.460111165262845
1597,32.4653259613404
1598,32.47054210506917
1599,32.475759596449336
1600,32.48097843548095
1601,32.48619862216384
1602,32.49142015649818
1603,32.49664303848391
1604,32.50186726812103
1605,32.50709284540949
1606,32.51231977034928
1607,32.51754804294052
1608,32.52277766318315
1609,32.528008631077114
1610,32.53324094662247
1611,32.53847460981922
1612,32.5437096206673
1613,32.548945979166774
1614,32.55418368531764
1615,32.55942273911995
1616,32.5646631405736
1617,32.56990488967858
1618,32.5751479864349
1619,32.580392430842664
1620,32.585638222901764
1621,32.59088536261237
1622,32.59613384997425
1623,32.601383684987525
1624,32.60663486765213
1625,32.61188739796813
1626,32.61714127593552
1627,32.62239650155436
1628,32.62765307482459
1629,32.6329109957461
1630,32.638170264319
1631,32.64343088054329
1632,32.64869284441892
1633,32.65395615594605
1634,32.65922081512451
1635,32.664486821954256
1636,32.66975417643545
1637,32.67502287856803
1638,32.680292928351946
1639,32.68556432578731
1640,32.69083707087401
1641,32.6961111636121
1642,32.70138660400147
1643,32.706663392042344
1644,32.71194152773455
1645,32.71722101107821
1646,32.72250184207314
1647,32.727784020719525
1648,32.733067547017185
1649,32.738352420966294
1650,32.74363864256679
1651,32.748926211818684
1652,32.75421512872191
1653,32.75950539327653
1654,32.76479700548248
1655,32.77008996533988
1656,32.77538427284867
1657,32.780679928008794
1658,32.785976930820254
1659,32.79127528128316
1660,32.796574979397406
1661,32.80187602516304
1662,32.80717841858012
1663,32.81248215964854
1664,32.81778724836829
1665,32.823093684739376
1666,32.82840146876191
1667,32.833710600435836
1668,32.83902107976115
1669,32.844332906737804
1670,32.849646081365904
1671,32.8549224951214
1672,32.86017395223712
1673,32.865426049923656
1674,32.87067878818118
1675,32.875932167009466
1676,32.88118618640863
1677,32.88644084637866
1678,32.891696146919514
1679,32.896952088031355
1680,32.9022086697139
1681,32.90746589196749
1682,32.912723754791784
1683,32.91798225818701
1684,32.92324140215305
1685,32.928501186690085
1686,32.93376161179788
1687,32.939022677476544
1688,32.94428438372614
1689,32.9495467305465
1690,32.95480971793779
1691,32.9600733458999
1692,32.965337614433
1693,32.9706025235368
1694,32.97586807321153
1695,32.98113426345725
1696,32.986401094273674
1697,32.99166856566103
1698,32.996936677619146
1699,33.00220543014831
1700,33.00747482324823
1701,33.01274485691897
1702,33.0180155311607
1703,33.02328684597319
1704,33.02855880135655
1705,33.033831397310735
1706,33.03910463383596
1707,33.04437851093189
1708,33.0496530285987
1709,33.05492818683649
1710,33.0602039856451
1711,33.065480425024475
1712,33.07075750497478
1713,33.07603522549596
1714,33.08131358658801
1715,33.08659258825094
1716,33.09187223048474
1717,33.0971525132893
1718,33.102433436664796
1719,33.10771500061111
1720,33.11299720512841
1721,33.118280050216526
1722,33.12356353587546
1723,33.12884766210527
1724,33.13413242890596
1725,33.13941783627752
1726,33.14470388421989
1727,33.1499905727332
1728,33.15527790181733
1729,33.160565871472386
1730,33.16585448169832
1731,33.171143732494954
1732,33.17643362386258
1733,33.18172415580108
1734,33.18701532831045
1735,33.192307141390586
1736,33.197599595041595
1737,33.20289268926365
1738,33.20818642405641
1739,33.21348079941998
1740,33.21877581535449
1741,33.224071471859986
1742,33.229367768936186
1743,33.23466470658332
1744,33.23996228480138
1745,33.245260503590146
1746,33.25055936294984
1747,33.255858862880416
1748,33.26115900338192
1749,33.26645978445424
1750,33.27176120609738
1751,33.27706326831145
1752,33.28236597109634
1753,33.287669314452046
1754,33.29297329837874
1755,33.29827792287625
1756,33.30358318794458
1757,33.30888909358379
1758,33.31419563979392
1759,33.319502826574876
1760,33.32481065392665
1761,33.33011912184935
1762,33.33542823034293
1763,33.34073797940738
1764,33.34604836904259
1765,33.35135939924885
1766,33.35667107002581
1767,33.361983381373705
1768,33.367296333292416
1769,33.37260992578206
1770,33.37792415884252
1771,33.38323903247385
1772,33.38855454667606
1773,33.393870701449146
1774,33.39918749679305
1775,33.40450493270782
1776,33.40982300919353
1777,33.41514172625
1778,33.4204610838774
1779,33.42578108207567
1780,33.431101720844765
1781,33.43642300018473
1782,33.44174492009557
1783,33.447067480577346
1784,33.452390681629936
1785,33.457714523253344
1786,33.46303900544774
1787,33.4683641282129
1788,33.47368989154887
1789,33.47901629545578
1790,33.48434333993356
1791,33.489671024982215
1792,33.49499935060163
1793,33.50032831679209
1794,33.505657923553315
1795,33.51098817088541
1796,33.516319058788326
1797,33.52165058726217
1798,33.526982756306836
1799,33.532315565922374
1800,33.5376490161089
0,28
1,28
2,28
3,28
4,28.000000000000057
5,28.000000000000227
6,28.000000000000625
7,28.00000000000091
8,28.000000000079922
9,28.000000000219188
10,28.000000000403418
11,28.000000000632497
12,28.000000000906596
13,28.000000001225487
14,28.000000001589285
15,28.00000001102859
16,28.000000029723594
17,28.000000052347787
18,28.000000078900825
19,28.00000010938294
20,28.000000143794125
21,28.000000182134272
22,28.000000224403436
23,28.000000270601674
24,28.000000320728873
25,28.00000037478509
26,28.000000432770378
27,28.00000049468457
28,28.000000560527837
29,28.000000746006094
30,28.00000145694537
31,28.000002252513184
32,28.000003132709367
33,28.000004097533918
34,28.000005146986894
35,28.000006281068295
36,28.000007499778008
37,28.000008803116202
38,28.000010191082765
39,28.000011663677697
40,28.000013220900996
41,28.00001486275272
42,28.000016589232928
43,28.00001840034139
44,28.000020296078333
45,28.0000222764437
46,28.000024341437438
47,28.000026491059486
48,28.000028725310017
49,28.000031044188916
50,28.00003344769624
51,28.00003593583199
52,28.00003850859605
53,28.00004116598859
54,28.000043908009502
55,28.000046734658838
56,28.00004964593643
57,28.000052641842558
58,28.000059181809263
59,28.00007148887306
60,28.000084478212216
61,28.00009814982701
62,28.000112503717162
63,28.000127539882897
64,28.000143258324158
65,28.00015965904089
66,28.000176742033204
67,28.000194507300932
68,28.00021295484413
69,28.000232084662912
70,28.00025189675722
71,28.00027239112694
72,28.000293567772246
73,28.000315426692964
74,28.000337967889266
75,28.000361191361037
76,28.000385097108335
77,28.000409685131103
78,28.000434955429455
79,28.000460908003163
80,28.000487542852397
81,28.000514859977272
82,28.00054285937756
83,28.000571541053375
84,28.000600905004717
85,28.000630951231415
86,28.00066167973381
87,28.000693090511618
88,28.000725183564953
89,28.000757958893757
90,28.000791416498032
91,28.00082555637789
92,28.00086037853322
93,28.00089588296413
94,28.000932069670455
95,28.000968938652306
96,28.001006489909685
97,28.001044723442476
98,28.00108363925085
99,28.001123237334696
100,28.001163517694124
101,28.001204480328965
102,28.001246125239277
103,28.00128845242523
104,28.001331461886537
105,28.001375153623428
106,28.00141952763579
107,28.001464583923678
108,28.001510322487093
109,28.001556743325978
110,28.00160384644039
111,28.00165163183027
112,28.00170009949568
113,28.001749249436557
114,28.001799081652962
115,28.001849596144893
116,28.001940590886306
117,28.002043964826612
118,28.002149732031228
119,28.00225789250004
120,28.002368446233106
121,28.002481393230312
122,28.002596733491885
123,28.00271446701771
124,28.002834593807734
125,28.002957113862067
126,28.003082027180596
127,28.003209333763436
128,28.00333903361053
129,28.00347112672182
130,28.003605613097363
131,28.003742492737103
132,28.003881765641154
133,28.004023431809514
134,28.00416749124207
135,28.004313943938826
136,28.004462789899947
137,28.004614029125264
138,28.004767661614835
139,28.00492368736866
140,28.00508210638668
141,28.005242918668955
142,28.005406124215597
143,28.005571723026378
144,28.00573971510147
145,28.0059101004407
146,28.0060828790443
147,28.006258050912095
148,28.0064356160442
149,28.006615574440502
150,28.006797926101
151,28.006982671025867
152,28.00716980921493
153,28.007359340668245
154,28.007551265385814
155,28.007745583367637
156,28.007942294613713
157,28.008141399123986
158,28.00834289689857
159,28.008546787937405
160,28.008753072240438
161,28.00896174980778
162,28.00917282063932
163,28.00938628473517
164,28.00960214209522
165,28.00982039271952
166,28.01004103660813
167,28.010264073760936
168,28.010489504178054
169,28.01071732785931
170,28.01094754480488
171,28.011180155014756
172,28.011415158488774
173,28.01165255522716
174,28.011892345229626
175,28.012134528496517
176,28.012379105027605
177,28.012626074822947
178,28.012875437882542
179,28.013127194206277
180,28.01338134379438
181,28.013637886646677
182,28.013896822763286
183,28.01415815214409
184,28.01442187478915
185,28.01468799069852
186,28.014956499872085
187,28.01522740230996
188,28.015500698012033
189,28.015776386978303
190,28.016054469208882
191,28.016334944703715
192,28.0166178134628
193,28.016903075486027
194,28.017190730773677
195,28.017480779325524
196,28.017773221141624
197,28.018068056221978
198,28.018365284566528
199,28.01866490617533
200,28.01896692104839
201,28.019271329185756
202,28.019578130587377
203,28.01988732525308
204,28.020198913183208
205,28.02051289437759
206,28.020829268836167
207,28.021148036559055
208,28.021469197546082
209,28.02179275179742
210,28.022118699312955
211,28.022447040092857
212,28.022777774136955
213,28.02311090144525
214,28.0234464220178
215,28.023784335854657
216,28.02412464295577
217,28.024467343321135
218,28.02481243695064
219,28.025159923844456
220,28.02550980400264
221,28.02586207742496
222,28.026216744111593
223,28.026573804062366
224,28.02693325727745
225,28.027295103756842
226,28.02765934350043
227,28.028025976508218
228,28.028395002780314
229,28.028766422316664
230,28.029140235117268
231,28.02957929710277
232,28.03006465954593
233,28.030554234146393
234,28.031048020904507
235,28.03154601982004
236,28.03204823089311
237,28.0325546541236
238,28.033065289511626
239,28.033580137057186
240,28.034099196760167
241,28.034622468620682
242,28.035149952638676
243,28.035681648814204
244,28.03621755714721
245,28.036757677637638
246,28.0373020102856
247,28.037850555091097
248,28.03840331205413
249,28.038960281174525
250,28.039521462452456
251,28.040086855887978
252,28.040656461480864
253,28.04123027923123
254,28.041808309139185
255,28.04239055120462
256,28.04297700542753
257,28.04356767180792
258,28.044162550345845
259,28.044761641041248
260,28.045364943894185
261,28.045972458904487
262,28.046584186072437
263,28.047200125397808
264,28.047820276880657
265,28.048444640520984
266,28.049073216318845
267,28.049706004274128
268,28.050343004387003
269,28.050984216657355
270,28.05162964108513
271,28.052279277670493
272,28.05293312641328
273,28.0535911873136
274,28.0542534603714
275,28.054919945586676
276,28.055590642959487
277,28.05626555248972
278,28.056944674177487
279,28.05762800802279
280,28.05831555402557
281,28.05900731218577
282,28.059703282503506
283,28.060403464978776
284,28.061107859611525
285,28.061816466401694
286,28.062529285349456
287,28.063246316454638
288,28.063967559717412
289,28.06469301513755
290,28.06542268271528
291,28.066156562450544
292,28.06689465434323
293,28.06763695839328
294,28.068383474600978
295,28.069134202966154
296,28.069889143488865
297,28.07064829616894
298,28.071411661006607
299,28.07217923800181
300,28.07295102715443
301,28.073727028464532
302,28.074507241932167
303,28.07529166755728
304,28.07608030533987
305,28.07687315527994
306,28.077670217377488
307,28.078471491632683
308,28.079276978045243
309,28.080086676615224
310,28.080900587342853
311,28.081718710227904
312,28.08254104527049
313,28.083367592470495
314,28.084198351828093
315,28.08503332334311
316,28.085872507015722
317,28.08671590284564
318,28.08756351083315
319,28.088415330978194
320,28.089271363280716
321,28.090131607740716
322,28.090996064358194
323,28.09186473313315
324,28.092737614065697
325,28.093614707155666
326,28.094496012403113
327,28.095381529808037
328,28.096271259370496
329,28.09716520109049
330,28.098063354967906
331,28.098965721002855
332,28.099872299195226
333,28.10078308954519
334,28.101698092052573
335,28.10261730671749
336,28.103540733539944
337,28.10446837251982
338,28.10540022365717
339,28.106336286952057
340,28.10727656240448
341,28.10822105001438
342,28.109169749781643
343,28.110122661706555
344,28.11107978578889
345,28.112041122028756
346,28.113006670426103
347,28.113976430980927
348,28.114950403693285
349,28.115928588563065
350,28.116910985590323
351,28.117897594775172
352,28.1188884161175
353,28.119883449617305
354,28.12088269527453
355,28.12188615308935
356,28.122893823061645
357,28.12390570519142
358,28.124921799478614
359,28.1259421059234
360,28.126966624525664
361,28.127995355285407
362,28.12902829820257
363,28.130065453277382
364,28.131106820509615
365,28.132152399899326
366,28.133202191446514
367,28.134256195151238
368,28.13531441101344
369,28.13637683903312
370,28.137443479210276
371,28.138514331544968
372,28.139589396037195
373,28.140668672686843
374,28.14175216149397
375,28.14283986245863
376,28.143931775580825
377,28.145027900860498
378,28.146128238297536
379,28.147232787892165
380,28.14834154964427
381,28.14945452355397
382,28.150571709621033
383,28.15169310784563
384,28.152818718227707
385,28.153948540767317
386,28.155082575464405
387,28.15622082231903
388,28.157363281331072
389,28.15850995250065
390,28.15966083582765
391,28.160815931312186
392,28.161975238954255
393,28.16313875875386
394,28.16430649071077
395,28.16547843482533
396,28.16665459109737
397,28.167834959526942
398,28.16901954011388
399,28.170208332858408
400,28.171401337760415
401,28.1725985548199
402,28.17379998403686
403,28.175005625411302
404,28.176215478943334
405,28.177429544632844
406,28.17864782247966
407,28.179870312484184
408,28.181097014646127
409,28.182327928965606
410,28.183563055442505
411,28.184845865426098
412,28.186162893532128
413,28.187484940380102
414,28.188812005970078
415,28.190144090301942
416,28.191481193375864
417,28.192823315191788
418,28.194170455749656
419,28.195522615049526
420,28.196879793091284
421,28.198241989875044
422,28.19960920540086
423,28.20098143966851
424,28.202358692678217
425,28.203740964429926
426,28.205128254923522
427,28.20652056415912
428,28.207917892136777
429,28.20932023885632
430,28.210727604317867
431,28.212139988521415
432,28.21355739146685
433,28.214979813154287
434,28.21640725358378
435,28.217839712755108
436,28.219277190668492
437,28.220719687323935
438,28.22216720272121
439,28.223619736860485
440,28.22507728974182
441,28.22653986136504
442,28.228007451730264
443,28.229480060837545
444,28.230957688686658
445,28.23244033527783
446,28.233928000610945
447,28.235420684686005
448,28.236918387503067
449,28.23842110906213
450,28.239928849363082
451,28.24144160840609
452,28.242959386191103
453,28.244482182717945
454,28.246009997986903
455,28.247542831997748
456,28.249080684750652
457,28.2506235562455
458,28.252171446482237
459,28.25372435546103
460,28.25528228318177
461,28.256845229644455
462,28.258413194849197
463,28.259986178795884
464,28.26156418148446
465,28.26314720291515
466,28.264735243087728
467,28.26632830200225
468,28.26792637965883
469,28.269529476057357
470,28.27113759119777
471,28.2727507250803
472,28.274368877704717
473,28.27599204907108
474,28.277620239179498
475,28.279253448029863
476,28.280891675622115
477,28.282534921956426
478,28.284183187032795
479,28.28583647085094
480,28.287494773411254
481,28.289158094713457
482,28.290826434757548
483,28.292499793543698
484,28.294178171071735
485,28.295861567341888
486,28.297549982353985
487,28.29924341610797
488,28.300941868604014
489,28.302645339842
490,28.304353829821878
491,28.30606733854387
492,28.307785866007805
493,28.30950941221363
494,28.31123797716151
495,28.312971560851338
496,28.31471016328311
497,28.316453784456883
498,28.318202424372657
499,28.319956083030377
500,28.321714760430098
501,28.323478456571763
502,28.325247171455317
503,28.32702090508093
504,28.3287996574486
505,28.330583428558157
506,28.33237221840966
507,28.334166027003164
508,28.33596485433867
509,28.33776870041612
510,28.339577565235516
511,28.341391448796912
512,28.34321035110031
513,28.345034272145597
514,28.346863211932998
515,28.34869717046223
516,28.35053614773352
517,28.352380143746757
518,28.354229158501994
519,28.35608319199912
520,28.357942244238302
521,28.359806315219487
522,28.361675404942616
523,28.36354951340769
524,28.365428640614766
525,28.367312786563787
526,28.36920195125481
527,28.371096134687775
528,28.372995336862687
529,28.3748995577796
530,28.37680879743857
531,28.378723055839373
532,28.38064233298229
533,28.382566628867096
534,28.384495943493903
535,28.386430276862654
536,28.388369628973464
537,28.390313999826105
538,28.392263389420748
539,28.394217797757506
540,28.396177224836094
541,28.398141670656685
542,28.400111135219333
543,28.40208561852387
544,28.404065120570408
545,28.406049641358834
546,28.40803918088932
547,28.41003373916186
548,28.412033316176235
549,28.414037911932667
550,28.416047526431043
551,28.418062159671308
552,28.420081811653688
553,28.422106482377956
554,28.424136171844225
555,28.426170880052496
556,28.42821060700271
557,28.43025535269487
558,28.43230511712909
559,28.434359900305196
560,28.436419702223304
561,28.438484522883357
562,28.44055436228541
563,28.44262922042941
564,28.444709097315467
565,28.44679399294347
566,28.44888390731336
567,28.450978840425307
568,28.453078792279257
569,28.455183762875038
570,28.457293752212934
571,28.459408760292774
572,28.461528787114503
573,28.46365383267829
574,28.465783896983964
575,28.467918980031754
576,28.470059081821432
577,28.472204202353055
578,28.47435434162668
579,28.476509499642304
580,28.478669676399875
581,28.480834871899447
582,28.483005086140963
583,28.48518031912448
584,28.487360570849944
585,28.48954584131741
586,28.491736130526817
587,28.493931438478228
588,28.49613176517164
589,28.49833711060694
590,28.500547474784298
591,28.502767875597158
592,28.504996758737775
593,28.50723075372423
594,28.509469860556578
595,28.511714079234935
596,28.513963409759242
597,28.5162178521295
598,28.518477406345596
599,28.520742072407756
600,28.523011850315868
601,28.525286740069873
602,28.527566741669773
603,28.52985185511568
604,28.532142080407482
605,28.53443741754529
606,28.536737866528995
607,28.539043427358592
608,28.541354100034255
609,28.54366988455581
610,28.54599078092332
611,28.54831678913672
612,28.550647909196016
613,28.55298414110132
614,28.555325484852574
615,28.55767194044978
616,28.560023507892936
617,28.562380187181986
618,28.564741978317045
619,28.567108881297997
620,28.5694808961249
621,28.571858022797755
622,28.574240261316447
623,28.576627611681204
624,28.579020073891854
625,28.58141764794857
626,28.583820333851122
627,28.586228131599626
628,28.588641041194023
629,28.591059062634372
630,28.59348219592073
631,28.59591044105298
632,28.59834379803118
633,28.60078226685539
634,28.603225847525437
635,28.60567454004149
636,28.60812834440344
637,28.61058726061134
638,28.613051288665247
639,28.61552042856505
640,28.617994680310744
641,28.620474043902448
642,28.622958519340102
643,28.62544810662365
644,28.62794280575315
645,28.6304426167286
646,28.632947539550003
647,28.635457574217355
648,28.63797272073066
649,28.640492979089856
650,28.643018349295005
651,28.64554883134616
652,28.648084425243212
653,28.650625130986157
654,28.65317094857511
655,28.655721878009956
656,28.65827791929081
657,28.66083907241756
658,28.663405337390316
659,28.665976714208966
660,28.668553202873568
661,28.671134803384007
662,28.673721515740453
663,28.676313339942908
664,28.678910275991257
665,28.681512323885556
666,28.68411948362575
667,28.68673175521201
668,28.689349138644104
669,28.691971633922208
670,28.694599241046205
671,28.697231960016154
672,28.699869790832054
673,28.702512733493847
674,28.70516078800165
675,28.7078139543554
676,28.71047223255505
677,28.713135622600646
678,28.715804124492195
679,28.718477738229637
680,28.72115646381303
681,28.723840301242376
682,28.72652925051773
683,28.729223311639032
684,28.73192248460623
685,28.73462676941932
686,28.73733616607842
687,28.740050674583415
688,28.742770294934417
689,28.745495027131312
690,28.74822487117416
691,28.7509598270629
692,28.753699894797705
693,28.756445074378405
694,28.759195365805
695,28.761950769077544
696,28.76471128419604
697,28.767476911160486
698,28.770247649970827
699,28.773023500627176
700,28.775804463129475
701,28.778590537477726
702,28.78138172367187
703,28.784178021712023
704,28.786979431598013
705,28.78978595333001
706,28.792597586907902
707,28.795414332331802
708,28.798236189601653
709,28.801063158717398
710,28.803895239679036
711,28.806732432486683
712,28.809574737140224
713,28.812422153639773
714,28.815274681985215
715,28.81813232217661
716,28.820995074213954
717,28.82386293809725
718,28.826735913826496
719,28.829614001401637
720,28.83249720082273
721,28.835385512089772
722,28.838278935202823
723,28.841177470161767
724,28.844081116966606
725,28.84698987561751
726,28.84990374611425
727,28.852822728456943
728,28.855746822645585
729,28.85867602868018
730,28.861610346560667
731,28.864549776287163
732,28.86749431785961
733,28.870443971278007
734,28.8733987365423
735,28.876358613652542
736,28.879323602608736
737,28.882293703410824
738,28.88526891605892
739,28.88824924055291
740,28.89123467689285
741,28.8942252250788
742,28.89722088511064
743,28.900221656988435
744,28.903227540712123
745,28.906238536281762
746,28.909254643697352
747,28.912275862958893
748,28.91530219406644
749,28.918333637019884
750,28.92137019181928
751,28.924411858464623
752,28.927458636955862
753,28.930510527293052
754,28.933567529476136
755,28.936629643505285
756,28.93969686938027
757,28.942769207101264
758,28.94584665666821
759,28.948929218081048
760,28.952016891339895
761,28.955109676444636
762,28.95820757339527
763,28.961310582191857
764,28.96441870283445
765,28.96753193532294
766,28.970650279657434
767,28.973773735837824
768,28.976902303864165
769,28.9800359837364
770,28.983174775454586
771,28.98628776701912
772,28.989384533516954
773,28.992485838307346
774,28.995591681390295
775,28.998702062765858
776,29.001816982433866
777,29.004936440394545
778,29.008060436647725
779,29.01118897119352
780,29.01432204403187
781,29.017459655162725
782,29.02060180458625
783,29.023748492302275
784,29.026899718310915
785,29.030055482612056
786,29.033215785205698
787,29.03638062609201
788,29.039550005270826
789,29.04272392274231
790,29.045902378506298
791,29.049085372562786
792,29.052272904911945
793,29.055464975553605
794,29.05866158448788
795,29.061862731714655
796,29.065068417234045
797,29.068278641045936
798,29.071493403150328
799,29.074712703547448
800,29.07793654223707
801,29.081164919219248
802,29.084397834493984
803,29.08763528806128
804,29.090877279921187
805,29.094123810073654
806,29.09737487851862
807,29.100630485256147
808,29.103890630286287
809,29.107155313608985
810,29.110424535224183
811,29.113698295132053
812,29.11697659333248
813,29.120259429825353
814,29.123546804610896
815,29.126838717688997
816,29.130135169059656
817,29.13343615872276
818,29.136741686678533
819,29.140051752926865
820,29.143366357467755
821,29.146685500301203
822,29.150009181427208
823,29.15333740084577
824,29.156670158557006
825,29.160007454560684
826,29.16334928885692
827,29.166695661445715
828,29.17004657232718
829,29.17340202150109
830,29.17676200896767
831,29.180126534726753
832,29.183495598778393
833,29.18686920112259
834,29.190247341759402
835,29.193630020688772
836,29.197017237910643
837,29.20040899342507
838,29.20380528723217
839,29.207206119331772
840,29.21061148972393
841,29.214021398408647
842,29.217435845385978
843,29.22085483065581
844,29.224278354218256
845,29.227706416073204
846,29.231139016220766
847,29.23457615466083
848,29.238017831393563
849,29.24146404641874
850,29.244914799736534
851,29.248370091346942
852,29.25182992124985
853,29.255294289445374
854,29.258763195933398
855,29.262236640714093
856,29.265714623787233
857,29.269197145152987
858,29.2726842048113
859,29.27617580276211
860,29.27967193900554
861,29.28317261354158
862,29.28667782637018
863,29.29018757749128
864,29.293701866904996
865,29.29722069461127
866,29.3007440606101
867,29.30427196490149
868,29.307804407485378
869,29.31134138836194
870,29.314882907531
871,29.31842896499262
872,29.321979560746854
873,29.32553469479359
874,29.329094367132996
875,29.332658577764846
876,29.336227326689254
877,29.339800613906334
878,29.343378439415915
879,29.346960803217996
880,29.35054770531275
881,29.35413914570006
882,29.357735124379815
883,29.36133564135224
884,29.364940696617225
885,29.368550290174767
886,29.372164422024866
887,29.375783092167524
888,29.37940630060274
889,29.38303404733051
890,29.3866663323509
891,29.390303155663787
892,29.39394451726929
893,29.397590417167294
894,29.40124085535797
895,29.40489583184109
896,29.40855534661688
897,29.41221939968517
898,29.415887991045906
899,29.41956112069937
900,29.423238788645392
901,29.426920994883915
902,29.430607739415052
903,29.434299022238747
904,29.437994843355
905,29.441695202763754
906,29.44540010046518
907,29.449109536459105
908,29.45282351074553
909,29.45654202332463
910,29.46026507419623
911,29.463992663360443
912,29.467724790817158
913,29.471461456566544
914,29.47520266060843
915,29.478948402942876
916,29.48269868356988
917,29.48645350248944
918,29.490212859701558
919,29.493976755206234
920,29.497745189003467
921,29.501518161093372
922,29.50529567147578
923,29.509077720150685
924,29.512864307118207
925,29.516655432378343
926,29.52045109593098
927,29.524251297776175
928,29.528056037913927
929,29.531865316344238
930,29.535679133067163
931,29.53949748808259
932,29.54332038139063
933,29.547147812991227
934,29.550979782884383
935,29.554816291070154
936,29.558657337548425
937,29.562502922319254
938,29.566353045382698
939,29.570207706738586
940,29.574066906387145
941,29.577930644328262
942,29.58179892056188
943,29.58567173508817
944,29.589549087906903
945,29.593430979018308
946,29.59731740842227
947,29.601208376118677
948,29.605103882107755
949,29.609003926389335
950,29.612908508963528
951,29.616772372325784
952,29.620609535127585
953,29.6244503964964
954,29.62829495643234
955,29.632143214935297
956,29.635995172005323
957,29.639850827642363
958,29.64371018184653
959,29.647573234617653
960,29.65143998595596
961,29.655310435861168
962,29.65918458433356
963,29.663062431372964
964,29.66694397697944
965,29.670829221152985
966,29.6747181638936
967,29.67861080520123
968,29.68250714507593
969,29.6864071835177
970,29.690310920526485
971,29.69421835610234
972,29.698129490245265
973,29.70204432295526
974,29.70596285423227
975,29.70988508407646
976,29.713811012487668
977,29.717740639465887
978,29.72167396501112
979,29.72561098912348
980,29.729551711802856
981,29.7334961330493
982,29.737444252862815
983,29.741396071243344
984,29.745351588191
985,29.74931080370567
986,29.753273717787522
987,29.757240330436275
988,29.7612106416521
989,29.76518465143505
990,29.769162359785014
991,29.773143766701992
992,29.777128872186154
993,29.781117676237272
994,29.78511017885546
995,29.78910638004072
996,29.79310627979305
997,29.79710987811245
998,29.80111717499892
999,29.805128170452406
1000,29.809142864472904
1001,29.813161257060585
1002,29.817183348215167
1003,29.821209137936933
1004,29.825238626225655
1005,29.829271813081505
1006,29.833308698504425
1007,29.837349282494415
1008,29.84139356505142
1009,29.84544154617555
1010,29.849493225866638
1011,29.853548604124853
1012,29.857607680950025
1013,29.861670456342324
1014,29.865736930301694
1015,29.869807102828133
1016,29.873880973921587
1017,29.87795854358211
1018,29.88203981180982
1019,29.886124778604426
1020,29.89021344396616
1021,29.894305807894852
1022,29.89840187039067
1023,29.90250163145356
1024,29.906605091083463
1025,29.910712249280436
1026,29.914823106044537
1027,29.91893766137565
1028,29.923055915273835
1029,29.92717786773909
1030,29.931303518771358
1031,29.935432868370697
1032,29.939565916537106
1033,29.943702663270585
1034,29.947843108571078
1035,29.95198725243864
1036,29.956135094873275
1037,29.96028663587498
1038,29.96444187544364
1039,29.968600813579542
1040,29.9727634502824
1041,29.97692978555233
1042,29.98109981938927
1043,29.98527355179334
1044,29.989450982764424
1045,29.993632112302578
1046,29.997816940407745
1047,30.00200546708004
1048,30.006197692319347
1049,30.010393616125725
1050,30.01459323849923
1051,30.018796559439693
1052,30.023003578947282
1053,30.027214297021885
1054,30.03142871366356
1055,30.035646828872245
1056,30.03986864264806
1057,30.044094154990887
1058,30.048323365900785
1059,30.052556275377754
1060,30.056792883421792
1061,30.0610331900329
1062,30.06527719521108
1063,30.069524898956217
1064,30.07377630126848
1065,30.078031402147758
1066,30.082290201594162
1067,30.086552699607523
1068,30.09081889618801
1069,30.09508879133557
1070,30.099362385050142
1071,30.1036396773319
1072,30.10792066818061
1073,30.112205357596338
1074,30.116493745579135
1075,30.120785832129002
1076,30.125081617245996
1077,30.129381100930004
1078,30.133684283181026
1079,30.137991163999175
1080,30.142301743384337
1081,30.146616021336513
1082,30.150933997855873
1083,30.155255672942246
1084,30.159581046595633
1085,30.163910118816148
1086,30.16824288960362
1087,30.17257935895816
1088,30.17691952687983
1089,30.18126339336851
1090,30.18561095842432
1091,30.18996222204703
1092,30.19431718423698
1093,30.198675844993943
1094,30.20303820431792
1095,30.20740426220891
1096,30.21177401866703
1097,30.216147473692217
1098,30.220524627284362
1099,30.224905479443635
1100,30.229290030169977
1101,30.233678279463334
1102,30.238070227323817
1103,30.24246587375137
1104,30.246865218745995
1105,30.25126826230752
1106,30.255675004436227
1107,30.26008544513195
1108,30.26449958439474
1109,30.268917422224604
1110,30.27333895862148
1111,30.277764193585426
1112,30.2821931271165
1113,30.28662575921453
1114,30.291062089879745
1115,30.295502119111973
1116,30.299945846911157
1117,30.304393273277526
1118,30.30884439821091
1119,30.313299221711304
1120,30.31775774377877
1121,30.322219964413307
1122,30.326685883614914
1123,30.33115550138359
1124,30.33562881771934
1125,30.3401058326221
1126,30.344586546091932
1127,30.349070958128834
1128,30.35355906873275
1129,30.358050877903793
1130,30.362546385641792
1131,30.366998978209097
1132,30.371423094354498
1133,30.37585004417724
1134,30.38027982767761
1135,30.384712444855268
1136,30.38914789571055
1137,30.39358618024312
1138,30.398027298453258
1139,30.402471250340795
1140,30.406918035905903
1141,30.41136765514841
1142,30.41582010806843
1143,30.420275394665907
1144,30.424733514940783
1145,30.42919446889323
1146,30.433658256523017
1147,30.43812487783032
1148,30.442594332815133
1149,30.447066621477404
1150,30.451541743817018
1151,30.456019699834258
1152,30.46050048952884
1153,30.464984112900936
1154,30.469470569950545
1155,30.473959860677553
1156,30.478451985082017
1157,30.482946943163995
1158,30.48744473492343
1159,30.49194536036032
1160,30.496448819474665
1161,30.500955112266524
1162,30.505464238735726
1163,30.509976198882498
1164,30.514490992706783
1165,30.519008620208467
1166,30.523529081387608
1167,30.528052376244148
1168,30.532578504778314
1169,30.537107466989823
1170,30.54163926287879
1171,30.54617389244521
1172,30.55071135568926
1173,30.555251652610593
1174,30.55979478320944
1175,30.564340747485744
1176,30.568889545439617
1177,30.573441177070833
1178,30.577995642379562
1179,30.582552941365748
1180,30.587113074029446
1181,30.591676040370544
1182,30.596241840389098
1183,30.600810474085222
1184,30.60538194145869
1185,30.609956242509725
1186,30.614533377238104
1187,30.619113345644053
1188,30.6236961477274
1189,30.62828178348832
1190,30.632870252926523
1191,30.637461556042354
1192,30.642055692835527
1193,30.64665266330627
1194,30.651252467454412
1195,30.655855105280068
1196,30.660460576783123
1197,30.66506888196369
1198,30.669680020821716
1199,30.674293993357196
1200,30.678910799570133
1201,30.683530439460583
1202,30.68815291302849
1203,30.692778220273794
1204,30.69740636119667
1205,30.702037335796888
1206,30.706671144074676
1207,30.711307786029863
1208,30.715947261662564
1209,30.720589570972663
1210,30.725234713960276
1211,30.72988269062529
1212,30.734533500967927
1213,30.73918714498791
1214,30.743843622685347
1215,30.74850293406024
1216,30.753165079112648
1217,30.75783005784251
1218,30.76249787024983
1219,30.767168516334607
1220,30.771841996096896
1221,30.776518309536584
1222,30.781197456653786
1223,30.7858794374485
1224,30.790564251920557
1225,30.795251900070184
1226,30.799942381897154
1227,30.804635697401693
1228,30.809331846583632
1229,30.814030829443084
1230,30.818732645979992
1231,30.823437296194356
1232,30.828144780086177
1233,30.832855097655568
1234,30.837568248902244
1235,30.842284233826547
1236,30.847003052428136
1237,30.85172470470735
1238,30.85644919066391
1239,30.861176510298094
1240,30.865906663609564
1241,30.870639650598605
1242,30.8753754712651
1243,30.880114125609055
1244,30.884855613630464
1245,30.88959993532933
1246,30.894347090705708
1247,30.899097079759485
1248,30.903849902490776
1249,30.908605558899467
1250,30.91336404898567
1251,30.91812537274933
1252,30.922889530190503
1253,30.927656521309075
1254,30.93242634610516
1255,30.937199004578645
1256,30.941974496729642
1257,30.946752822558096
1258,30.951533982064063
1259,30.95631797524743
1260,30.96110480210831
1261,30.965894462646645
1262,30.97068695686238
1263,30.975482284755685
1264,30.980280446326333
1265,30.98508144157455
1266,30.989885270500167
1267,30.994691933103297
1268,30.999501429383827
1269,31.004313759341926
1270,31.009128922977368
1271,31.01394692029038
1272,31.01876775128079
1273,31.023591415948715
1274,31.02841791429404
1275,31.033247246316932
1276,31.03807941201717
1277,31.042914411394918
1278,31.04775224445018
1279,31.052592911182842
1280,31.05743641159296
1281,31.06228274568059
1282,31.067131913445735
1283,31.07198391488822
1284,31.076838750008278
1285,31.081696418805734
1286,31.086556921280703
1287,31.091420257433015
1288,31.09628642726301
1289,31.101155430770234
1290,31.106027267955085
1291,31.110901938817335
1292,31.1157794433571
1293,31.12065978157426
1294,31.125542953468937
1295,31.13042895904107
1296,31.135317798290714
1297,31.140209471217645
1298,31.145103977822203
1299,31.150001318104216
1300,31.154901492063686
1301,31.159804499700613
1302,31.164710341014995
1303,31.169619016006834
1304,31.174530524676072
1305,31.179444867022937
1306,31.184362043047145
1307,31.189282052748865
1308,31.194204896128042
1309,31.19913057318462
1310,31.204059083918708
1311,31.208938585089015
1312,31.213785135299077
1313,31.218633557266855
1314,31.22348385099218
1315,31.22833601647511
1316,31.233190053715646
1317,31.23804596271384
1318,31.242903743469583
1319,31.247763395982986
1320,31.252624920253993
1321,31.257488316282604
1322,31.262353584068762
1323,31.26722072361258
1324,31.27208973491412
1325,31.276960617973145
1326,31.281833372789833
1327,31.286707999364125
1328,31.291584497695965
1329,31.296462867785465
1330,31.301343109632626
1331,31.306225223237334
1332,31.311109208599646
1333,31.31599506571962
1334,31.32088279459714
1335,31.325772395232434
1336,31.33066386762522
1337,31.33555721177561
1338,31.34045242768366
1339,31.345349515349255
1340,31.350248474772457
1341,31.35514930595326
1342,31.360052008891785
1343,31.364956583587798
1344,31.36986303004153
1345,31.374771348252807
1346,31.379681538221803
1347,31.38459359994829
1348,31.389507533432436
1349,31.39442333867413
1350,31.399341015673542
1351,31.4042605644305
1352,31.40918198494512
1353,31.41410527721729
1354,31.419030441247116
1355,31.42395747703449
1356,31.428886384579585
1357,31.43381716388228
1358,31.43874981494247
1359,31.443684337760374
1360,31.448620732335826
1361,31.45355899866894
1362,31.4584991367596
1363,31.46344114660792
1364,31.468385028213845
1365,31.473330781577374
1366,31.478278406698564
1367,31.4832279035773
1368,31.488179272213756
1369,31.493132512607758
1370,31.498087624759364
1371,31.503044608668574
1372,31.50800346433533
1373,31.512964191759806
1374,31.517926790941885
1375,31.52289126188157
1376,31.5278576045788
1377,31.53282581903369
1378,31.537795905246185
1379,31.54276786321634
1380,31.5477416929441
1381,31.552717394429408
1382,31.557694967672376
1383,31.56267441267289
1384,31.567655729431067
1385,31.572638917946904
1386,31.57762397822023
1387,31.582610910251276
1388,31.587599714039925
1389,31.59259038958612
1390,31.597582936889978
1391,31.60257735595144
1392,31.60757364677056
1393,31.61257180934723
1394,31.617571843681503
1395,31.622573749773437
1396,31.627577527622975
1397,31.63258317723006
1398,31.637590698594806
1399,31.642600091717156
1400,31.64761135659711
1401,31.652624493234725
1402,31.657639501629944
1403,31.662656381782767
1404,31.667675133693194
1405,31.672695757361225
1406,31.677718252786804
1407,31.682742619970043
1408,31.687768858910943
1409,31.692796969609446
1410,31.697826952065554
1411,31.70285880627921
1412,31.707892532250526
1413,31.712928129979503
1414,31.717965599466083
1415,31.72300494071021
1416,31.728046153712
1417,31.733089238471337
1418,31.738134194988334
1419,31.743181023262878
1420,31.74822972329514
1421,31.75328029508495
1422,31.75833273863236
1423,31.76338705393738
1424,31.768443241000114
1425,31.773501299820396
1426,31.77856123039828
1427,31.78362303273383
1428,31.788686706826923
1429,31.793752252677564
1430,31.798819670285923
1431,31.80388895965183
1432,31.808960120775396
1433,31.814033153656567
1434,31.819108058295342
1435,31.824184834691835
1436,31.829263482845818
1437,31.83434400275746
1438,31.839426394426653
1439,31.844510657853505
1440,31.849596793038017
1441,31.85468479998002
1442,31.859774678679685
1443,31.86486642913701
1444,31.86996005135188
1445,31.875055545324415
1446,31.88015291105461
1447,31.885252148542293
1448,31.890353257787694
1449,31.895456238790644
1450,31.900561091551253
1451,31.905667816069467
1452,31.91077641234523
1453,31.91588688037865
1454,31.92099922016962
1455,31.92611343171825
1456,31.93122951502454
1457,31.936347470088492
1458,31.941467296909877
1459,31.94658899548898
1460,31.951712565825687
1461,31.95683800792
1462,31.961965321771913
1463,31.96709450738149
1464,31.972225564748612
1465,31.977358493873396
1466,31.98249329475567
1467,31.98762996739572
1468,31.992768511793372
1469,31.997908927948572
1470,32.003051215861376
1471,32.008195375531784
1472,32.01334140695985
1473,32.018489310145526
1474,32.0236390850888
1475,32.02879073178963
1476,32.03394425024811
1477,32.03909964046426
1478,32.04425690243795
1479,32.049416036169305
1480,32.05457704165826
1481,32.059739918904825
1482,32.06490466790899
1483,32.07007128867076
1484,32.07523978119019
1485,32.08041014546711
1486,32.08558238150175
1487,32.090756489293994
1488,32.09593246884384
1489,32.10111032015129
1490,32.106290043216404
1491,32.11143428585552
1492,32.11655461802275
1493,32.12167612890039
1494,32.12679881848857
1495,32.13192268678739
1496,32.137047733796635
1497,32.14217395951647
1498,32.147301363946895
1499,32.15242994708768
1500,32.15755970893912
1501,32.162690649501144
1502,32.16782276877359
1503,32.172956066756626
1504,32.178090543450196
1505,32.1832261988543
1506,32.18836303296894
1507,32.19350104579405
1508,32.19864023732981
1509,32.20378060757605
1510,32.208922156532765
1511,32.21406488420013
1512,32.21920879057791
1513,32.22435387566634
1514,32.229500139465245
1515,32.234647581974684
1516,32.23979620319466
1517,32.24494600312522
1518,32.25009698176626
1519,32.25524913911778
1520,32.260402475179944
1521,32.265556989952586
1522,32.27071268343582
1523,32.27586955562947
1524,32.28102760653377
1525,32.28618683614849
1526,32.291347244473855
1527,32.296508831509755
1528,32.30167159725613
1529,32.30683554171304
1530,32.31200066488054
1531,32.31716696675852
1532,32.32233444734703
1533,32.32750310664619
1534,32.33267294465577
1535,32.33784396137588
1536,32.343016156806584
1537,32.348189530947764
1538,32.35336408379948
1539,32.35853981536178
1540,32.363716725634674
1541,32.36889481461799
1542,32.374074082311836
1543,32.379254528716274
1544,32.384436153831246
1545,32.389618957656694
1546,32.39480294019273
1547,32.399988101439305
1548,32.405174441396355
1549,32.41036196006405
1550,32.41555065744211
1551,32.42074053353082
1552,32.42593158833006
1553,32.43112382183983
1554,32.43631723406014
1555,32.44151182499104
1556,32.44670759463236
1557,32.451904542984266
1558,32.457102670046766
1559,32.462301975819685
1560,32.467502460303194
1561,32.47270412349718
1562,32.47790696540176
1563,32.48311098601687
1564,32.48831618534251
1565,32.49352256337875
1566,32.49873012012546
1567,32.5039388555827
1568,32.50914876975054
1569,32.514359862628794
1570,32.51957213421764
1571,32.524785584517076
1572,32.53000021352699
1573,32.535216021247436
1574,32.540433007678416
1575,32.54565117281999
1576,32.55087051667198
1577,32.55609103923467
1578,32.56131274050773
1579,32.566535620491436
1580,32.57175967918556
1581,32.57698491659039
1582,32.58221133270564
1583,32.58743892753142
1584,32.592667701067796
1585,32.5978976533147
1586,32.60312878427203
1587,32.608361093940005
1588,32.61359458231851
1589,32.6188292494075
1590,32.62406509520707
1591,32.62930211971718
1592,32.63454032293777
1593,32.63977970486894
1594,32.645020265510595
1595,32.65026200486284
1596,32.655504922925616
1597,32.66074901969887
1598,32.66599429518266
1599,32.671240749377034
1600,32.676488382282
1601,32.68173719389739
1602,32.68698718422337
1603,32.69223835325988
1604,32.69749070100687
1605,32.70274422746445
1606,32.70799893263256
1607,32.71325481651121
1608,32.71851187910033
1609,32.72377012040016
1610,32.729029540410295
1611,32.734290139131076
1612,32.739551916562505
1613,32.74481487270424
1614,32.75007900755662
1615,32.755344321119594
1616,32.76061081339304
1617,32.765878484377026
1618,32.77114733407154
1619,32.77641736247659
1620,32.78168856959218
1621,32.78696095541824
1622,32.792234519954945
1623,32.79750926320213
1624,32.802785185159905
1625,32.808062285828214
1626,32.813340565207
1627,32.81862002329626
1628,32.82390066009617
1629,32.829182475606615
1630,32.83446546982748
1631,32.83974964275899
1632,32.84503499440103
1633,32.8503215247535
1634,32.85560923381661
1635,32.86089812159025
1636,32.86618818807432
1637,32.87147943326903
1638,32.87677185717422
1639,32.88206545979
1640,32.88736024111631
1641,32.8926562011531
1642,32.89795333990048
1643,32.90325165735834
1644,32.908551153526844
1645,32.91385182840571
1646,32.91915368199517
1647,32.924456714295275
1648,32.9297609253058
1649,32.935066315026916
1650,32.940372883458565
1651,32.94568063060075
1652,32.95098955645341
1653,32.95629966101666
1654,32.96161094429044
1655,32.96692340627476
1656,32.97223704696955
1657,32.977551866374995
1658,32.982867864490856
1659,32.98818504131731
1660,32.993503396854294
1661,32.99882293110181
1662,33.004143644059866
1663,33.00946553572845
1664,33.01478860610757
1665,33.02011285519717
1666,33.02543828299747
1667,33.030764889508134
1668,33.03609267472939
1669,33.04142163866118
1670,33.0467517813035
1671,33.05204712153778
1672,33.057318804626334
1673,33.0625909988176
1674,33.06786370411163
1675,33.073136920508375
1676,33.07841064800789
1677,33.08368488661006
1678,33.08895963631505
1679,33.0942348971227
1680,33.09951066903318
1681,33.10478695204637
1682,33.11006374616221
1683,33.11534105138088
1684,33.120618867702206
1685,33.12589719512624
1686,33.131176033653105
1687,33.13645538328268
1688,33.14173524401497
1689,33.147015615849966
1690,33.15229649878779
1691,33.15757789282827
1692,33.16285979797152
1693,33.16814221421754
1694,33.17342514156621
1695,33.178708580017656
1696,33.18399252957187
1697,33.189276990228734
1698,33.19456196198837
1699,33.199847444850775
1700,33.20513343881589
1701,33.21041994388378
1702,33.21570696005432
1703,33.22099448732769
1704,33.22628252570371
1705,33.2315710751825
1706,33.236860135764005
1707,33.24214970744828
1708,33.24743979023526
1709,33.252730384125016
1710,33.258021489117425
1711,33.26331310521266
1712,33.26860523241055
1713,33.27389787071115
1714,33.27919102011458
1715,33.284484680620665
1716,33.289778852229574
1717,33.295073534941196
1718,33.30036872875547
1719,33.305664433672575
1720,33.31096064969239
1721,33.316257376814974
1722,33.32155461504016
1723,33.32685236436822
1724,33.33215062479894
1725,33.33744939633243
1726,33.34274867896863
1727,33.348048472707546
1728,33.353348777549286
1729,33.35864959349368
1730,33.363950920540844
1731,33.36925275869072
1732,33.374555107943365
1733,33.37985796829872
1734,33.385161339756735
1735,33.39046522231757
1736,33.39576961598112
1737,33.40107452074744
1738,33.406379936616474
1739,33.41168586358822
1740,33.416992301662674
1741,33.4222992508399
1742,33.427606711119836
1743,33.43291468250254
1744,33.43822316498796
1745,33.443532158576204
1746,33.4488416632671
1747,33.454151679060715
1748,33.459462205957095
1749,33.46477324395619
1750,33.47008479305799
1751,33.475396853262566
1752,33.480709424569966
1753,33.486022506979964
1754,33.49133610049273
1755,33.49665020510821
1756,33.50196482082646
1757,33.507279947647476
1758,33.512595585571205
1759,33.51791173459765
1760,33.52322839472686
1761,33.52854556595872
1762,33.53386324829336
1763,33.53918144173082
1764,33.544500146270934
1765,33.54981936191376
1766,33.55513908865936
1767,33.56045932650767
1768,33.56578007545869
1769,33.57110133551248
1770,33.57642310666904
1771,33.581745388928255
1772,33.58706818229024
1773,33.59239148675499
1774,33.597715302322456
1775,33.60303962899269
1776,33.608364466765636
1777,33.613689815641294
1778,33.61901567561972
1779,33.624342046700804
1780,33.62966892888471
1781,33.634996322171276
1782,33.640324226560665
1783,33.64565264205277
1784,33.65098156864752
1785,33.656311006345106
1786,33.6616409551454
1787,33.66697141504835
1788,33.67230238605413
1789,33.677633868162616
1790,33.68296586137387
1791,33.688298365687785
1792,33.69363138110447
1793,33.69896490762392
1794,33.70429894524608
1795,33.709633493970955
1796,33.714968553798485
1797,33.72030412472884
1798,33.725640206761966
1799,33.7309767998978
1800,33.73631390413635
0,28
1,28.000000000003524
2,28.000000000013642
3,28.000000000050704
4,28.00000000017411
5,28.00000000056781
6,28.000000001159947
7,28.000000001950752
8,28.000000017080424
9,28.00000004327825
10,28.000000077751622
11,28.000000120500715
12,28.0000001715253
13,28.000000230825663
14,28.000000298401517
15,28.00000066751062
16,28.000001344007273
17,28.00000215491167
18,28.000003100223807
19,28.00000417994363
20,28.000005394071138
21,28.000006742606445
22,28.000008225549436
23,28.000009842900113
24,28.00001159465853
25,28.000013480824748
26,28.000015501398536
27,28.000017656380066
28,28.000019945769395
29,28.00002339825585
30,28.000031621857545
31,28.00004069732887
32,28.00005062466971
33,28.00006140388018
34,28.00007303496028
35,28.00008551791001
36,28.000098852729252
37,28.000113039418125
38,28.000128077976512
39,28.000143968404586
40,28.00016071070229
41,28.000178304869507
42,28.000196750906355
43,28.000216048812774
44,28.000236198588823
45,28.0002572002345
46,28.000279053749637
47,28.00030175913446
48,28.00032531638891
49,28.000349725512876
50,28.000374986506472
51,28.000401099369697
52,28.000428064102437
53,28.00045588070492
54,28.000484549176804
55,28.00051406951843
56,28.00054444172963
57,28.000575665810402
58,28.000619066468403
59,28.000681920977854
60,28.000747583798955
61,28.000816054931818
62,28.000887334376273
63,28.000961422132377
64,28.001038318200244
65,28.001118022579703
66,28.00120053527081
67,28.001285856273626
68,28.00137398558809
69,28.001464923214257
70,28.00155866915202
71,28.00165522340143
72,28.0017545859626
73,28.001856756835366
74,28.001961736019837
75,28.0020695235159
76,28.00218011932367
77,28.002293523443086
78,28.002409735874267
79,28.002528756616982
80,28.00265058567146
81,28.002775223037588
82,28.002902668715308
83,28.00303292270479
84,28.003165985005865
85,28.003301855618645
86,28.00344053454313
87,28.003582021779152
88,28.003726317326937
89,28.00387342118637
90,28.00402333335751
91,28.004176053840297
92,28.004331582634677
93,28.004489919740763
94,28.004651065158555
95,28.00481501888794
96,28.004981780929086
97,28.005151351281768
98,28.005323729946213
99,28.005498916922306
100,28.00567691221005
101,28.00585771580944
102,28.00604132772054
103,28.006227747943285
104,28.00641697647768
105,28.006609013323782
106,28.006803858481533
107,28.007001511950932
108,28.00720197373198
109,28.007405243824735
110,28.00761132222908
111,28.00782020894519
112,28.008031903972892
113,28.008246407312356
114,28.008463718963412
115,28.008683838926117
116,28.008953271476912
117,28.009239180295538
118,28.009529896730896
119,28.009825420783102
120,28.01012575245204
121,28.010430891737883
122,28.01074083864046
123,28.011055593159824
124,28.01137515529598
125,28.011699525048982
126,28.012028702418775
127,28.012362687405357
128,28.01270148000873
129,28.013045080228892
130,28.013393488065844
131,28.0137467035197
132,28.014104726590233
133,28.014467557277612
134,28.014835195581725
135,28.01520764150274
136,28.015584895040547
137,28.015966956195086
138,28.016353824966473
139,28.01674550135465
140,28.017141985359615
141,28.01754327698137
142,28.017949376219917
143,28.01836028307531
144,28.018775997547436
145,28.019196519636466
146,28.01962184934223
147,28.020051986664782
148,28.020486931604182
149,28.020926684160315
150,28.02137124433324
151,28.021820612123122
152,28.022274787529625
153,28.02273377055303
154,28.02319756119317
155,28.0236661594501
156,28.024139565323935
157,28.024617778814445
158,28.025100799921802
159,28.02558862864595
160,28.026081264987
161,28.026578708944726
162,28.027080960519243
163,28.027588019710606
164,28.02809988651876
165,28.02861656094376
166,28.02913804298555
167,28.029664332644074
168,28.030195429919445
169,28.030731334811605
170,28.031272047320556
171,28.031817567446353
172,28.032367895188827
173,28.032923030548204
174,28.03348297352437
175,28.03404772411733
176,28.034617282327076
177,28.03519164815367
178,28.035770821596998
179,28.036354802657115
180,28.036943591334136
181,28.03753718762789
182,28.038135591538435
183,28.038738803065826
184,28.039346822209893
185,28.03995964897092
186,28.040577283348625
187,28.041199725343176
188,28.041826974954574
189,28.04245903218265
190,28.043095897027627
191,28.043737569489394
192,28.044384049567952
193,28.0450353372633
194,28.04569143257538
195,28.046352335504366
196,28.04701804605014
197,28.04768856421265
198,28.04836388999206
199,28.04904402338815
200,28.04972896440114
201,28.050418713030865
202,28.05111326927738
203,28.05181263314074
204,28.052516804620836
205,28.053225783717835
206,28.053939570431623
207,28.054658164762145
208,28.055381566709457
209,28.05610977627356
210,28.056842793454564
211,28.057580618252302
212,28.058323250666774
213,28.059070690698206
214,28.059822938346258
215,28.06057999361127
216,28.061341856493016
217,28.06210852699155
218,28.062880005106877
219,28.063656290838935
220,28.064437384187897
221,28.065223285153706
222,28.066013993736192
223,28.066809509935524
224,28.067609833751703
225,28.068414965184672
226,28.06922490423443
227,28.070039650900867
228,28.070859205184263
229,28.071683567084392
230,28.072512736601254
231,28.073379058721684
232,28.07427278263242
233,28.075172250143055
234,28.07607746125359
235,28.076988415963967
236,28.077905114274188
237,28.07882755618425
238,28.079755741694214
239,28.080689670804077
240,28.081629343513782
241,28.08257475982333
242,28.083525919732836
243,28.084482823242126
244,28.085445470351317
245,28.086413861060407
246,28.08738799536934
247,28.088367873278173
248,28.089353494786735
249,28.09034485989531
250,28.09134196860373
251,28.092344820912047
252,28.093353416820207
253,28.09436775632821
254,28.09538783943617
255,28.096413666143917
256,28.097445236451506
257,28.09848255035905
258,28.099525607866383
259,28.10057440897367
260,28.10162895368086
261,28.102689241987775
262,28.10375527389465
263,28.104827049401422
264,28.105904568508038
265,28.10698783121444
266,28.108076837520798
267,28.109171587427056
268,28.1102720809331
269,28.111378318039158
270,28.112490298744945
271,28.11360802305063
272,28.114731490956217
273,28.115860702461646
274,28.11699565756703
275,28.118136356272146
276,28.119282798577274
277,28.12043498448213
278,28.121592913986888
279,28.1227565870916
280,28.1239260037961
281,28.125101164100556
282,28.126282068004798
283,28.12746871550894
284,28.12866110661298
285,28.129859241316865
286,28.13106311962065
287,28.132272741524275
288,28.133488107027745
289,28.134709216131114
290,28.135936068834383
291,28.13716866513755
292,28.138407005040506
293,28.139651088543417
294,28.140900915646114
295,28.142156486348654
296,28.14341780065115
297,28.14468485855349
298,28.14595766005573
299,28.14723620515781
300,28.148520493859735
301,28.14981052616156
302,28.151106302063226
303,28.15240782156485
304,28.15371508466626
305,28.155028091367512
306,28.15634684166878
307,28.157671335569717
308,28.159001573070725
309,28.16033755417152
310,28.161679278872214
311,28.163026747172694
312,28.164379959073074
313,28.165738914573353
314,28.167103613673476
315,28.168474056373555
316,28.169850242673363
317,28.171232172573127
318,28.17261984607279
319,28.17401326317224
320,28.17541242387165
321,28.17681732817084
322,28.178227976069934
323,28.179644367568983
324,28.18106650266776
325,28.182494381366553
326,28.183928003665073
327,28.18536736956355
328,28.18681247906187
329,28.188263332160034
330,28.189719928858153
331,28.191182269156116
332,28.19265035305392
333,28.194124180551626
334,28.195603751649116
335,28.19708906634662
336,28.198580124643854
337,28.2000769265411
338,28.201579472038077
339,28.203087761134952
340,28.204601793831785
341,28.206121570128403
342,28.20764709002492
343,28.209178353521338
344,28.2107153606176
345,28.21225811131376
346,28.21380660560976
347,28.215360843505664
348,28.216920825001353
349,28.218486550096998
350,28.220058018792486
351,28.22163523108776
352,28.223218186983047
353,28.22480688647812
354,28.22640132957315
355,28.228001516267966
356,28.229607446562625
357,28.23121912045724
358,28.23283653795164
359,28.234459699046056
360,28.2360886037402
361,28.237723252034243
362,28.239363643928243
363,28.24100977942203
364,28.242661658515715
365,28.244319281209243
366,28.24598264750267
367,28.247651757396
368,28.249326610889057
369,28.251007207982184
370,28.252693548674984
371,28.254385632967796
372,28.256083460860452
373,28.257787032352894
374,28.25949634744535
375,28.26121140613759
376,28.26293220842973
377,28.26465875432166
378,28.26639104381354
379,28.268129076905325
380,28.26987285359695
381,28.27162237388842
382,28.273377637779788
383,28.275138645271
384,28.276905396362054
385,28.278677891053007
386,28.28045612934386
387,28.282240111234557
388,28.28402983672521
389,28.285825305815536
390,28.287626518505817
391,28.289433474796056
392,28.291246174686137
393,28.29306461817606
394,28.294888805265828
395,28.296718735955494
396,28.29855441024506
397,28.300395828134413
398,28.30224298962372
399,28.304095894712873
400,28.305954543401867
401,28.30781893569082
402,28.309689071579555
403,28.31156495106825
404,28.31344657415667
405,28.315333940845107
406,28.317227051133386
407,28.319125905021394
408,28.321030502509473
409,28.32294084359728
410,28.324856928285044
411,28.326761463041805
412,28.328659804591894
413,28.330563568870957
414,28.332472755878996
415,28.33438736561584
416,28.336307398081715
417,28.338232853276452
418,28.34016373120005
419,28.34210003185251
420,28.34404175523406
421,28.345988901344413
422,28.347941470183628
423,28.349899461751818
424,28.351862876048926
425,28.353831713074953
426,28.355805972829785
427,28.35778565531365
428,28.359770760526374
429,28.36176128846796
430,28.363757239138522
431,28.365758612538002
432,28.3677654086664
433,28.36977762752366
434,28.371795269109782
435,28.373818333424936
436,28.375846820468894
437,28.37788073024177
438,28.379920062743622
439,28.381964817974392
440,28.384014995933967
441,28.386070596622574
442,28.388131620039985
443,28.390198066186315
444,28.39226993506162
445,28.394347226665843
446,28.396429940998928
447,28.398518078060874
448,28.400611637851853
449,28.402710620371636
450,28.404815025620337
451,28.406924853598014
452,28.40904010430461
453,28.411160777740065
454,28.413286873904383
455,28.415418392797676
456,28.417555334419887
457,28.419697698770904
458,28.42184548585095
459,28.42399869565986
460,28.426157328197633
461,28.428321383464436
462,28.4304908614601
463,28.432665762184683
464,28.43484608563807
465,28.437031831820434
466,28.439223000731772
467,28.441419592371915
468,28.443621606741033
469,28.445829043839012
470,28.448041903666024
471,28.450260186221783
472,28.452483891506517
473,28.454713019520227
474,28.456947570262685
475,28.45918754373423
476,28.461432939934582
477,28.46368375886385
478,28.46594000052204
479,28.468201664909145
480,28.47046875202517
481,28.472741261870112
482,28.475019194443917
483,28.477302549746696
484,28.479591327778337
485,28.481885528538896
486,28.484185152028374
487,28.48649019824677
488,28.488800667194027
489,28.491116558870203
490,28.493437873275354
491,28.495764610409367
492,28.49809677027224
493,28.500434352864147
494,28.502777358184915
495,28.50512578623443
496,28.507479637013034
497,28.509838910520557
498,28.512203606756998
499,28.514573725722187
500,28.516949267416408
501,28.519330231839547
502,28.52171661899149
503,28.524108428872466
504,28.52650566148236
505,28.528908316821116
506,28.531316394888734
507,28.53372989568527
508,28.53614881921078
509,28.538573165465152
510,28.541002934448443
511,28.543438126160652
512,28.545878740601836
513,28.548324777771768
514,28.550776237670732
515,28.553233120298614
516,28.5556954256553
517,28.558163153740963
518,28.560636304555544
519,28.563114878099043
520,28.565598874371403
521,28.56808829337274
522,28.570583135102936
523,28.573083399561995
524,28.575589086750085
525,28.578100196667037
526,28.580616729312908
527,28.58313868468764
528,28.585666062791233
529,28.58819886362386
530,28.590737087185346
531,28.59328073347575
532,28.595829802495018
533,28.59838429424326
534,28.600944208720307
535,28.603509545926386
536,28.606080305861383
537,28.608656488525128
538,28.61123809391796
539,28.6138251220396
540,28.616417572890214
541,28.61901544646969
542,28.621618742778082
543,28.624227461815394
544,28.626841603581568
545,28.629461168076716
546,28.632086155300726
547,28.63471656525371
548,28.637352397935558
549,28.639993653346323
550,28.642640331486007
551,28.64529243235455
552,28.647949955952072
553,28.650612902278453
554,28.65328127133381
555,28.655955063117972
556,28.65863427763111
557,28.66131891487322
558,28.664008974844023
559,28.666704457543915
560,28.669405362972725
561,28.672111691130453
562,28.67482344201693
563,28.677540615632438
564,28.68026321197692
565,28.682991231050096
566,28.685724672852416
567,28.688463537383598
568,28.691207824643584
569,28.693957534632546
570,28.69671266735037
571,28.699473222797224
572,28.702239200972826
573,28.705010601877404
574,28.707787425510958
575,28.710569671873372
576,28.713357340964592
577,28.716150432784843
578,28.71894894733407
579,28.721752884612044
580,28.724562244618994
581,28.727377027354862
582,28.73019723281965
583,28.733022861013296
584,28.735853911935862
585,28.738690385587404
586,28.74153228196775
587,28.744379601077128
588,28.747232342915368
589,28.750090507482525
590,28.752954094778545
591,28.755794530409162
592,28.75862066538093
593,28.761451692901176
594,28.764287612969667
595,28.767128425586577
596,28.769974130751848
597,28.772824728465537
598,28.775680218727643
599,28.778540601538054
600,28.781405876896827
601,28.784276044804017
602,28.787151105259625
603,28.79003105826365
604,28.792915903815924
605,28.795805641916616
606,28.798700272565668
607,28.80159979576314
608,28.804504211509027
609,28.80741351980322
610,28.81032772064583
611,28.813246814036745
612,28.816170799976078
613,28.819099678463886
614,28.822033449499997
615,28.824972113084414
616,28.827915669217248
617,28.830864117898557
618,28.833817459128227
619,28.836775692906144
620,28.83973881923248
621,28.842706838107233
622,28.84567974953046
623,28.848657553501937
624,28.85164025002183
625,28.85462783909003
626,28.8576203207067
627,28.860617694871735
628,28.863619961585187
629,28.866627120846886
630,28.86963917265706
631,28.872656117015538
632,28.875677953922548
633,28.878704683377748
634,28.881736305381423
635,28.88477281993346
636,28.887814227033914
637,28.89086052668273
638,28.893911718879906
639,28.896967803625444
640,28.900028780919342
641,28.90309465076166
642,28.906165413152394
643,28.909241068091433
644,28.91232161557889
645,28.915407055614708
646,28.918497388198887
647,28.921592613331484
648,28.924692731012442
649,28.92779774124176
650,28.93090764401944
651,28.93402243934554
652,28.937142127220056
653,28.940266707642934
654,28.943396180614116
655,28.94653054613366
656,28.949669804201676
657,28.952813954818055
658,28.955962997982795
659,28.959116933695896
660,28.962275761957358
661,28.965439482767295
662,28.96860809612548
663,28.971781602032138
664,28.9749600004871
665,28.978143291490483
666,28.981331475042282
667,28.984524551142385
668,28.987722519790907
669,28.99092538098779
670,28.99413313473309
671,28.997345781026752
672,29.000563319868775
673,29.00378575125916
674,29.007013075197904
675,29.01024529168501
676,29.013482400720648
677,29.016724402304533
678,29.019971296436836
679,29.0232230831175
680,29.026479762346526
681,29.029741334124026
682,29.033007798449773
683,29.03627915532394
684,29.039555404746466
685,29.04283654671741
686,29.046122581236773
687,29.049413508304497
688,29.05270932792058
689,29.05601004008497
690,29.05931564479789
691,29.06262614205906
692,29.065941531868646
693,29.069261814226593
694,29.0725869891329
695,29.075917056587627
696,29.079252016590715
697,29.08259186914222
698,29.08593661424203
699,29.089286251890258
700,29.092640782086903
701,29.09600020483191
702,29.09936452012522
703,29.102733727967006
704,29.10610782835704
705,29.109486821295604
706,29.11287070678253
707,29.11625948481776
708,29.119653155401352
709,29.123051718533304
710,29.12645517421379
711,29.12986352244252
712,29.13327676321967
713,29.136694896545123
714,29.14011792241905
715,29.143545840841398
716,29.14697865181205
717,29.150416355331004
718,29.153858951398433
719,29.157306440014224
720,29.160758821178433
721,29.164216094890946
722,29.167678261151877
723,29.17114531996117
724,29.17461727131888
725,29.178094115224894
726,29.181575851679384
727,29.185062480682177
728,29.18855400223333
729,29.192050416332904
730,29.195551722980838
731,29.19905792217719
732,29.202569013921845
733,29.20608499821492
734,29.20960587505641
735,29.213131644446207
736,29.21666230638442
737,29.220197860871053
738,29.22373830790599
739,29.2272836474894
740,29.230833879621116
741,29.234389004301192
742,29.237949021529687
743,29.241513931306486
744,29.245083733631816
745,29.248658428505394
746,29.25223801592739
747,29.255822495897746
748,29.259411868416407
749,29.263006133483657
750,29.266605291099097
751,29.270209341262955
752,29.27381828397523
753,29.27743211923581
754,29.281050847044924
755,29.28467446740234
756,29.288302980308117
757,29.2919363857622
758,29.295574683764755
759,29.299217874315673
760,29.30286595741495
761,29.30651893306259
762,29.31017680125865
763,29.313839562003068
764,29.317507215295905
765,29.32117976113699
766,29.324857199526548
767,29.328539530464468
768,29.332226753950806
769,29.33591886998545
770,29.339615878568566
771,29.343260426264806
772,29.346870278477354
773,29.350483959080123
774,29.354101468073168
775,29.35772280545632
776,29.361347971229804
777,29.364976965393453
778,29.368609787947435
779,29.372246438891523
780,29.375886918225888
781,29.379531225950416
782,29.38317936206522
783,29.386831326570245
784,29.39048711946549
785,29.394146740750955
786,29.397810190426696
787,29.401477468492544
788,29.40514857494867
789,29.40882350979507
790,29.412502273031635
791,29.41618486465842
792,29.41987128467548
793,29.423561533082704
794,29.427255609880262
795,29.43095351506787
796,29.434655248645868
797,29.438360810613972
798,29.44207020097241
799,29.445783419720897
800,29.449500466859774
801,29.45322134238876
802,29.456946046308076
803,29.4606745786175
804,29.464406939317257
805,29.468143128407235
806,29.471883145887432
807,29.475626991757736
808,29.479374666018373
809,29.48312616866923
810,29.48688149971025
811,29.49064065914149
812,29.494403646963065
813,29.498170463174688
814,29.5019411077767
815,29.505715580768822
816,29.509493882151276
817,29.513276011923892
818,29.517061970086786
819,29.52085175663973
820,29.524645371583063
821,29.52844281491656
822,29.532244086640333
823,29.53604918675427
824,29.539858115258482
825,29.54367087215286
826,29.547487457437512
827,29.55130787111233
828,29.55513211317742
829,29.558960183632735
830,29.562792082478268
831,29.566627809713964
832,29.57046736534005
833,29.57431074935613
834,29.5781579617626
835,29.582009002559232
836,29.585863871746085
837,29.589722569323158
838,29.59358509529045
839,29.597451449648077
840,29.601321632395752
841,29.60519564353376
842,29.609073483061934
843,29.61295515098044
844,29.616840647289052
845,29.62072997198794
846,29.624623125076994
847,29.62852010655638
848,29.632420916425872
849,29.636325554685698
850,29.64023402133563
851,29.644146316375952
852,29.648062439806324
853,29.651982391626973
854,29.6559061718379
855,29.659833780438987
856,29.663765217430353
857,29.66770048281188
858,29.671639576583686
859,29.675582498745655
860,29.6795292492979
861,29.683479828240422
862,29.687434235572994
863,29.691392471295956
864,29.695354535409024
865,29.699320427912426
866,29.70329014880599
867,29.707263698089832
868,29.71124107576378
869,29.715222281828062
870,29.719207316282507
871,29.72319617912717
872,29.727188870362113
873,29.731185389987274
874,29.7351857380026
875,29.739189914408257
876,29.74319791920402
877,29.747209752390006
878,29.751225413966267
879,29.75524490393275
880,29.75926822228945
881,29.763295369036427
882,29.76732634417351
883,29.77136114770093
884,29.77539977961851
885,29.779442239926368
886,29.78348852862439
887,29.78753864571263
888,29.79159259119109
889,29.795650365059828
890,29.79971196731873
891,29.803777397967963
892,29.807846657007303
893,29.811919744436977
894,29.815996660256758
895,29.820077404466815
896,29.824161977067092
897,29.828250378057533
898,29.832342607438363
899,29.836438665209243
900,29.840538551370457
901,29.844642265921777
902,29.848749808863488
903,29.852861180195248
904,29.85697637991734
905,29.861095408029655
906,29.86521826453219
907,29.86934494942483
908,29.87347546270786
909,29.877609804380995
910,29.881747974444465
911,29.885889972898042
912,29.890035799741895
913,29.89418545497597
914,29.898338938600375
915,29.90249625061483
916,29.90665739101962
917,29.910822359814517
918,29.914991156999804
919,29.91916378257514
920,29.92334023654081
921,29.927520518896642
922,29.931704629642752
923,29.93589256877908
924,29.940084336305688
925,29.944279932222344
926,29.94847935652939
927,29.9526826092266
928,29.95688969031403
929,29.96110059979162
930,29.965315337659547
931,29.96953390391758
932,29.973756298565945
933,29.977982521604474
934,29.98221257303328
935,29.98644645285225
936,29.99068416106155
937,29.99492569766096
938,29.999171062650646
939,30.003420256030438
940,30.007673277800677
941,30.01193012796091
942,30.016190806511588
943,30.02045531345226
944,30.02472364878338
945,30.02899581250449
946,30.03327180461605
947,30.0375516251176
948,30.0418352740096
949,30.046122751291705
950,30.050414056964087
951,30.054669787077046
952,30.058902147125366
953,30.06313760444766
954,30.06737615904376
955,30.07161781091372
956,30.075862560057544
957,30.08011040647534
958,30.084361350166944
959,30.088615391132407
960,30.09287252937179
961,30.097132764884975
962,30.101396097672136
963,30.105662527733045
964,30.10993205506793
965,30.114204679676675
966,30.11848040155928
967,30.122759220715693
968,30.127041137146023
969,30.131326150850214
970,30.135614261828323
971,30.139905470080237
972,30.144199775606126
973,30.14849717840582
974,30.15279767847943
975,30.157101275826903
976,30.16140797044818
977,30.165717762343377
978,30.17003065151249
979,30.17434663795541
980,30.178665721672246
981,30.182987902662944
982,30.187313180927504
983,30.191641556465868
984,30.195973029278264
985,30.200307599364407
986,30.204645266724413
987,30.208986031358393
988,30.213329893266177
989,30.217676852447823
990,30.222026908903388
991,30.226380062632757
992,30.2307363136361
993,30.23509566191325
994,30.23945810746426
995,30.243823650289187
996,30.24819229038792
997,30.25256402776057
998,30.25693886240714
999,30.261316794327513
1000,30.265697823521748
1001,30.2700819499899
1002,30.274469173731916
1003,30.27885949474785
1004,30.283252913037586
1005,30.28764942860124
1006,30.29204904143876
1007,30.29645175155008
1008,30.30085755893532
1009,30.305266463594478
1010,30.309678465527497
1011,30.314093564734378
1012,30.31851176121512
1013,30.322933054969724
1014,30.327357445998246
1015,30.331784934300572
1016,30.33621551987676
1017,30.340649202726865
1018,30.34508598285089
1019,30.34952586024872
1020,30.353968834920465
1021,30.358414906866074
1022,30.362864076085543
1023,30.367316342578874
1024,30.371771706346124
1025,30.376230167387178
1026,30.38069172570215
1027,30.385156381290983
1028,30.389624134153735
1029,30.394094984290234
1030,30.39856893170071
1031,30.4030459763851
1032,30.4075261183433
1033,30.412009357575357
1034,30.416495694081334
1035,30.420985127861115
1036,30.425477658914815
1037,30.429973287242376
1038,30.4344720128438
1039,30.438973835719082
1040,30.44347875586834
1041,30.447986773291404
1042,30.452497887988272
1043,30.457012099959115
1044,30.461529409203763
1045,30.46604981572233
1046,30.470573319514756
1047,30.475099920581044
1048,30.479629618921194
1049,30.484162414535263
1050,30.488698307423192
1051,30.493237297584983
1052,30.497779385020635
1053,30.50232456973015
1054,30.506872851713524
1055,30.511424230970817
1056,30.515978707501972
1057,30.52053628130699
1058,30.525096952385923
1059,30.52966072073866
1060,30.534227586365375
1061,30.538797549265837
1062,30.543370609440274
1063,30.547946766888572
1064,30.552526021610674
1065,30.557108373606695
1066,30.561693822876578
1067,30.56628236942032
1068,30.570874013237926
1069,30.57546875432945
1070,30.580066592694834
1071,30.584667528334023
1072,30.58927156124713
1073,30.593878691434213
1074,30.598488918895043
1075,30.60310224362979
1076,30.6077186656384
1077,30.612338184920873
1078,30.616960801477262
1079,30.621586515307456
1080,30.62621532641151
1081,30.630847234789485
1082,30.635482240441377
1083,30.640120343367073
1084,30.64476154356663
1085,30.649405841040107
1086,30.654053235787444
1087,30.658703727808643
1088,30.66335731710376
1089,30.668014003672738
1090,30.67267378751552
1091,30.67733666863228
1092,30.68200264702284
1093,30.686671722687265
1094,30.69134389562555
1095,30.69601916583781
1096,30.70069753332382
1097,30.705378998083802
1098,30.71006356011759
1099,30.714751219425295
1100,30.719441976006806
1101,30.724135829862234
1102,30.72883278099158
1103,30.733532829394733
1104,30.738235975071802
1105,30.742942218022677
1106,30.747651558247526
1107,30.752363995746236
1108,30.75707953051875
1109,30.761798162565185
1110,30.766519891885423
1111,30.77124471847958
1112,30.775972642347597
1113,30.780703663489533
1114,30.78543778190533
1115,30.79017499759493
1116,30.79491531055845
1117,30.79965872079589
1118,30.804405228307132
1119,30.809154833092293
1120,30.81390753515126
1121,30.8186633344842
1122,30.823422231090944
1123,30.82818422497155
1124,30.832949316126133
1125,30.83771750455452
1126,30.84248879025671
1127,30.847263173232875
1128,30.852040653482845
1129,30.856821231006734
1130,30.861604905804427
1131,30.866353591471636
1132,30.871079085389113
1133,30.8758069699104
1134,30.88053724503544
1135,30.885269910764237
1136,30.890004967096957
1137,30.894742414033203
1138,30.899482251573374
1139,30.9042244797173
1140,30.908969098464922
1141,30.913716107816413
1142,30.918465507771657
1143,30.9232172983306
1144,30.927971479493408
1145,30.93272805125997
1146,30.937487013630232
1147,30.942248366604247
1148,30.94701211018213
1149,30.95177824436371
1150,30.9565467691491
1151,30.9613176845383
1152,30.966090990531256
1153,30.970866687127852
1154,30.975644774328316
1155,30.980425252132648
1156,30.985208120540563
1157,30.989993379552345
1158,30.994781029167882
1159,30.999571069387173
1160,31.004363500210275
1161,31.009158321637187
1162,31.013955533667797
1163,31.01875513630216
1164,31.023557129540336
1165,31.028361513382208
1166,31.033168287827948
1167,31.037977452877442
1168,31.04278900853069
1169,31.047602954787692
1170,31.052419291648505
1171,31.057238019113015
1172,31.062059137181393
1173,31.066882645853468
1174,31.071708545129297
1175,31.076536835008937
1176,31.08136751549239
1177,31.086200586579537
1178,31.091036048270496
1179,31.09587390056521
1180,31.100714143463676
1181,31.105556776965955
1182,31.110401801071987
1183,31.115249215781716
1184,31.120099021095314
1185,31.124951217012665
1186,31.129805803533714
1187,31.134662780658687
1188,31.1395221483873
1189,31.14438390671978
1190,31.14924805565596
1191,31.154114595195892
1192,31.158983525339693
1193,31.163854846087133
1194,31.168728557438442
1195,31.173604659393447
1196,31.178483151952264
1197,31.183364035114835
1198,31.188247308881216
1199,31.193132973251295
1200,31.19802102822524
1201,31.202911473802885
1202,31.207804309984226
1203,31.21269953676949
1204,31.217597154158454
1205,31.222497162151228
1206,31.2273995607477
1207,31.23230434994798
1208,31.237211529752017
1209,31.242121100159864
1210,31.247033061171464
1211,31.25194741278682
1212,31.256864155005985
1213,31.261783287828905
1214,31.266704811255465
1215,31.27162872528595
1216,31.27655502992019
1217,31.281483725158125
1218,31.28641481099993
1219,31.291348287445487
1220,31.296284154494685
1221,31.30122241214781
1222,31.306163060404685
1223,31.311106099265203
1224,31.316051528729645
1225,31.32099934879784
1226,31.325949559469734
1227,31.33090216074538
1228,31.335857152624897
1229,31.34081453510811
1230,31.345774308195075
1231,31.350736471885853
1232,31.35570102618044
1233,31.360667971078726
1234,31.365637306580766
1235,31.370609032686673
1236,31.375583149396164
1237,31.38055965670958
1238,31.385538554626805
1239,31.39051984314773
1240,31.395503522272406
1241,31.400489592000895
1242,31.405478052333137
1243,31.410468903269134
1244,31.41546214480894
1245,31.420457776952446
1246,31.425455799699762
1247,31.43045621305089
1248,31.435459017005712
1249,31.440464211564347
1250,31.44547179672685
1251,31.45048177249288
1252,31.45549413886289
1253,31.460508895836654
1254,31.46552604341406
1255,31.47054558159539
1256,31.475567510380415
1257,31.48059182976914
1258,31.48561853976173
1259,31.490647640358077
1260,31.495679131558177
1261,31.50071301336203
1262,31.505749285769696
1263,31.510787948781115
1264,31.515829002396288
1265,31.52087244661527
1266,31.52591828143801
1267,31.530966506864445
1268,31.536017122894748
1269,31.541070129528805
1270,31.54612552676656
1271,31.55118331460818
1272,31.556243493053557
1273,31.561306062102574
1274,31.566371021755515
1275,31.571438372012153
1276,31.576508112872546
1277,31.581580244336806
1278,31.586654766404763
1279,31.591731679076474
1280,31.596810982351997
1281,31.60189267623133
1282,31.606976760714304
1283,31.612063235801145
1284,31.61715210149174
1285,31.62224335778609
1286,31.627337004684193
1287,31.632433042186165
1288,31.637531470291776
1289,31.6426322890012
1290,31.647735498314432
1291,31.65284109823142
1292,31.65794908875216
1293,31.663059469876714
1294,31.668172241604907
1295,31.673287403937024
1296,31.678404956872896
1297,31.68352490041252
1298,31.688647234555845
1299,31.693771959303035
1300,31.69889907465398
1301,31.704028580608565
1302,31.709160477167018
1303,31.71429476432934
1304,31.7194314420953
1305,31.724570510465014
1306,31.729711969438597
1307,31.734855819015877
1308,31.74000205919691
1309,31.745150689981813
1310,31.750301711370412
1311,31.755398589876222
1312,31.760458836920805
1313,31.765520425624572
1314,31.770583355987753
1315,31.775647628010063
1316,31.78071324169167
1317,31.78578019703258
1318,31.79084849403273
1319,31.79591813269218
1320,31.800989113010814
1321,31.806061434988806
1322,31.811135098625925
1323,31.8162101039224
1324,31.821286450878176
1325,31.82636413949325
1326,31.831443169767454
1327,31.836523541701013
1328,31.841605255293814
1329,31.846688310545915
1330,31.8517727074572
1331,31.856858446027786
1332,31.861945526257614
1333,31.86703394814674
1334,31.87212371169511
1335,31.87721481690278
1336,31.882307263769746
1337,31.887401052295957
1338,31.89249618248141
1339,31.897592654326104
1340,31.90269046783004
1341,31.907789622993334
1342,31.912890119815813
1343,31.91799195829759
1344,31.92309513843861
1345,31.928199660238874
1346,31.933305523698436
1347,31.938412728817354
1348,31.943521275595458
1349,31.948631164032804
1350,31.953742394129392
1351,31.95885496588528
1352,31.963968879300467
1353,31.969084134374896
1354,31.97420073110851
1355,31.97931866950148
1356,31.98443794955375
1357,31.989558571265206
1358,31.99468053463596
1359,31.999803839666015
1360,32.004928486355254
1361,32.01005447470379
1362,32.015181804711574
1363,32.020310476378654
1364,32.02544048970498
1365,32.0305718446906
1366,32.03570454133546
1367,32.04083857963951
1368,32.04597395960292
1369,32.05111068122568
1370,32.05624874450757
1371,32.06138814944876
1372,32.06652889604919
1373,32.07167098430892
1374,32.07681441422784
1375,32.08195918580617
1376,32.087105299043685
1377,32.09225275394044
1378,32.09740155049644
1379,32.1025516887118
1380,32.10770316858634
1381,32.11285599012018
1382,32.11801015331332
1383,32.12316565816565
1384,32.12832250467727
1385,32.13348069284814
1386,32.13864022267836
1387,32.14380109416777
1388,32.14896330731642
1389,32.15412686212443
1390,32.15929175859162
1391,32.16445799671811
1392,32.169625576503904
1393,32.17479449794894
1394,32.17996476105321
1395,32.185136365816675
1396,32.19030931223949
1397,32.19548360032161
1398,32.20065923006291
1399,32.20583620146351
1400,32.211014514523356
1401,32.2161941692425
1402,32.22137516562094
1403,32.226557503658626
1404,32.23174118335555
1405,32.23692620471172
1406,32.24211256772719
1407,32.2473002724019
1408,32.25248931873591
1409,32.257679706729164
1410,32.2628714363816
1411,32.268064507693396
1412,32.27325892066449
1413,32.27845467529477
1414,32.2836517715844
1415,32.28885020953322
1416,32.294049989141286
1417,32.299251110408704
1418,32.304453573335365
1419,32.30965737792121
1420,32.314862524166415
1421,32.3200690120708
1422,32.32527684163449
1423,32.33048601285742
1424,32.33569652573965
1425,32.340908380281235
1426,32.34612157648195
1427,32.35133611434196
1428,32.35655199386122
1429,32.36176921503983
1430,32.36698777787757
1431,32.372207682374665
1432,32.37742892853106
1433,32.38265151634664
1434,32.38787544582152
1435,32.393100716955644
1436,32.39832732974912
1437,32.40355528420173
1438,32.408784580313636
1439,32.41401521808484
1440,32.41924719751535
1441,32.42448051860504
1442,32.42971518135403
1443,32.43495118576226
1444,32.44018853182979
1445,32.44542721955662
1446,32.450667248942636
1447,32.45590861998801
1448,32.461151332692566
1449,32.46639538705642
1450,32.47164078307952
1451,32.47688752076192
1452,32.48213560010356
1453,32.48738502110439
1454,32.49263578376457
1455,32.497887888083994
1456,32.50314133406272
1457,32.50839612170063
1458,32.51365225099795
1459,32.5189097219544
1460,32.52416853457015
1461,32.5294286888452
1462,32.53469018477949
1463,32.53995302237308
1464,32.5452172016258
1465,32.55048272253788
1466,32.555749585109254
1467,32.56101778933987
1468,32.56628733522979
1469,32.57155822277895
1470,32.57683045198735
1471,32.58210402285499
1472,32.58737893538199
1473,32.59265518956818
1474,32.597932785413605
1475,32.60321172291833
1476,32.6084920020823
1477,32.61377362290557
1478,32.61905658538808
1479,32.62434088952983
1480,32.629626535331
1481,32.634913522791294
1482,32.640201851910945
1483,32.645491522689724
1484,32.65078253512786
1485,32.65607488922518
1486,32.66136858498186
1487,32.66666362239778
1488,32.67196000147294
1489,32.677257722207344
1490,32.68255678460105
1491,32.687821280897936
1492,32.693062333636135
1493,32.69830406178693
1494,32.703546465350314
1495,32.708789544326464
1496,32.714033298715265
1497,32.719277728516715
1498,32.72452283373076
1499,32.72976861435757
1500,32.73501507039697
1501,32.74026220184908
1502,32.74551000871378
1503,32.75075849099119
1504,32.756007648681305
1505,32.76125748178396
1506,32.766507990299374
1507,32.771759174227384
1508,32.7770110335681
1509,32.78226356832141
1510,32.787516778487486
1511,32.792770664066154
1512,32.79802522505753
1513,32.803280461461554
1514,32.80853637327823
1515,32.813792960507556
1516,32.81905022314959
1517,32.82430816120427
1518,32.829566774671605
1519,32.83482606355159
1520,32.84008602784422
1521,32.84534666754951
1522,32.8506079826675
1523,32.85586997319808
1524,32.86113263914132
1525,32.86639598049726
1526,32.87165999726591
1527,32.87692468944715
1528,32.88219005704116
1529,32.8874561000477
1530,32.89272281846701
1531,32.89799021229885
1532,32.90325828154346
1533,32.908527026200716
1534,32.913796446270624
1535,32.91906654175318
1536,32.92433731264845
1537,32.929608758956306
1538,32.934880880676815
1539,32.940153677809974
1540,32.9454271503559
1541,32.950701298314414
1542,32.95597612168564
1543,32.961251620469454
1544,32.96652779466598
1545,32.97180464427515
1546,32.97708216929698
1547,32.98236036973151
1548,32.987639245578634
1549,32.99291879683847
1550,32.998199023511006
1551,33.00347992559614
1552,33.00876150309392
1553,33.014043756004355
1554,33.01932668432755
1555,33.02461028806323
1556,33.02989456721167
1557,33.03517952177282
1558,33.04046515174656
1559,33.04575145713301
1560,33.05103843793211
1561,33.056326094143856
1562,33.061614425768255
1563,33.06690343280536
1564,33.07219311525512
1565,33.07748347311747
1566,33.08277450639258
1567,33.08806621508029
1568,33.0933585991807
1569,33.09865165869377
1570,33.10394539361948
1571,33.109239803957735
1572,33.11453488970875
1573,33.11983065087247
1574,33.12512708744879
1575,33.13042419943781
1576,33.135721986839485
1577,33.14102044965381
1578,33.146319587880896
1579,33.15161940152052
1580,33.15691989057285
1581,33.16222105503783
1582,33.167522894915464
1583,33.1728254102058
1584,33.178128600908735
1585,33.18343246702432
1586,33.188737008552664
1587,33.19404222549355
1588,33.199348117847194
1589,33.204654685613434
1590,33.20996192879238
1591,33.21526984738392
1592,33.22057844138823
1593,33.225887710805125
1594,33.23119765563467
1595,33.23650827587693
1596,33.24181957153189
1597,33.24713154259939
1598,33.252444189079654
1599,33.25775751097251
1600,33.263071508278074
1601,33.26838618099629
1602,33.27370152912715
1603,33.27901755267061
1604,33.284334251626774
1605,33.289651625995646
1606,33.29496967577711
1607,33.30028840097128
1608,33.30560780157822
1609,33.31092787759769
1610,33.316248629029815
1611,33.321570055874645
1612,33.32689215813218
1613,33.33221493580231
1614,33.33753838888509
1615,33.34286251738058
1616,33.34818732128866
1617,33.35351280060945
1618,33.35883895534295
1619,33.36416578548892
1620,33.36949329104772
1621,33.374821472019164
1622,33.38015032840326
1623,33.385479860200064
1624,33.390810067409404
1625,33.39614095003151
1626,33.40147250806626
1627,33.40680474151361
1628,33.41213765037372
1629,33.41747123464643
1630,33.42280549433184
1631,33.428140429429845
1632,33.43347603994056
1633,33.43881232586398
1634,33.44414928719999
1635,33.44948692394854
1636,33.45482523610991
1637,33.46016422368399
1638,33.46550388667066
1639,33.47084422506998
1640,33.47618523888195
1641,33.481526928106575
1642,33.48686929274396
1643,33.49221233279394
1644,33.49755604825651
1645,33.502900439131906
1646,33.508245505419836
1647,33.51359124712042
1648,33.51893766423376
1649,33.52428475675964
1650,33.529632524698286
1651,33.53498096804947
1652,33.54033008681341
1653,33.54567988099001
1654,33.55103035057925
1655,33.556381495581206
1656,33.56173331599575
1657,33.567085811823006
1658,33.57243898306291
1659,33.57779282971546
1660,33.58314735178067
1661,33.58850254925858
1662,33.59385842214908
1663,33.599214970452294
1664,33.604572194168156
1665,33.60993009329667
1666,33.615288667837945
1667,33.62064791779164
1668,33.62600784315822
1669,33.63136844393739
1670,33.63672972012921
1671,33.642064638876775
1672,33.64738157369078
1673,33.652698682339235
1674,33.65801596482214
1675,33.663333421139384
1676,33.66865105129108
1677,33.673968855277224
1678,33.67928683309776
1679,33.684604984752696
1680,33.68992331024208
1681,33.695241809565914
1682,33.7005604827242
1683,33.70587932971682
1684,33.711198350543896
1685,33.71651754520536
1686,33.721836913701225
1687,33.727156456031594
1688,33.732476172196414
1689,33.73779606219557
1690,33.74311612602912
1691,33.74843636369718
1692,33.75375677519963
1693,33.75907736053642
1694,33.76439811970772
1695,33.76971905271341
1696,33.775040159553555
1697,33.78036144022815
1698,33.78568289473708
1699,33.79100452308046
1700,33.79632632525829
1701,33.80164830127052
1702,33.80697045111714
1703,33.81229277479821
1704,33.81761527231373
1705,33.82293794366359
1706,33.828260788847956
1707,33.83358380786677
1708,33.83890700071987
1709,33.84423036740748
1710,33.84955390792953
1711,33.854877622285926
1712,33.86020151047683
1713,33.865525572502065
1714,33.870849808361754
1715,33.876174218055894
1716,33.881498801584485
1717,33.88682355894741
1718,33.89214849014479
1719,33.897473595176564
1720,33.902798874042844
1721,33.90812432674346
1722,33.91344995327853
1723,33.918775753648106
1724,33.924101727851905
1725,33.92942787589027
1726,33.934754197763084
1727,33.94008069347018
1728,33.94540736301184
1729,33.950734206387835
1730,33.95606122359828
1731,33.96138841464307
1732,33.96671577952242
1733,33.97204331823605
1734,33.97737103078424
1735,33.98269891716677
1736,33.9880269773837
1737,33.99335521143513
1738,33.9986836193209
1739,34.00401220104118
1740,34.009340956595736
1741,34.01466988598486
1742,34.019998989208375
1743,34.02532826626623
1744,34.03065771715859
1745,34.035987341885345
1746,34.041317140446495
1747,34.046647112842095
1748,34.051977259072146
1749,34.057307579136534
1750,34.06263807303537
1751,34.06796874076872
1752,34.07329958233635
1753,34.07863059773848
1754,34.08396178697501
1755,34.08929315004599
1756,34.09462468695136
1757,34.099956397691244
1758,34.10528828226546
1759,34.11062034067402
1760,34.11595257291714
1761,34.12128497899465
1762,34.1266175589065
1763,34.131950312652805
1764,34.137283240233614
1765,34.14261634164876
1766,34.14794961689836
1767,34.15328306598241
1768,34.15861668890079
1769,34.163950485653686
1770,34.16928445624097
1771,34.1746186006626
1772,34.17995291891873
1773,34.18528741100931
1774,34.19062207693429
1775,34.19595691669366
1776,34.201291930287425
1777,34.206627117715755
1778,34.21196247897831
1779,34.217298014075425
1780,34.22263372300688
1781,34.22796960577273
1782,34.23330566237314
1783,34.23864189280789
1784,34.24397829707698
1785,34.24931487518063
1786,34.254651627118676
1787,34.25998855289106
1788,34.26532565249789
1789,34.27066292593918
1790,34.27600037321491
1791,34.28133799432504
1792,34.286675789269566
1793,34.29201375804854
1794,34.29735190066191
1795,34.30269021710967
1796,34.30802870739194
1797,34.31336737150849
1798,34.318706209459606
1799,34.324045221245115
1800,34.32938440686502
0,28
1,28.000000031699813
2,28.000000094828636
3,28.00000028608281
4,28.000000606015817
5,28.00000132826176
6,28.000002346093424
7,28.000003659510696
8,28.00000739327669
9,28.000013055910983
10,28.00002022780899
11,28.000028908970535
12,28.00003909939585
13,28.000050799084818
14,28.000064008037384
15,28.000085468139673
16,28.00011531398411
17,28.00014956882444
18,28.00018823266055
19,28.000231305492434
20,28.0002787873201
21,28.00033067814354
22,28.000386977962762
23,28.00044768677776
24,28.000512804588595
25,28.00058233139515
26,28.000656267197485
27,28.00073461199571
28,28.000817365789658
29,28.00090948300044
30,28.001028340728737
31,28.001155062925363
32,28.001289649590376
33,28.00143210072372
34,28.00158241632539
35,28.00174059639545
36,28.001906640933782
37,28.0020805499405
38,28.002262323415664
39,28.002451961358986
40,28.00264946377081
41,28.00285483065096
42,28.003068061999386
43,28.00328915781614
44,28.003518118101283
45,28.003754942854812
46,28.003999632076614
47,28.004252185766802
48,28.004512603925377
49,28.00478088655217
50,28.005057033647347
51,28.00534104521097
52,28.005632921242864
53,28.00593266174309
54,28.0062402667117
55,28.00655573614864
56,28.006879070053913
57,28.00721026842757
58,28.007565652604058
59,28.007955710697786
60,28.008356452912835
61,28.008767879249206
62,28.009189989706954
63,28.00962278428591
64,28.010066262986243
65,28.010520425807897
66,28.010985272750872
67,28.01146080381517
68,28.011947019000843
69,28.012443918307724
70,28.012951501735984
71,28.013469769285564
72,28.013998720956522
73,28.014538356748687
74,28.015088676662288
75,28.01564968069721
76,28.016221368853394
77,28.0168037411309
78,28.01739679752967
79,28.01800053804982
80,28.018614962691345
81,28.019240071454078
82,28.019875864338246
83,28.02052234134368
84,28.02117950247049
85,28.021847347718563
86,28.0225258770879
87,28.023215090578674
88,28.02391498819071
89,28.02462556992407
90,28.025346835778805
91,28.026078785754805
92,28.026821419852183
93,28.027574738070825
94,28.02833874041079
95,28.029113426872073
96,28.029898797454678
97,28.03069485215866
98,28.031501590983964
99,28.032319013930476
100,28.03314712099842
101,28.03398591218763
102,28.03483538749822
103,28.03569554693013
104,28.0365663904833
105,28.037447918157852
106,28.03834012995361
107,28.039243025870746
108,28.040156605909317
109,28.041080870069095
110,28.042015818350194
111,28.042961450752614
112,28.04391776727641
113,28.044884767921587
114,28.045862452687913
115,28.046850821575674
116,28.047787199919867
117,28.048715841830926
118,28.049652473363267
119,28.050597094516718
120,28.051549705291393
121,28.052510305687235
122,28.053478895704245
123,28.05445547534248
124,28.05544004460188
125,28.056432603482506
126,28.0574331519843
127,28.058441690107315
128,28.0594582178515
129,28.06048273521685
130,28.061515242203427
131,28.062555738811284
132,28.063604225040194
133,28.064660700890386
134,28.065725166361688
135,28.06679762145427
136,28.067878066167964
137,28.06896650050288
138,28.070062924458966
139,28.071167338036332
140,28.072279741234865
141,28.07340013405451
142,28.074528516495434
143,28.07566488855747
144,28.07680925024073
145,28.07796160154527
146,28.07912194247092
147,28.080290273017738
148,28.08146659318578
149,28.08265090297499
150,28.083843202385424
151,28.085043491417082
152,28.08625177006985
153,28.087468038343843
154,28.08869229623906
155,28.089924543755444
156,28.091164780893052
157,28.092413007651828
158,28.09366922403177
159,28.09493343003288
160,28.096205625655216
161,28.09748581089883
162,28.098773985763557
163,28.10007015024945
164,28.10137430435657
165,28.102686448084853
166,28.10400658143442
167,28.105334704405095
168,28.10667081699694
169,28.108014919210007
170,28.109367011044355
171,28.110727092499758
172,28.11209516357644
173,28.113471224274235
174,28.114855274593367
175,28.116247314533553
176,28.117647344094962
177,28.119055363277653
178,28.120471372081397
179,28.121895370506365
180,28.1233273585525
181,28.124767336219918
182,28.126215303508502
183,28.127671260418253
184,28.12913520694923
185,28.13060714310143
186,28.13208706887474
187,28.133574984269274
188,28.135070889284975
189,28.136574783921958
190,28.13808666818005
191,28.139606542059425
192,28.14113440555991
193,28.142670258681562
194,28.14421410142444
195,28.14576593378854
196,28.147325755773807
197,28.14889356738024
198,28.150469368607958
199,28.152053159456784
200,28.153644939926778
201,28.155244710018053
202,28.15685246973044
203,28.158468219064105
204,28.16009195801894
205,28.161723686594883
206,28.163363404792108
207,28.1650111126105
208,28.16666681005006
209,28.168330497110844
210,28.170002173792795
211,28.17168184009597
212,28.173369496020314
213,28.175065141565824
214,28.176768776732615
215,28.178480401520517
216,28.180200015929643
217,28.181927619959936
218,28.18366321361151
219,28.185406796884138
220,28.18715836977799
221,28.188917932293123
222,28.190685484429366
223,28.19246102618689
224,28.194244557565526
225,28.196036078565328
226,28.19783558918641
227,28.199643089428605
228,28.20145857929208
229,28.203282058776665
230,28.20511352788253
231,28.206929387961452
232,28.208736753130268
233,28.21055142503434
234,28.212373403673666
235,28.21420268904842
236,28.216039281158373
237,28.217883180003582
238,28.219734385584218
239,28.22159289790011
240,28.223458716951257
241,28.22533184273783
242,28.227212275259546
243,28.229100014516632
244,28.23099506050903
245,28.232897413236685
246,28.23480707269971
247,28.236724038898046
248,28.23864831183164
249,28.240579891500488
250,28.242518777904706
251,28.244464971044238
252,28.246418470919025
253,28.248379277529125
254,28.25034739087448
255,28.252322810955206
256,28.254305537771245
257,28.25629557132254
258,28.258292911609146
259,28.260297558631066
260,28.262309512388242
261,28.264328772880788
262,28.26635534010859
263,28.26838921407176
264,28.27043039477013
265,28.27247888220387
266,28.274534676372866
267,28.276597777277175
268,28.278668184916853
269,28.28074589929173
270,28.28283092040192
271,28.284923248247537
272,28.287022882828296
273,28.289129824144368
274,28.291244072195866
275,28.293365626982563
276,28.29549448850463
277,28.297630656761953
278,28.29977413175459
279,28.301924913482537
280,28.3040830019458
281,28.306248397144316
282,28.30842109907809
283,28.31060110774729
284,28.312788423151744
285,28.314983045291456
286,28.317184974166537
287,28.319394209776874
288,28.321610752122524
289,28.323834601203487
290,28.326065757019762
291,28.328304219571237
292,28.330549988858138
293,28.33280306488024
294,28.335063447637708
295,28.33733113713049
296,28.33960613335853
297,28.34188843632188
298,28.344178046020602
299,28.346474962454522
300,28.348779185623812
301,28.351090715528414
302,28.353409552168216
303,28.355735695543387
304,28.35806914565387
305,28.36040990249967
306,28.36275796608072
307,28.365113336397087
308,28.367476013448766
309,28.3698459972357
310,28.372223287758004
311,28.37460788501562
312,28.376999789008437
313,28.37939899973668
314,28.381805517200064
315,28.384219341398932
316,28.386640472333
317,28.389068910002322
318,28.391504654407015
319,28.39394770554702
320,28.396398063422282
321,28.398855728032913
322,28.401320699378857
323,28.403792977460057
324,28.406272562276513
325,28.40875945382834
326,28.41125365211542
327,28.413755157137757
328,28.416263968895464
329,28.418780087388484
330,28.42130351261676
331,28.423834244580405
332,28.426372283279306
333,28.428917628713464
334,28.43147028088299
335,28.43403023978783
336,28.436597505427926
337,28.43917207780339
338,28.441753956914056
339,28.44434314276009
340,28.446939635341437
341,28.449543434657983
342,28.4521545407099
343,28.454772953497184
344,28.457398673019668
345,28.46003169927741
346,28.462672032270632
347,28.465319671999055
348,28.46797461846279
349,28.47063687166178
350,28.473306431596086
351,28.47598329826576
352,28.47866747167069
353,28.481358951810932
354,28.48405773868643
355,28.4867638322973
356,28.489477232643424
357,28.49219793972486
358,28.49492595354161
359,28.497661274093673
360,28.500403901380935
361,28.503153835403623
362,28.505911076161567
363,28.508675623654767
364,28.511447477883337
365,28.514226638847163
366,28.5170131065463
367,28.51980688098081
368,28.522607962150516
369,28.525416350055536
370,28.528232044695983
371,28.53105504607163
372,28.533885354182587
373,28.536722969028858
374,28.539567890610385
375,28.542420118927225
376,28.545279653979435
377,28.5481464957669
378,28.551020644289622
379,28.553902099547713
380,28.55679086154106
381,28.559686930269663
382,28.56259030573375
383,28.565500987932978
384,28.56841897686752
385,28.57134427253743
386,28.574276874942598
387,28.57721678408302
388,28.58016399995887
389,28.583118522569976
390,28.586080351916337
391,28.58904948799801
392,28.59202593081494
393,28.59500968036724
394,28.598000736654853
395,28.600999099677722
396,28.604004769435846
397,28.607017745929397
398,28.610038029158204
399,28.613065619122267
400,28.6161005158217
401,28.619142719256388
402,28.62219222942639
403,28.625249046331703
404,28.628313169972273
405,28.631384600348156
406,28.634463337459408
407,28.63754938130586
408,28.64064273188768
409,28.643743389204758
410,28.646851353257205
411,28.64984488638129
412,28.652761697193284
413,28.655683555972132
414,28.658610462717945
415,28.661542417430553
416,28.664479420110126
417,28.667421470756608
418,28.67036856936994
419,28.673320715950183
420,28.67627791049722
421,28.67924015301128
422,28.682207443492246
423,28.685179781940008
424,28.688157168354792
425,28.691139602736428
426,28.694127085084915
427,28.69711961540031
428,28.700117193682615
429,28.70311981993177
430,28.706127494147893
431,28.709140216330866
432,28.712157986480804
433,28.715180804597537
434,28.718208670681236
435,28.721241584731786
436,28.724279546749187
437,28.727322556733554
438,28.730370614684887
439,28.733423720603014
440,28.73648187448805
441,28.739545076339994
442,28.742613326158846
443,28.74568662394455
444,28.748764969697163
445,28.751848363416684
446,28.75493680510317
447,28.758030294756452
448,28.7611288323767
449,28.764232417963797
450,28.767341051517803
451,28.77045473303872
452,28.77357346252643
453,28.776697239981104
454,28.779826065402744
455,28.78295993879118
456,28.78609886014658
457,28.78924282946889
458,28.79239184675805
459,28.79554591201412
460,28.798705025237098
461,28.80186918642687
462,28.80503839558361
463,28.80821265270731
464,28.81139195779781
465,28.814576310855273
466,28.817765711879645
467,28.820960160870868
468,28.824159657829
469,28.827364202753927
470,28.83057379564582
471,28.833788436504676
472,28.837008125330385
473,28.840232862123003
474,28.84346264688253
475,28.846697479608906
476,28.849937360302192
477,28.853182288962273
478,28.856432265589376
479,28.859687290183388
480,28.86294736274425
481,28.866212483272022
482,28.869482651766702
483,28.872757868228234
484,28.87603813265673
485,28.879323445052023
486,28.88261380541428
487,28.88590921374339
488,28.889209670039463
489,28.89251517430239
490,28.895825726532223
491,28.89914132672891
492,28.90246197489256
493,28.905787671023006
494,28.909118415120417
495,28.912454207184737
496,28.915795047215965
497,28.919140935214102
498,28.922491871179034
499,28.92584785511093
500,28.929208887009736
501,28.932574966875336
502,28.93594609470796
503,28.939322270507375
504,28.942703494273758
505,28.94608976600705
506,28.94948108570719
507,28.952877453374242
508,28.956278869008145
509,28.959685332609013
510,28.963096844176732
511,28.96651340371136
512,28.969935011212897
513,28.973361666681342
514,28.97679337011664
515,28.980230121518844
516,28.983671920888014
517,28.987118768223922
518,28.990570663526853
519,28.994027606796635
520,28.997489598033383
521,29.000956637236925
522,29.004428724407433
523,29.007905859544792
524,29.011388042649116
525,29.01487527372018
526,29.01836755275832
527,29.021864879763257
528,29.02536725473516
529,29.028874677673855
530,29.032387148579517
531,29.035904667452087
532,29.03942723429151
533,29.042954849097782
534,29.04648751187102
535,29.05002522261117
536,29.053567981318224
537,29.05711578799213
538,29.06066864263289
539,29.064226545240672
540,29.067789495815248
541,29.071357494356675
542,29.074930540865125
543,29.078508635340427
544,29.08209177778258
545,29.08567996819164
546,29.08927320656767
547,29.092871492910547
548,29.096474827220277
549,29.10008320949703
550,29.10369663974052
551,29.107315117950918
552,29.110938644128282
553,29.114567218272498
554,29.118200840383736
555,29.12183951046177
556,29.125483228506653
557,29.129131994518502
558,29.132785808497147
559,29.136444670442756
560,29.14010858035533
561,29.143777538234758
562,29.147451544081036
563,29.151130597894223
564,29.15481469967432
565,29.158503849421322
566,29.162198047135234
567,29.165897292816
568,29.16960158646367
569,29.17331092807825
570,29.17702531765974
571,29.18074475520808
572,29.18446924072333
573,29.18819877420549
574,29.1919333556545
575,29.195672985070473
576,29.1994176624533
577,29.203167387803035
578,29.206922161119678
579,29.21068198240323
580,29.214446851653634
581,29.218216768871002
582,29.221991734055166
583,29.225771747206295
584,29.229556808324276
585,29.23334691740922
586,29.23714207446102
587,29.240942279479725
588,29.244747532465283
589,29.248557833417806
590,29.252373182337124
591,29.256151716115426
592,29.25990640197915
593,29.263665359065214
594,29.26742858737373
595,29.271196086904524
596,29.274967857657714
597,29.278743899633184
598,29.282524212831106
599,29.28630879725131
600,29.290097652893905
601,29.29389077975884
602,29.297688177846
603,29.30148984715572
604,29.30529578768767
605,29.30910599944201
606,29.31292048241869
607,29.31673923661782
608,29.320562262039232
609,29.324389558682924
610,29.32822112654901
611,29.33205696563755
612,29.335897075948367
613,29.339741457481523
614,29.34359011023696
615,29.347443034214905
616,29.351300229415074
617,29.355161695837694
618,29.359027433482595
619,29.362897442349947
620,29.366771722439637
621,29.370650273751608
622,29.374533096285973
623,29.378420190042675
624,29.382311555021715
625,29.386207191223093
626,29.390107098646865
627,29.394011277292975
628,29.39791972716148
629,29.40183244825232
630,29.4057494405655
631,29.409670704101018
632,29.413596238858872
633,29.417526044839178
634,29.421460122041708
635,29.42539847046669
636,29.429341090114008
637,29.433287980983607
638,29.4372391430756
639,29.441194576389933
640,29.44515428092666
641,29.44911825668578
642,29.453086503667237
643,29.457059021870975
644,29.46103581129711
645,29.46501687194558
646,29.469002203816444
647,29.472991806909647
648,29.476985681225187
649,29.480983826763065
650,29.48498624352328
651,29.48899293150589
652,29.49300389071084
653,29.49701912113818
654,29.501038622787803
655,29.505062395659877
656,29.50909043975423
657,29.513122755070924
658,29.517159341610068
659,29.521200199371492
660,29.525245328355254
661,29.529294728561354
662,29.533348399989848
663,29.53740634264068
664,29.54146855651385
665,29.54553504160947
666,29.54960579792737
667,29.55368082546761
668,29.557760124230242
669,29.561843694215213
670,29.56593153542252
671,29.57002364785228
672,29.57412003150415
673,29.578220686378586
674,29.58232561247536
675,29.58643480979441
676,29.59054827833586
677,29.594666018099588
678,29.598788029085824
679,29.602914311294285
680,29.60704486472514
681,29.61117968937839
682,29.615318785253976
683,29.619462152351844
684,29.623609790672106
685,29.627761700214705
686,29.6319178809797
687,29.636078332966974
688,29.640243056176757
689,29.644412050608707
690,29.648585316263166
691,29.652762853139905
692,29.65694466123898
693,29.661130740560452
694,29.665321091104204
695,29.669515712870407
696,29.67371460585889
697,29.67791777006977
698,29.682125205502984
699,29.686336912158538
700,29.69055289003643
701,29.694773139136714
702,29.698997659459394
703,29.703226451004355
704,29.70745951377171
705,29.711696847761402
706,29.71593845297349
707,29.720184329407914
708,29.724434477064563
709,29.72868889594372
710,29.732947586045157
711,29.73721054736899
712,29.741477779915158
713,29.745749283683722
714,29.750025058674566
715,29.75430510488775
716,29.758589422323382
717,29.762878010981296
718,29.767170870861605
719,29.771468001964195
720,29.77576940428918
721,29.7800750778365
722,29.784385022606273
723,29.78869923859827
724,29.793017725812717
725,29.797340484249503
726,29.801667513908626
727,29.805998814790087
728,29.810334386893885
729,29.814674230220078
730,29.819018344768665
731,29.823366730539476
732,29.82771938753268
733,29.83207631574828
734,29.836437515186276
735,29.84080298584655
736,29.84517272772922
737,29.849546740834228
738,29.853925025161516
739,29.858307580711312
740,29.862694407483332
741,29.867085505477803
742,29.871480874694555
743,29.875880515133645
744,29.88028442679513
745,29.88469260967895
746,29.889105063785166
747,29.893521789113663
748,29.897942785664554
749,29.90236805343784
750,29.906797592433463
751,29.911231402651367
752,29.915669484091723
753,29.92011183675436
754,29.924558460639332
755,29.9290093557467
756,29.933464522076406
757,29.937923959628506
758,29.942387668402944
759,29.94685564839972
760,29.951327899618832
761,29.95580442206034
762,29.960285215724184
763,29.964770280610367
764,29.969259616719
765,29.973753224049915
766,29.978251102603053
767,29.9827532523787
768,29.987259673376684
769,29.991770365597006
770,29.99628532903961
771,30.000716679087702
772,30.005091638271836
773,30.00946923803258
774,30.013849478370105
775,30.018232359284127
776,30.02261788077493
777,30.027006042842288
778,30.031396845486427
779,30.035790288707233
780,30.040186372504593
781,30.044585096878734
782,30.04898646182943
783,30.053390467356905
784,30.057797113460992
785,30.062206400141747
786,30.06661832739917
787,30.071032895233202
788,30.075450103644016
789,30.079869952631327
790,30.084292442195476
791,30.08871757233618
792,30.093145343053664
793,30.0975757543477
794,30.102008806218464
795,30.106444498665894
796,30.110882831689878
797,30.1153238052907
798,30.119767419468076
799,30.124213674222176
800,30.128662569552887
801,30.133114105460265
802,30.137568281944368
803,30.14202509900508
804,30.146484556642463
805,30.15094665485651
806,30.155411393647228
807,30.15987877301467
808,30.16434879295872
809,30.16882145347944
810,30.173296754576825
811,30.17777469625088
812,30.1822552785016
813,30.18673850132899
814,30.191224364733046
815,30.195712868713713
816,30.200204013271104
817,30.204697798405107
818,30.20919422411589
819,30.213693290403228
820,30.218194997267233
821,30.222699344707962
822,30.22720633272536
823,30.231715961319367
824,30.236228230490042
825,30.240743140237498
826,30.24526069056151
827,30.249780881462186
828,30.25430371293953
829,30.2588291849936
830,30.26335729762428
831,30.267888050831573
832,30.272421444615645
833,30.276957478976385
834,30.28149615391368
835,30.286037469427697
836,30.290581425518383
837,30.295128022185736
838,30.2996772594297
839,30.304229137250445
840,30.308783655647858
841,30.313340814621768
842,30.31790061417246
843,30.32246305429976
844,30.327028135003843
845,30.331595856284537
846,30.33616621814184
847,30.34073922057587
848,30.34531486358651
849,30.349893147173873
850,30.354474071337847
851,30.35905763607849
852,30.363643841395913
853,30.368232687289833
854,30.372824173760534
855,30.377418300807847
856,30.382015068431826
857,30.386614476632474
858,30.39121652540979
859,30.395821214763828
860,30.40042854469442
861,30.405038515201795
862,30.409651126285723
863,30.414266377946433
864,30.418884270183696
865,30.423504802997684
866,30.428127976388396
867,30.43275379035566
868,30.437382244899652
869,30.442013340020253
870,30.44664707571758
871,30.451283451991515
872,30.455922468842175
873,30.460564126269446
874,30.465208424273385
875,30.469855362854048
876,30.47450494201138
877,30.47915716174532
878,30.48381202205593
879,30.488469522943262
880,30.493129664407263
881,30.497792446447818
882,30.502457869065097
883,30.5071259322591
884,30.511796636029715
885,30.516469980376996
886,30.521145965300946
887,30.525824590801562
888,30.530505856878847
889,30.5351897635328
890,30.53987631076336
891,30.544565498570705
892,30.549257326954603
893,30.553951795915168
894,30.558648905452515
895,30.563348655566415
896,30.56805104625704
897,30.572756077524275
898,30.577463749368178
899,30.582174061788862
900,30.5868870147861
901,30.591602608360006
902,30.596320842510636
903,30.601041717237933
904,30.605765232541785
905,30.610491388422417
906,30.615220184879718
907,30.61995162191357
908,30.624685699524207
909,30.629422417711396
910,30.634161776475366
911,30.63890377581589
912,30.643648415733196
913,30.64839569622717
914,30.65314561729764
915,30.65789817894489
916,30.66265338116881
917,30.667411223969395
918,30.672171707346592
919,30.67693483130057
920,30.68170059583116
921,30.68646900093836
922,30.691240046622283
923,30.696013732882818
924,30.700790059720077
925,30.705569027133947
926,30.71035063512454
927,30.715134883691746
928,30.719921772835676
929,30.724711302556216
930,30.729503472853423
931,30.7342982837273
932,30.739095735177898
933,30.74389582720505
934,30.748698559808986
935,30.75350393298953
936,30.758311946746744
937,30.763122601080568
938,30.76793589599123
939,30.772751831478388
940,30.777570407542214
941,30.782391624182765
942,30.787215481399983
943,30.792041979193925
944,30.79687111756442
945,30.801702896511586
946,30.80653731603553
947,30.81137437613603
948,30.816214076813253
949,30.82105641806703
950,30.825901399897646
951,30.830727440015494
952,30.83554122360141
953,30.84035724731774
954,30.845175511164484
955,30.849996015141528
956,30.8548187592491
957,30.85964374348697
958,30.864470967855254
959,30.869300432353953
960,30.874132136983064
961,30.878966081742533
962,30.883802266632415
963,30.88864069165271
964,30.893481356803363
965,30.89832426208443
966,30.903169407495966
967,30.908016793037802
968,30.912866418710053
969,30.917718284512716
970,30.922572390445794
971,30.927428736509228
972,30.932287322703075
973,30.937148149027394
974,30.942011215481955
975,30.946876522067043
976,30.951744068782432
977,30.956613855628348
978,30.961485882604563
979,30.966360149711193
980,30.971236656948292
981,30.976115404315635
982,30.98099639181345
983,30.985879619441675
984,30.990765087200373
985,30.995652795089313
986,31.000542743108724
987,31.005434931258606
988,31.01032935953873
989,31.01522602794938
990,31.020124936490447
991,31.025026085161755
992,31.02992947396359
993,31.034835102895727
994,31.03974297195839
995,31.044653081151353
996,31.04956543047473
997,31.05448001992852
998,31.059396849512723
999,31.064315919227283
1000,31.0692372290722
1001,31.074160779047645
1002,31.07908656915339
1003,31.08401459938949
1004,31.088944869756176
1005,31.093877380253105
1006,31.09881213088039
1007,31.103749121638145
1008,31.10868835252637
1009,31.11362982354484
1010,31.118573534693837
1011,31.12351948597319
1012,31.1284676773829
1013,31.133418108923024
1014,31.13837078059356
1015,31.143325692394512
1016,31.14828284432582
1017,31.15324223638754
1018,31.158203868579733
1019,31.163167740902225
1020,31.16813385335513
1021,31.17310220593845
1022,31.178072798652124
1023,31.18304563149627
1024,31.188020704470716
1025,31.19299801757569
1026,31.19797757081102
1027,31.20295936417665
1028,31.207943397672807
1029,31.212929671299207
1030,31.217918185056078
1031,31.22290893894342
1032,31.227901932961174
1033,31.232897167109172
1034,31.23789464138764
1035,31.24289435579658
1036,31.24789631033582
1037,31.25290050500547
1038,31.257906939805537
1039,31.262915614736016
1040,31.26792652979691
1041,31.272939684988103
1042,31.277955080309766
1043,31.282972715761787
1044,31.287992591344278
1045,31.293014707057125
1046,31.298039062900386
1047,31.303065658874004
1048,31.30809449497798
1049,31.31312557121248
1050,31.318158887577283
1051,31.3231944440725
1052,31.328232240698185
1053,31.333272277454228
1054,31.33831455434057
1055,31.343359071357384
1056,31.348405828504667
1057,31.35345482578225
1058,31.358506063190248
1059,31.363559540728716
1060,31.368615258397483
1061,31.373673216196664
1062,31.37873341412626
1063,31.383795852186267
1064,31.388860530376633
1065,31.39392744869741
1066,31.398996607148604
1067,31.40406800573021
1068,31.409141644442172
1069,31.414217523284606
1070,31.41929564225734
1071,31.424376001360486
1072,31.42945860059399
1073,31.434543439958077
1074,31.43963051945235
1075,31.444719839077152
1076,31.449811398832367
1077,31.45490519871788
1078,31.46000123873381
1079,31.46509951888015
1080,31.470200039156964
1081,31.475302799564076
1082,31.480407800101545
1083,31.485515040769542
1084,31.490624521567838
1085,31.495736242496548
1086,31.50085020355567
1087,31.505966404745266
1088,31.511084846065103
1089,31.51620552751541
1090,31.521328449096245
1091,31.526453610807323
1092,31.531581012648758
1093,31.536710654620663
1094,31.541842536723095
1095,31.546976658955714
1096,31.552113021318803
1097,31.557251623812363
1098,31.562392466436222
1099,31.567535549190495
1100,31.57268087207524
1101,31.57782843509034
1102,31.582978238235796
1103,31.58813028151161
1104,31.59328456491795
1105,31.598441088454592
1106,31.603599852121647
1107,31.608760855919172
1108,31.613924099846997
1109,31.619089583905236
1110,31.62425730809389
1111,31.62942727241301
1112,31.634599476862434
1113,31.639773921442213
1114,31.64495060615252
1115,31.650129530993183
1116,31.655310695964147
1117,31.660494101065638
1118,31.665679746297542
1119,31.670867631659746
1120,31.676057757152364
1121,31.681250122775396
1122,31.68644472852884
1123,31.691641574412643
1124,31.696840660426858
1125,31.702041986571487
1126,31.707245552846473
1127,31.712451359251872
1128,31.717659405787742
1129,31.722869692453912
1130,31.72808221925044
1131,31.733272723584776
1132,31.738448720869485
1133,31.743626508107013
1134,31.748806085297133
1135,31.75398745244013
1136,31.759170609535715
1137,31.76435555658412
1138,31.769542293585232
1139,31.774730820539048
1140,31.77992113744557
1141,31.785113244304853
1142,31.790307141116898
1143,31.79550282788159
1144,31.80070030459899
1145,31.805899571269208
1146,31.81110062789213
1147,31.81630347446776
1148,31.821508110996092
1149,31.826714537477244
1150,31.831922753910987
1151,31.83713276029755
1152,31.842344556636874
1153,31.847558142928733
1154,31.852773519173525
1155,31.857990685370964
1156,31.86320964152111
1157,31.86843038762396
1158,31.87365292367963
1159,31.878877249688003
1160,31.884103365649025
1161,31.88933127156281
1162,31.894560967429356
1163,31.89979245324855
1164,31.905025729020565
1165,31.910260794745284
1166,31.91549765042265
1167,31.92073629605278
1168,31.925976731635785
1169,31.931218957171325
1170,31.936462972659626
1171,31.941708778100747
1172,31.946956373494515
1173,31.952205758840933
1174,31.957456934140282
1175,31.962709899392166
1176,31.967964654596813
1177,31.973221199754278
1178,31.97847953486439
1179,31.98373965992721
1180,31.989001574942847
1181,31.994265279911133
1182,31.99953077483218
1183,32.00479805970599
1184,32.01006713453245
1185,32.01533799931167
1186,32.020610654043594
1187,32.02588509872828
1188,32.03116133336573
1189,32.03643935795577
1190,32.04171917249869
1191,32.04700077699425
1192,32.05228417144252
1193,32.057569355843555
1194,32.06285633019729
1195,32.068145094503734
1196,32.07343564876294
1197,32.078727992974905
1198,32.084022127139576
1199,32.089318051256896
1200,32.094615765327035
1201,32.09991526934988
1202,32.10521656332543
1203,32.11051964725374
1204,32.115824521134755
1205,32.12113118496842
1206,32.1264396387549
1207,32.13174988249415
1208,32.137061916185985
1209,32.14237573983064
1210,32.147691353428
1211,32.153008756978124
1212,32.15832795048084
1213,32.163648933936486
1214,32.168971707344724
1215,32.17429627070567
1216,32.17962262401943
1217,32.1849507672859
1218,32.19028070050507
1219,32.19561242367695
1220,32.20094593680159
1221,32.20628123987888
1222,32.211618332908984
1223,32.216957215891796
1224,32.22229788882731
1225,32.227640351715536
1226,32.23298460455652
1227,32.23833064735027
1228,32.24367848009666
1229,32.24902810279582
1230,32.25437951544768
1231,32.259732718052305
1232,32.265087710609635
1233,32.270444493119726
1234,32.275803065582465
1235,32.281163427998024
1236,32.28652558036623
1237,32.2918895226872
1238,32.29725525496093
1239,32.302622777187366
1240,32.30799208936651
1241,32.3133631914983
1242,32.318736083582905
1243,32.32411076562022
1244,32.32948723761024
1245,32.33486549955302
1246,32.34024555144856
1247,32.34562739329675
1248,32.351011025097705
1249,32.35639644685142
1250,32.36178365855778
1251,32.36717266021691
1252,32.372563451828796
1253,32.37795603339333
1254,32.38335040491063
1255,32.38874656638069
1256,32.394144517803454
1257,32.39954425917887
1258,32.4049457905071
1259,32.41034911178809
1260,32.41575422302168
1261,32.42116112420808
1262,32.42656981534719
1263,32.43198029643901
1264,32.437392567483585
1265,32.44280662848092
1266,32.44822247943091
1267,32.4536401203336
1268,32.459059551189114
1269,32.46448077199727
1270,32.469903782758195
1271,32.47532858347188
1272,32.48075517413821
1273,32.48618355475725
1274,32.49161372532916
1275,32.497045685853664
1276,32.50247943633093
1277,32.50791497676096
1278,32.51335230714369
1279,32.51879142747907
1280,32.52423233776727
1281,32.52967503800818
1282,32.53511952820185
1283,32.54056580834822
1284,32.5460138784473
1285,32.55146373849908
1286,32.55691538850357
1287,32.562368828460876
1288,32.56782405837089
1289,32.57328107823349
1290,32.57873988804903
1291,32.58420048781721
1292,32.589662877538046
1293,32.5951270572117
1294,32.600593026838
1295,32.60606078641712
1296,32.61153033594883
1297,32.61700167543336
1298,32.62247480487059
1299,32.62794972426053
1300,32.63342643360329
1301,32.6389049328987
1302,32.644385222146866
1303,32.64986730134774
1304,32.65535117050132
1305,32.66083682960766
1306,32.66632427866665
1307,32.671813517678515
1308,32.67730454664297
1309,32.68279736556019
1310,32.68829197443017
1311,32.69370508737103
1312,32.69906250244111
1313,32.704420162145084
1314,32.70977806648273
1315,32.71513621545421
1316,32.72049460905947
1317,32.72585324729846
1318,32.731212130171286
1319,32.73657125767778
1320,32.74193062981817
1321,32.747290246592286
1322,32.75265010800018
1323,32.75801021404186
1324,32.76337056471732
1325,32.76873116002656
1326,32.774091999969585
1327,32.779453084546276
1328,32.78481441375686
1329,32.790175987601174
1330,32.795537806079324
1331,32.8008998691912
1332,32.806262176936855
1333,32.81162472931635
1334,32.816987526329456
1335,32.82235056797646
1336,32.82771385425724
1337,32.833077385171805
1338,32.838441160720095
1339,32.843805180902166
1340,32.84916944571802
1341,32.85453395516771
1342,32.85989870925113
1343,32.865263707968325
1344,32.87062895131925
1345,32.87599443930401
1346,32.88136017192255
1347,32.88672614917482
1348,32.892092371060926
1349,32.8974588375807
1350,32.90282554873437
1351,32.908192504521764
1352,32.91355970494294
1353,32.9189271499979
1354,32.92429483968658
1355,32.9296627740091
1356,32.935030952965406
1357,32.94039937655549
1358,32.945768044779356
1359,32.95113695763695
1360,32.95650611512832
1361,32.96187551725353
1362,32.96724516401247
1363,32.972615055405186
1364,32.97798519143163
1365,32.98335557209191
1366,32.98872619738597
1367,32.99409706731376
1368,32.999468181875386
1369,33.00483954107068
1370,33.01021114489987
1371,33.015582993362784
1372,33.02095508645954
1373,33.026327424190015
1374,33.03170000655422
1375,33.03707283355226
1376,33.042445905184024
1377,33.04781922144963
1378,33.053192782349015
1379,33.058566587882126
1380,33.06394063804902
1381,33.06931493284969
1382,33.074689472284206
1383,33.08006425635244
1384,33.08543928505435
1385,33.09081455839021
1386,33.09619007635979
1387,33.1015658389631
1388,33.10694184620024
1389,33.11231809807106
1390,33.11769459457577
1391,33.1230713357142
1392,33.128448321486474
1393,33.133825551892414
1394,33.13920302693219
1395,33.144580746605754
1396,33.14995871091304
1397,33.155336919854165
1398,33.16071537342913
1399,33.16609407163776
1400,33.171473014480114
1401,33.176852201956365
1402,33.18223163406634
1403,33.1876113108101
1404,33.19299123218764
1405,33.1983713981989
1406,33.203751808844004
1407,33.20913246412283
1408,33.214513364035554
1409,33.219894508581945
1410,33.22527589776212
1411,33.23065753157607
1412,33.23603941002381
1413,33.24142153310538
1414,33.24680390082062
1415,33.25218651316965
1416,33.25756937015251
1417,33.262952471769154
1418,33.26833581801958
1419,33.27371940890373
1420,33.279103244421606
1421,33.28448732457338
1422,33.28987164935887
1423,33.295256218778206
1424,33.300641032831265
1425,33.30602609151805
1426,33.311411394838615
1427,33.31679694279302
1428,33.322182735381205
1429,33.327568772603115
1430,33.33295505445881
1431,33.33834158094828
1432,33.343728352071594
1433,33.34911536782863
1434,33.35450262821945
1435,33.35989013324394
1436,33.365277882902376
1437,33.37066587719448
1438,33.37605411612043
1439,33.3814425996801
1440,33.38683132787355
1441,33.392220300700785
1442,33.39760951816186
1443,33.40299898025671
1444,33.408388686985234
1445,33.413778638347594
1446,33.41916883434368
1447,33.4245592749736
1448,33.42994996023725
1449,33.43534089013474
1450,33.44073206466595
1451,33.446123483830945
1452,33.45151514762978
1453,33.45690705606228
1454,33.46229920912867
1455,33.46769160682874
1456,33.47308424916258
1457,33.47847713613032
1458,33.48387026773179
1459,33.48926364396698
1460,33.494657264835894
1461,33.500051130338704
1462,33.50544524047524
1463,33.51083959524556
1464,33.51623419464971
1465,33.52162903868748
1466,33.52702412735914
1467,33.532419460664585
1468,33.53781503860375
1469,33.54321086117676
1470,33.54860692838349
1471,33.55400324022406
1472,33.5593997966983
1473,33.564796597806435
1474,33.57019364354829
1475,33.57559093392388
1476,33.58098846893324
1477,33.5863862485765
1478,33.59178427285349
1479,33.597182541764255
1480,33.60258105530863
1481,33.60797981348696
1482,33.61337881629902
1483,33.61877806374491
1484,33.62417755582453
1485,33.62957729253782
1486,33.634977273885
1487,33.64037749986596
1488,33.64577797048071
1489,33.651178685729235
1490,33.65657964561149
1491,33.661963200336004
1492,33.667334816980144
1493,33.672706350776934
1494,33.67807780172626
1495,33.683449169828236
1496,33.68882045508292
1497,33.69419165749008
1498,33.69956277704989
1499,33.704933813762295
1500,33.710304767627406
1501,33.71567563864505
1502,33.72104642681529
1503,33.72641713213824
1504,33.73178775461378
1505,33.73715829424191
1506,33.74252875102263
1507,33.74789912495601
1508,33.75326941604203
1509,33.75863962428059
1510,33.76400974967186
1511,33.76937979221566
1512,33.77474975191211
1513,33.78011962876121
1514,33.78548942276285
1515,33.79085913391708
1516,33.79622876222396
1517,33.80159830768355
1518,33.80696777029567
1519,33.81233715006044
1520,33.81770644697781
1521,33.82307566104777
1522,33.828444792270375
1523,33.833813840645576
1524,33.839182806173426
1525,33.84455168885387
1526,33.849920488686905
1527,33.85528920567265
1528,33.860657839810926
1529,33.8660263911018
1530,33.871394859545376
1531,33.87676324514149
1532,33.8821315478902
1533,33.88749976779155
1534,33.892867904845616
1535,33.898235959052215
1536,33.90360393041141
1537,33.908971818923305
1538,33.91433962458768
1539,33.91970734740471
1540,33.9250749873745
1541,33.93044254449677
1542,33.93581001877163
1543,33.941177410199145
1544,33.94654471877931
1545,33.95191194451206
1546,33.95727908739741
1547,33.962646147435464
1548,33.968013124626054
1549,33.973380018969294
1550,33.97874683046507
1551,33.98411355911361
1552,33.98948020491463
1553,33.994846767868296
1554,34.000213247974614
1555,34.005579645233524
1556,34.01094595964503
1557,34.01631219120918
1558,34.021678339925984
1559,34.02704440579532
1560,34.03241038881731
1561,34.03777628899195
1562,34.043142106319124
1563,34.04850784079895
1564,34.05387349243142
1565,34.05923906121649
1566,34.06460454715415
1567,34.069969950244456
1568,34.07533527048747
1569,34.08070050788291
1570,34.086065662431054
1571,34.09143073413185
1572,34.096795722985235
1573,34.102160628991214
1574,34.107525452149844
1575,34.112890192461066
1576,34.11825484992488
1577,34.123619424541346
1578,34.12898391631046
1579,34.13434832523211
1580,34.139712651306354
1581,34.14507689453336
1582,34.15044105491285
1583,34.15580513244498
1584,34.16116912712971
1585,34.166533038967145
1586,34.171896867957116
1587,34.17726061409974
1588,34.18262427739501
1589,34.18798785784281
1590,34.19335135544327
1591,34.198714770196375
1592,34.20407810210202
1593,34.209441351160365
1594,34.21480451737125
1595,34.22016760073484
1596,34.225530601250966
1597,34.230893518919686
1598,34.23625635374111
1599,34.24161910571513
1600,34.246981774841686
1601,34.25234436112095
1602,34.2577068645528
1603,34.26306928513725
1604,34.26843162287429
1605,34.27379387776409
1606,34.27915604980632
1607,34.28451813900125
1608,34.28988014534883
1609,34.29524206884901
1610,34.30060390950172
1611,34.30596566730702
1612,34.311327342265145
1613,34.31668893437569
1614,34.32205044363894
1615,34.32741187005479
1616,34.33277321362323
1617,34.338134474344315
1618,34.34349565221805
1619,34.34885674724438
1620,34.35421775942325
1621,34.35957868875482
1622,34.36493953523899
1623,34.37030029887575
1624,34.375660979665156
1625,34.38102157760716
1626,34.38638209270181
1627,34.39174252494894
1628,34.397102874348775
1629,34.40246314090132
1630,34.4078233246064
1631,34.41318342546407
1632,34.41854344347445
1633,34.42390337863736
1634,34.42926323095287
1635,34.43462300042103
1636,34.43998268704178
1637,34.44534229081518
1638,34.45070181174117
1639,34.45606124981987
1640,34.461420605051046
1641,34.46677987743482
1642,34.47213906697141
1643,34.47749817366042
1644,34.48285719750214
1645,34.488216138496455
1646,34.49357499664342
1647,34.49893377194297
1648,34.50429246439512
1649,34.50965107399986
1650,34.51500960075725
1651,34.52036804466724
1652,34.52572640572993
1653,34.53108468394515
1654,34.53644287931303
1655,34.54180099183344
1656,34.54715902150656
1657,34.55251696833227
1658,34.557874832310574
1659,34.56323261344147
1660,34.568590311725075
1661,34.573947927161214
1662,34.579305459749946
1663,34.58466290949144
1664,34.59002027638542
1665,34.595377560431984
1666,34.60073476163126
1667,34.606091879983126
1668,34.611448915487586
1669,34.616805868144695
1670,34.62216273795434
1671,34.62751536583443
1672,34.632865040073284
1673,34.638214554295644
1674,34.64356390850128
1675,34.64891310269036
1676,34.65426213686277
1677,34.65961101101851
1678,34.664959725157644
1679,34.67030827928022
1680,34.67565667338613
1681,34.68100490747537
1682,34.686352981548
1683,34.691700895604015
1684,34.697048649643364
1685,34.70239624366616
1686,34.70774367767217
1687,34.71309095166174
1688,34.71843806563459
1689,34.72378501959082
1690,34.72913181353033
1691,34.734478447453284
1692,34.73982492135963
1693,34.74517123524936
1694,34.75051738912242
1695,34.75586338297887
1696,34.761209216818656
1697,34.76655489064183
1698,34.77190040444839
1699,34.77724575823834
1700,34.78259095201162
1701,34.787935985768286
1702,34.7932808595084
1703,34.79862557323173
1704,34.803970126938566
1705,34.809314520628675
1706,34.81465875430217
1707,34.82000282795906
1708,34.82534674159933
1709,34.83069049522294
1710,34.83603408882993
1711,34.841377522420316
1712,34.84672079599403
1713,34.852063909551134
1714,34.857406863091626
1715,34.86274965661545
1716,34.868092290122604
1717,34.87343476361326
1718,34.87877707708719
1719,34.88411923054451
1720,34.88946122398522
1721,34.89480305740926
1722,34.90014473081669
1723,34.90548624420751
1724,34.91082759758166
1725,34.91616879093931
1726,34.921509824280236
1727,34.92685069760455
1728,34.932191410912196
1729,34.937531964203174
1730,34.94287235747754
1731,34.94821259073535
1732,34.953552663976495
1733,34.95889257720097
1734,34.964232330408834
1735,34.969571923600085
1736,34.974911356774726
1737,34.9802506299327
1738,34.98558974307406
1739,34.99092869619881
1740,34.99626748930683
1741,35.00160612239836
1742,35.006944595473215
1743,35.012282908531404
1744,35.01762106157298
1745,35.02295905459789
1746,35.028296887606245
1747,35.03363456059799
1748,35.03897207357306
1749,35.04430942653147
1750,35.049646619473265
1751,35.05498365239845
1752,35.06032052530696
1753,35.06565723819887
1754,35.07099379107416
1755,35.07633018393284
1756,35.08166641677485
1757,35.08700248960025
1758,35.092338402408984
1759,35.097674155201105
1760,35.103009747976614
1761,35.108345180735455
1762,35.113680453477684
1763,35.1190155662033
1764,35.12435051891231
1765,35.129685311604646
1766,35.13501994428037
1767,35.14035441693949
1768,35.145688729581934
1769,35.15102288220777
1770,35.15635687481705
1771,35.16169070740966
1772,35.16702437998555
1773,35.17235789254488
1774,35.177691245087544
1775,35.18302443761365
1776,35.18835747012304
1777,35.19369034261581
1778,35.19902305509197
1779,35.20435560755152
1780,35.20968799999446
1781,35.21502023242067
1782,35.220352304830385
1783,35.225684217223375
1784,35.231015969599696
1785,35.23634756195952
1786,35.24167899430262
1787,35.24701026662916
1788,35.25234137893898
1789,35.257672331232186
1790,35.26300312350884
1791,35.26833375576882
1792,35.27366422801214
1793,35.2789945402389
1794,35.28432469244905
1795,35.28965468464247
1796,35.294984516819284
1797,35.300314188979485
1798,35.30564370112302
1799,35.310973053249995
1800,35.316302245360305
0,28.00000000810394
1,28.00029016923628
2,28.00061871051861
3,28.001099996947744
4,28.00160615524578
5,28.00219007516222
6,28.002831127776574
7,28.003529313089018
8,28.00425998927858
9,28.005028856261504
10,28.0058407803794
11,28.00669576163233
12,28.007593800020004
13,28.008534895542766
14,28.00951904820039
15,28.01051848654754
16,28.01153265616523
17,28.01257793822583
18,28.013654332729175
19,28.01476183967543
20,28.015900459064483
21,28.017070190896504
22,28.018271035171267
23,28.019502991889
24,28.020766061049585
25,28.022060242653026
26,28.02338553669921
27,28.02474194318836
28,28.026129462120366
29,28.02753381881803
30,28.02890494637876
31,28.030297230475014
32,28.031710671106794
33,28.033145268273984
34,28.034601021976755
35,28.03607793221505
36,28.037575998988814
37,28.039095222298158
38,28.0406356021428
39,28.04219713852308
40,28.04377983143894
41,28.045383680890154
42,28.047008686876893
43,28.048654849399156
44,28.050322168456944
45,28.052010644050256
46,28.05372027617898
47,28.055451064843282
48,28.057203010043054
49,28.058976111778406
50,28.06077037004917
51,28.062585784855457
52,28.064422356197213
53,28.066280084074492
54,28.06815896848724
55,28.070059009435568
56,28.071980206919363
57,28.073922560938684
58,28.07588577292563
59,28.07786965102025
60,28.079874634070052
61,28.081900722075204
62,28.083947915035708
63,28.086016212951506
64,28.0881056158226
65,28.090216123648986
66,28.092347736430725
67,28.0945004541677
68,28.09667427686003
69,28.098869204507707
70,28.101085237110624
71,28.103322374668892
72,28.105580617182397
73,28.107859964651254
74,28.110160417075406
75,28.11248197445491
76,28.11482463678965
77,28.11718840407974
78,28.119573276325127
79,28.121979253525865
80,28.124406335681897
81,28.126854522793167
82,28.129323814859845
83,28.13181421188176
84,28.13432571385897
85,28.136858320791475
86,28.139412032679388
87,28.14198684952254
88,28.144582771320984
89,28.147199798074837
90,28.149837929783814
91,28.152497166448256
92,28.155177508067936
93,28.15787895464291
94,28.160601506173236
95,28.163345162658857
96,28.16610992409977
97,28.16889579049598
98,28.171702761847484
99,28.174530838154396
100,28.177380019416603
101,28.18025030563399
102,28.183141696806786
103,28.186054192934876
104,28.18898779401826
105,28.19194250005694
106,28.194918311050913
107,28.19791522700018
108,28.200933247904857
109,28.20397237376477
110,28.20703260457998
111,28.210113940350595
112,28.213216381076336
113,28.21633992675754
114,28.219484577393928
115,28.222650332985666
116,28.225416041438507
117,28.228079075084395
118,28.230745107575558
119,28.233414138912167
120,28.236086169094108
121,28.238761198121324
122,28.241439225993986
123,28.24412025271198
124,28.246804278275363
125,28.24949130268402
126,28.252181325937954
127,28.25487434803739
128,28.2575703689821
129,28.260269388772144
130,28.262971407407633
131,28.26567642488834
132,28.268384441214437
133,28.27109545638598
134,28.27380947040274
135,28.276526483264945
136,28.279246494972483
137,28.28196950552524
138,28.2846955149235
139,28.287424523167033
140,28.2901565302559
141,28.292891536190268
142,28.2956295409698
143,28.298370544594775
144,28.301114547065083
145,28.303861548380723
146,28.306611548541753
147,28.309364547548057
148,28.312120545399694
149,28.314879542096833
150,28.31764153763919
151,28.32040653202688
152,28.32317452526007
153,28.325945517338425
154,28.328719508262225
155,28.331496498031356
156,28.33427648664582
157,28.33705947410573
158,28.339845460410857
159,28.34263444556143
160,28.345426429557335
161,28.348221412398516
162,28.351019394085085
163,28.353820374616987
164,28.356624353994277
165,28.3594313322169
166,28.36224130928491
167,28.365054285198198
168,28.367870259956874
169,28.37068923356088
170,28.373511206010278
171,28.376336177305006
172,28.379164147445067
173,28.38199511643046
174,28.384829084261185
175,28.387666050937298
176,28.3905060164588
177,28.393348980825635
178,28.396194944037745
179,28.3990439060953
180,28.40189586699813
181,28.404750826746294
182,28.407608785339903
183,28.410469742778787
184,28.413333699063003
185,28.416200654192664
186,28.4190706081676
187,28.421943560987927
188,28.424819512653528
189,28.427698463164518
190,28.43058041252084
191,28.43346536072255
192,28.436353307769593
193,28.43924425366197
194,28.442138198399675
195,28.445035141982714
196,28.447935084411256
197,28.45083802568496
198,28.453743965804108
199,28.456652904768646
200,28.459564842578402
201,28.462479779233604
202,28.465397714734138
203,28.468318649080004
204,28.47124258227126
205,28.47416951430779
206,28.47709944518965
207,28.480032374917016
208,28.4829683034896
209,28.485907230907628
210,28.488849157170932
211,28.49179408227951
212,28.494742006233594
213,28.497692929032894
214,28.50064685067764
215,28.503603771167718
216,28.50656369050307
217,28.50952660868387
218,28.51249252571
219,28.515461441581408
220,28.51843335629826
221,28.52140826986033
222,28.524386182267847
223,28.52736709352081
224,28.530351003618932
225,28.533337912562445
226,28.536327820351403
227,28.53932072698558
228,28.5423166324652
229,28.5453155367901
230,28.548317439960385
231,28.5515103784644
232,28.554837666278615
233,28.55817339424425
234,28.56151756236119
235,28.564870170629547
236,28.568231219049096
237,28.571600707620007
238,28.574978636342337
239,28.57836500521597
240,28.581759814240968
241,28.585163063417212
242,28.588574752744876
243,28.591994882223844
244,28.59542345185423
245,28.59886046163581
246,28.602305911568862
247,28.605759801653107
248,28.609222131888828
249,28.612692902275796
250,28.616172112814183
251,28.61965976350382
252,28.62315585434476
253,28.626660385337118
254,28.630173356480782
255,28.633694767775864
256,28.63722461922214
257,28.640762910819888
258,28.644309642568885
259,28.6478648144693
260,28.651428426520965
261,28.65500047872399
262,28.658580971078322
263,28.662169903584072
264,28.66576727624107
265,28.669373089049486
266,28.672987342009208
267,28.67661003512029
268,28.680241168382565
269,28.683880741796315
270,28.68752875536137
271,28.69118520907773
272,28.694850102945566
273,28.698523436964535
274,28.702205211135038
275,28.70589542545673
276,28.709594079929843
277,28.713301174554203
278,28.71701670933004
279,28.720740684257066
280,28.724473099335455
281,28.728213954565263
282,28.731963249946375
283,28.735720985478736
284,28.73948716116257
285,28.743261776997656
286,28.747044832984045
287,28.75083632912191
288,28.754636265410966
289,28.75844464185144
290,28.76226145844322
291,28.76608671518636
292,28.769920412080808
293,28.773762549126673
294,28.777613126323672
295,28.781472143672204
296,28.785339601171984
297,28.789215498823125
298,28.79309983662563
299,28.796992614579494
300,28.800893832684608
301,28.80480349094114
302,28.80872158934892
303,28.812648127908005
304,28.816583106618566
305,28.820526525480375
306,28.824478384493545
307,28.82843868365802
308,28.832407422973915
309,28.836384602441058
310,28.840370222059562
311,28.844364281829428
312,28.848366781750656
313,28.85237772182313
314,28.856397102047083
315,28.860424922422226
316,28.864461182948787
317,28.868505883626597
318,28.872559024455825
319,28.876620605436358
320,28.880690626568196
321,28.884769087851453
322,28.888855989285958
323,28.892951330871938
324,28.897055112609053
325,28.9011673344977
326,28.905287996537538
327,28.909417098728795
328,28.913554641071357
329,28.91770062356528
330,28.92185504621051
331,28.9260179090071
332,28.930189211954996
333,28.93436895505431
334,28.938557138304816
335,28.942753761706797
336,28.946958825260026
337,28.95117232896456
338,28.95539427282057
339,28.95962465682777
340,28.963863480986447
341,28.968110745296315
342,28.972366449757658
343,28.97663059437025
344,28.980903179134202
345,28.98518420404946
346,28.989473669116137
347,28.993771574334062
348,28.998077919703405
349,29.002392705223997
350,29.006715930896007
351,29.011047596719266
352,29.015387702693886
353,29.019736248819925
354,29.02409323509721
355,29.02845866152586
356,29.03283252810587
357,29.037214834837187
358,29.041605581719807
359,29.046004768753846
360,29.05041239593919
361,29.054828463275896
362,29.05925297076385
363,29.063685918403223
364,29.0681273061939
365,29.07257713413594
366,29.077035402229228
367,29.08150211047399
368,29.085977258869946
369,29.09046084741732
370,29.094952876115997
371,29.09945334496598
372,29.10396225396738
373,29.108479603120088
374,29.113005392424157
375,29.11753962187953
376,29.122082291486265
377,29.126633401244305
378,29.131192951153707
379,29.135760941214414
380,29.14033737142654
381,29.144922241789857
382,29.14951555230465
383,29.15411730297069
384,29.158727493788092
385,29.1633461247568
386,29.16797319587687
387,29.1726087071483
388,29.177252658571035
389,29.18190505014519
390,29.186565881870592
391,29.1912351537473
392,29.195912865775426
393,29.200599017954914
394,29.205293610285594
395,29.20999664276775
396,29.21470811540121
397,29.219428028185973
398,29.224156381122043
399,29.22889317420959
400,29.233638407448268
401,29.23839208083848
402,29.243154194379883
403,29.247924748072705
404,29.252703741916832
405,29.25749117591232
406,29.26228705005917
407,29.26709136435727
408,29.27190411880673
409,29.276725313407496
410,29.281554948159737
411,29.286075812979334
412,29.290386164666643
413,29.294699070864908
414,29.29901453157396
415,29.303332546793968
416,29.307653116524875
417,29.31197624076674
418,29.316301919519447
419,29.32063015278311
420,29.324960940557617
421,29.329294282843023
422,29.33363017963933
423,29.33796863094659
424,29.342309636764696
425,29.3466531970937
426,29.350999311933606
427,29.355347981284467
428,29.359699205146114
429,29.364052983518718
430,29.36840931640228
431,29.37276820379674
432,29.37712964570204
433,29.3814936421183
434,29.385860193045403
435,29.390229298483405
436,29.394600958432363
437,29.398975172892165
438,29.403351941862866
439,29.407731265344523
440,29.412113143337024
441,29.416497575840424
442,29.420884562854724
443,29.425274104380037
444,29.429666200416136
445,29.434060850963192
446,29.43845805602109
447,29.442857815589946
448,29.4472601296697
449,29.4516649982603
450,29.456072421361853
451,29.46048239897425
452,29.464894931097604
453,29.469310017731857
454,29.473727658876953
455,29.478147854533006
456,29.48257060469996
457,29.486995909377754
458,29.491423768566563
459,29.495854182266157
460,29.50028715047671
461,29.504722673198103
462,29.509160750430453
463,29.513601382173647
464,29.518044568427797
465,29.522490309192847
466,29.52693860446874
467,29.53138945425559
468,29.53584285855345
469,29.5402988173621
470,29.54475733068159
471,29.54921839851204
472,29.553682020853387
473,29.558148197705577
474,29.56261692906878
475,29.56708821494277
476,29.57156205532766
477,29.576038450223564
478,29.58051739963031
479,29.5849989035479
480,29.5894829619765
481,29.593969574915945
482,29.598458742366347
483,29.60295046432759
484,29.60744474079968
485,29.611941571782722
486,29.616440957276666
487,29.62094289728151
488,29.625447391797252
489,29.629954440823894
490,29.634464044361437
491,29.638976202409935
492,29.643490914969277
493,29.648008182039575
494,29.65252800362066
495,29.657050379712757
496,29.661575310315698
497,29.666102795429538
498,29.670632835054278
499,29.675165429189974
500,29.679700577836513
501,29.684238280993952
502,29.68877853866229
503,29.69332135084153
504,29.697866717531724
505,29.70241463873282
506,29.7069651144447
507,29.711518144667593
508,29.716073729401387
509,29.720631868646024
510,29.72519256240156
511,29.729755810668053
512,29.73432161344533
513,29.738889970733624
514,29.74346088253276
515,29.748034348842793
516,29.75261036966384
517,29.757188944995733
518,29.761770074838466
519,29.7663537591921
520,29.77093999805669
521,29.775528791432123
522,29.780120139318512
523,29.784714041715745
524,29.789310498623934
525,29.793909510042965
526,29.798511075972954
527,29.803115196413785
528,29.807721871365572
529,29.81233110082826
530,29.816942884801847
531,29.821557223286334
532,29.826174116281663
533,29.83079356378795
534,29.835415565805135
535,29.840040122333164
536,29.844667233372093
537,29.849296898922034
538,29.853929118982762
539,29.858563893554447
540,29.86320122263703
541,29.867841106230458
542,29.872483544334898
543,29.87712853695018
544,29.881776084076364
545,29.88642618571339
546,29.891078841861372
547,29.895734052520254
548,29.90039181768998
549,29.905052137370717
550,29.90971501156224
551,29.914380440264722
552,29.919048423478102
553,29.923718961202383
554,29.92839205343762
555,29.9330677001837
556,29.93774590144062
557,29.942426657208557
558,29.947109967487336
559,29.951795832277014
560,29.956484251577592
561,29.96117522538907
562,29.965868753711447
563,29.970564836544668
564,29.975263473888845
565,29.979964665743978
566,29.984668412109954
567,29.989374712986887
568,29.994083568374663
569,29.998794978273338
570,30.003508942682913
571,30.008225461603388
572,30.01294453503482
573,30.017666162977093
574,30.02239034543021
575,30.027117082394284
576,30.031846373869314
577,30.036578219855244
578,30.041312620352016
579,30.046049575359746
580,30.050789084878318
581,30.055531148907846
582,30.06027576744816
583,30.065022940499432
584,30.06977266806166
585,30.074524950134787
586,30.0792797867187
587,30.084037177813627
588,30.088797123419397
589,30.093559623536123
590,30.098324678163692
591,30.103154463223404
592,30.108029719532112
593,30.112908683988223
594,30.117791356591624
595,30.12267773734237
596,30.127567826240522
597,30.13246162328602
598,30.137359128478863
599,30.14226034181894
600,30.147165263306533
601,30.152073892941473
602,30.156986230723703
603,30.16190227665328
604,30.166822030730202
605,30.17174549295447
606,30.1766726633262
607,30.181603541845163
608,30.186538128511472
609,30.19147642332524
610,30.1964184262863
611,30.201364137394762
612,30.206313556650457
613,30.211266684053612
614,30.216223519604057
615,30.221184063301905
616,30.2261483151471
617,30.231116275139584
618,30.23608794327953
619,30.241063319566763
620,30.2460424040014
621,30.25102519658327
622,30.2560116973126
623,30.26100190618928
624,30.265995823213302
625,30.27099344838456
626,30.275994781703332
627,30.280999823169395
628,30.286008572782805
629,30.291021030543618
630,30.29603719645172
631,30.30105707050717
632,30.306080652709966
633,30.311107943060165
634,30.316138941557654
635,30.321173648202603
636,30.32621206299484
637,30.331254185934426
638,30.336300017021358
639,30.341349556255636
640,30.346402803637318
641,30.35145975916629
642,30.356520422842664
643,30.361584794666328
644,30.366652874637452
645,30.371724662755867
646,30.376800159021684
647,30.38187936343479
648,30.386962275995188
649,30.392048896703045
650,30.39713922555825
651,30.402233262560742
652,30.40733100771058
653,30.412432461007825
654,30.41753762245247
655,30.422646492044464
656,30.427759069783747
657,30.43287535567032
658,30.437995349704295
659,30.443119051885674
660,30.448246462214456
661,30.45337758069047
662,30.45851240731389
663,30.463650942084655
664,30.468793185002767
665,30.473939136068225
666,30.479088795281086
667,30.484242162641237
668,30.489399238148792
669,30.494560021803636
670,30.499724513605827
671,30.504892713555478
672,30.510064621652475
673,30.515240237896762
674,30.52041956228834
675,30.52560259482732
676,30.530789335513703
677,30.535979784347376
678,30.54117394132851
679,30.546371806456875
680,30.551573379732645
681,30.55677866115576
682,30.56198765072628
683,30.567200348443976
684,30.572416754309245
685,30.577636868321747
686,30.582860690481652
687,30.588088220788904
688,30.59331945924339
689,30.59855440584539
690,30.603793060594683
691,30.60903542349132
692,30.614281494535305
693,30.619531273726693
694,30.62478476106537
695,30.63004195655145
696,30.63530286018488
697,30.640567471965596
698,30.645835791893717
699,30.651107819969184
700,30.656383556192054
701,30.661663000562157
702,30.666946153079664
703,30.672233013744574
704,30.67752358255683
705,30.682817859516376
706,30.688115844623326
707,30.69341753787762
708,30.698722939279264
709,30.70403204882831
710,30.709344866524646
711,30.714661392368328
712,30.719981626359356
713,30.725305568497788
714,30.73063321878351
715,30.735964577216635
716,30.741299643797163
717,30.74663841852498
718,30.751980901400145
719,30.7573270924226
720,30.762676991592514
721,30.768030598909775
722,30.773387914374325
723,30.778748937986222
724,30.78411366974558
725,30.78948210965217
726,30.79485425770622
727,30.80023011390756
728,30.80560967825619
729,30.81099295075228
730,30.816379931395716
731,30.8217706201865
732,30.82716501712457
733,30.83256312220999
734,30.83796493544287
735,30.84337045682304
736,30.84877968635061
737,30.85419262402536
738,30.859609269847624
739,30.865029623817236
740,30.870453685934194
741,30.875881456198385
742,30.881312934610037
743,30.88674812116909
744,30.892187015875493
745,30.897629618729127
746,30.903075929730164
747,30.908525948878605
748,30.913979676174392
749,30.91943711161747
750,30.924898255207836
751,30.93036310694572
752,30.935831666830893
753,30.94130393486347
754,30.946779911043222
755,30.952259595370492
756,30.95774298784511
757,30.963230088467014
758,30.968720897236324
759,30.974215414152923
760,30.979713639216982
761,30.98521557242833
762,30.990721213787026
763,30.99623056329301
764,31.001743620946456
765,31.00726038674719
766,31.01278086069533
767,31.018305042790814
768,31.02383293303359
769,31.029364531423766
770,31.034899837961234
771,31.040281782473357
772,31.04555901792969
773,31.050837047191692
774,31.05611587025942
775,31.061395487132927
776,31.066675897812047
777,31.07195710229695
778,31.077239100587462
779,31.0825218926837
780,31.087805478585608
781,31.093089858293297
782,31.098375031806654
783,31.10366099912568
784,31.108947760250373
785,31.114235315180906
786,31.11952366391705
787,31.12481280645892
788,31.130102742806457
789,31.135393472959663
790,31.14068499691865
791,31.14597731468325
792,31.15127042625363
793,31.15656433162968
794,31.1618590308114
795,31.167154523798843
796,31.172450810592068
797,31.177747891190847
798,31.18304576559541
799,31.188344433805696
800,31.193643895821594
801,31.198944151643275
802,31.204245201270624
803,31.20954704470364
804,31.21484968194244
805,31.22015311298685
806,31.225457337836986
807,31.23076235649279
808,31.236068168954375
809,31.24137477522163
810,31.246682175294552
811,31.2519903691732
812,31.257299356857573
813,31.262609138347614
814,31.267919713643323
815,31.273231082744758
816,31.278543245651974
817,31.283856202364746
818,31.289169952883356
819,31.29448449720752
820,31.299799835337467
821,31.30511596727314
822,31.310432893014536
823,31.315750612561487
824,31.321069125914335
825,31.32638843307268
826,31.331708534036864
827,31.337029428806716
828,31.342351117382236
829,31.347673599763482
830,31.352996875950453
831,31.358320945943035
832,31.363645809741456
833,31.368971467345432
834,31.37429791875519
835,31.379625163970672
836,31.384953202991767
837,31.390282035818586
838,31.395611662451188
839,31.4009420828894
840,31.406273297133396
841,31.411605305183002
842,31.41693810703839
843,31.42227170269939
844,31.427606092166116
845,31.43294127543868
846,31.43827725251674
847,31.44361402340064
848,31.448951588090154
849,31.45428994658539
850,31.459629098886353
851,31.464969044992984
852,31.47030978490534
853,31.475651318623363
854,31.480993646147112
855,31.486336767476587
856,31.491680682611673
857,31.49702539155254
858,31.502370894299077
859,31.507717190851338
860,31.513064281209267
861,31.518412165372922
862,31.52376084334219
863,31.529110315117293
864,31.53446058069801
865,31.53981164008451
866,31.54516349327662
867,31.550516140274453
868,31.555869581078014
869,31.5612238156873
870,31.566578844102196
871,31.571934666322818
872,31.577291282349165
873,31.582648692181237
874,31.588006895818978
875,31.593365893262387
876,31.59872568451152
877,31.60408626956638
878,31.609447648426908
879,31.61480982109316
880,31.62017278756508
881,31.625536547842785
882,31.630901101926042
883,31.63626644981514
884,31.641632591509847
885,31.646999527010337
886,31.65236725631638
887,31.657735779428265
888,31.663105096345816
889,31.668475207069093
890,31.67384611159798
891,31.679217809932652
892,31.684590302072934
893,31.689963588019054
894,31.69533766777073
895,31.700712541328187
896,31.706088208691313
897,31.71146466986022
898,31.71684192483474
899,31.722219973614983
900,31.727598816200896
901,31.73297845259259
902,31.738358882789896
903,31.743740106792927
904,31.749122124601627
905,31.754504936216108
906,31.759888541636315
907,31.765272940862076
908,31.770658133893676
909,31.776044120730887
910,31.78143090137388
911,31.786818475822486
912,31.792206844076873
913,31.79759600613687
914,31.802985962002595
915,31.808376711673986
916,31.813768255151217
917,31.819160592434002
918,31.82455372352257
919,31.829947648416805
920,31.835342367116766
921,31.840737879622395
922,31.846134185933693
923,31.851531286050772
924,31.85692917997352
925,31.862327867701936
926,31.867727349236077
927,31.873127624575886
928,31.87852869372142
929,31.883930556672624
930,31.88933321342961
931,31.894736663992262
932,31.900140908360584
933,31.905545946534573
934,31.910951778514402
935,31.916358404299785
936,31.92176582389095
937,31.927174037287784
938,31.932583044490343
939,31.93799284549857
940,31.943403440312522
941,31.948814828932086
942,31.95422701135749
943,31.959639987588446
944,31.965053757625242
945,31.970468321467706
946,31.97588367911584
947,31.98129983056964
948,31.986716775829166
949,31.992134514894417
950,31.997553047765393
951,32.003008704076024
952,32.00849023061039
953,32.01397322502481
954,32.019457687319175
955,32.024943617493534
956,32.03043101554789
957,32.03591988148224
958,32.041410215296594
959,32.04690201699094
960,32.05239528656523
961,32.05789002401957
962,32.063386229353966
963,32.068883902568246
964,32.07438304366252
965,32.079883652636795
966,32.08538572949112
967,32.09088927422539
968,32.096394286839654
969,32.10190076733397
970,32.10740871570823
971,32.11291813196243
972,32.118429016096684
973,32.123941368110934
974,32.12945518800518
975,32.134970475779426
976,32.14048723143367
977,32.14600545496785
978,32.15152514638203
979,32.15704630567626
980,32.16256893285049
981,32.168093027904604
982,32.173618590838885
983,32.17914562165305
984,32.184674120347154
985,32.19020408692131
986,32.19573552137547
987,32.20126842370962
988,32.20680279392377
989,32.21233863201792
990,32.21787593799206
991,32.22341471184609
992,32.228954953580285
993,32.23449666319431
994,32.240039840688496
995,32.24558448606251
996,32.25113059931664
997,32.25667818045076
998,32.26222722946477
999,32.26777774635883
1000,32.27332973113289
1001,32.278883183786945
1002,32.284438104321
1003,32.28999449273499
1004,32.295552349029094
1005,32.301111673203025
1006,32.306672465257066
1007,32.312234725191104
1008,32.31779845300508
1009,32.323363648699114
1010,32.32893031227309
1011,32.334498443727
1012,32.340068043061024
1013,32.34563911027493
1014,32.35121164536895
1015,32.35678564834291
1016,32.36236111919686
1017,32.367938057930814
1018,32.37351646454471
1019,32.3790963390386
1020,32.384677681412484
1021,32.390260491666425
1022,32.39584476980036
1023,32.40143051581424
1024,32.40701772970817
1025,32.412606411482045
1026,32.418196561135915
1027,32.423788178669724
1028,32.42938126408359
1029,32.434975817377506
1030,32.440571838551364
1031,32.44616932760522
1032,32.45176828453896
1033,32.45736870935281
1034,32.46297060204665
1035,32.468573962620496
1036,32.47417879107428
1037,32.47978508740806
1038,32.48539285162195
1039,32.491002083715614
1040,32.496612783689386
1041,32.50222495154321
1042,32.507838587277035
1043,32.51345369089074
1044,32.5190702623845
1045,32.524688301758204
1046,32.53030780901196
1047,32.53592878414565
1048,32.5415512271594
1049,32.54717513805315
1050,32.55280051682689
1051,32.558427363480575
1052,32.5640556780142
1053,32.56968546042788
1054,32.57531671072161
1055,32.58094942889534
1056,32.58658361494895
1057,32.592219268882616
1058,32.59785639069628
1059,32.60349498038988
1060,32.60913503796354
1061,32.614776563417195
1062,32.620419556750846
1063,32.626064017964495
1064,32.631709947058084
1065,32.63735734403173
1066,32.6430062088852
1067,32.648656541618834
1068,32.65430834223247
1069,32.65996161072604
1070,32.665616347099615
1071,32.671272551353184
1072,32.67693022348675
1073,32.682589363500256
1074,32.688249971393816
1075,32.693912047167316
1076,32.69957559082093
1077,32.705240602354365
1078,32.710907081767914
1079,32.7165750290614
1080,32.722244444234946
1081,32.72791532728843
1082,32.73358767822191
1083,32.739261497035386
1084,32.74493678372886
1085,32.75061353830233
1086,32.7562917607558
1087,32.76197145108921
1088,32.76765260930273
1089,32.773335235396075
1090,32.77901932936959
1091,32.78470489122299
1092,32.79039192095644
1093,32.79608041856977
1094,32.80177038406322
1095,32.807461817436604
1096,32.81315471868999
1097,32.81884908782342
1098,32.8245449248368
1099,32.83024222973012
1100,32.83594100250349
1101,32.84164124315686
1102,32.847342951690166
1103,32.85304612810353
1104,32.85875077239689
1105,32.864456884570245
1106,32.870164464623485
1107,32.87587351255678
1108,32.88158402837013
1109,32.88729601206347
1110,32.89300946363676
1111,32.89872438309004
1112,32.90444077042332
1113,32.91015862563654
1114,32.91587794872987
1115,32.92159873970314
1116,32.92732099855641
1117,32.93304472528962
1118,32.93876991990288
1119,32.944496582396084
1120,32.950224712769284
1121,32.95595431102254
1122,32.96168537715573
1123,32.96741791116898
1124,32.97315191306217
1125,32.97888738283535
1126,32.98462432048859
1127,32.99036272602166
1128,32.996102599434835
1129,33.001843940728065
1130,33.007586749901236
1131,33.01331697032015
1132,33.01903895607069
1133,33.024762148888954
1134,33.03048654877483
1135,33.03621215572849
1136,33.041938969749765
1137,33.04766699083876
1138,33.05339621899543
1139,33.059126654219824
1140,33.06485829651183
1141,33.07059114587156
1142,33.076325202298904
1143,33.08206046579403
1144,33.08779693635677
1145,33.09353461398723
1146,33.09927349868536
1147,33.105013590451165
1148,33.11075488928469
1149,33.11649739518589
1150,33.1222411081547
1151,33.12798602819129
1152,33.13373215529549
1153,33.139479489467476
1154,33.14522803070713
1155,33.1509777790144
1156,33.156728734389446
1157,33.162480896831994
1158,33.16823426634244
1159,33.17398884292038
1160,33.17974462656616
1161,33.1855016172795
1162,33.19125981506062
1163,33.19701921990935
1164,33.20277983182581
1165,33.208541650809934
1166,33.214304676861786
1167,33.22006890998125
1168,33.2258343501685
1169,33.23160099742336
1170,33.23736885174594
1171,33.24313791313625
1172,33.24890818159412
1173,33.254679657119766
1174,33.26045233971303
1175,33.26622622937401
1176,33.27200132610267
1177,33.27777762989905
1178,33.28355514076304
1179,33.28933385869482
1180,33.295113783694205
1181,33.30089491576132
1182,33.30667725489599
1183,33.31246080109855
1184,33.318245554368616
1185,33.32403151470652
1186,33.32981868211198
1187,33.33560705658516
1188,33.34139663812613
1189,33.34718742673465
1190,33.3529794224109
1191,33.35877262515481
1192,33.3645670349664
1193,33.37036265184571
1194,33.37615947579275
1195,33.381957506807396
1196,33.387756744889714
1197,33.39355719003976
1198,33.39935884225753
1199,33.40516170154285
1200,33.41096576789596
1201,33.41677104131679
1202,33.42257752180524
1203,33.42838520936135
1204,33.434194103985135
1205,33.4400042056767
1206,33.44581551443588
1207,33.45162803026284
1208,33.4574417531573
1209,33.46325668311965
1210,33.469072820149506
1211,33.4748901642472
1212,33.48070871541245
1213,33.48652847364548
1214,33.492349438946064
1215,33.49817161131449
1216,33.50399499075047
1217,33.509819577254234
1218,33.51564537082561
1219,33.52147237146471
1220,33.52730057917154
1221,33.53312999394598
1222,33.53896061578814
1223,33.54479244469792
1224,33.550625480675535
1225,33.55645972372065
1226,33.56229517383355
1227,33.568131831014114
1228,33.57396969526235
1229,33.57980876657825
1230,33.58564904496194
1231,33.59149053041324
1232,33.59733322293221
1233,33.603177122518844
1234,33.609022229173206
1235,33.614868542895294
1236,33.620716063684995
1237,33.62656479154242
1238,33.632414726467516
1239,33.63826586846034
1240,33.64411821752077
1241,33.64997177364893
1242,33.655826536844756
1243,33.66168250710825
1244,33.66753968443942
1245,33.67339806883837
1246,33.67925766030487
1247,33.68511845883921
1248,33.690980464441054
1249,33.69684367711079
1250,33.70270809684803
1251,33.708573723653046
1252,33.71444055752568
1253,33.72030859846609
1254,33.72617784647417
1255,33.73204830154987
1256,33.73791996369329
1257,33.74379283290432
1258,33.74966690918319
1259,33.75554219252956
1260,33.76141868294377
1261,33.767296380425535
1262,33.77317528497508
1263,33.7790553965923
1264,33.78493671527724
1265,33.79081924102974
1266,33.79670297385002
1267,33.802587913737966
1268,33.808474060693584
1269,33.81436141471687
1270,33.82024997580788
1271,33.826139743966564
1272,33.832030719192915
1273,33.83792290148699
1274,33.843816290848736
1275,33.84971088727815
1276,33.85560669077523
1277,33.86150370134004
1278,33.86740191897246
1279,33.87330134367261
1280,33.879201975440424
1281,33.88510381427602
1282,33.89100686017912
1283,33.89691111315011
1284,33.9028165731886
1285,33.90872324029493
1286,33.914631114468875
1287,33.92054019571049
1288,33.926450484019824
1289,33.932361979396774
1290,33.938274681841506
1291,33.94418859135379
1292,33.95010370793392
1293,33.9560200315816
1294,33.96193756229701
1295,33.967856300080086
1296,33.973776244930946
1297,33.97969739684936
1298,33.98561975583556
1299,33.99154332188937
1300,33.9974680950109
1301,34.00339407520005
1302,34.00932126245698
1303,34.01524965678158
1304,34.02117925817379
1305,34.02711006663378
1306,34.03304208216139
1307,34.038975304756775
1308,34.04490973441966
1309,34.050845371150444
1310,34.056782214948726
1311,34.06253698913645
1312,34.06816646422902
1313,34.07379374580182
1314,34.07941883385479
1315,34.08504172838809
1316,34.09066242940162
1317,34.09628093689531
1318,34.10189725086934
1319,34.10751137132348
1320,34.11312329825796
1321,34.118733031672605
1322,34.12434057156764
1323,34.129945917942734
1324,34.13554907079816
1325,34.141150030133815
1326,34.14674879594969
1327,34.15234536824579
1328,34.15793974702217
1329,34.16353193227877
1330,34.1691219240156
1331,34.174709722232706
1332,34.180295326930036
1333,34.18587873810753
1334,34.191459955765424
1335,34.19703897990337
1336,34.20261581052165
1337,34.208190447620154
1338,34.21376289119894
1339,34.21933314125789
1340,34.22490119779718
1341,34.23046706081658
1342,34.23603073031626
1343,34.24159220629616
1344,34.2471514887564
1345,34.25270857769681
1346,34.25826347311744
1347,34.26381617501835
1348,34.26936668339948
1349,34.27491499826084
1350,34.28046111960248
1351,34.28600504742434
1352,34.29154678172637
1353,34.29708632250873
1354,34.30262366977132
1355,34.30815882351402
1356,34.31369178373717
1357,34.31922255044043
1358,34.32475112362391
1359,34.330277503287675
1360,34.33580168943166
1361,34.34132368205587
1362,34.34684348116036
1363,34.352361086745134
1364,34.357876498810015
1365,34.36338971735523
1366,34.368900742380674
1367,34.37440957388628
1368,34.37991621187217
1369,34.3854206563384
1370,34.39092290728473
1371,34.39642296471129
1372,34.40192082861819
1373,34.40741649900531
1374,34.412909975872594
1375,34.41840125922022
1376,34.42389034904801
1377,34.42937724535602
1378,34.43486194814437
1379,34.44034445741289
1380,34.445824773161576
1381,34.451302895390654
1382,34.4567788240999
1383,34.46225255928931
1384,34.46772410095912
1385,34.47319344910903
1386,34.47866060373917
1387,34.48412556484965
1388,34.48958833244035
1389,34.495048906511215
1390,34.50050728706236
1391,34.50596347409373
1392,34.51141746760538
1393,34.51686926759726
1394,34.522318874069356
1395,34.52776628702168
1396,34.53321150645422
1397,34.538654532367104
1398,34.54409536476015
1399,34.549534003633426
1400,34.554970448987035
1401,34.560404700820754
1402,34.565836759134754
1403,34.57126662392909
1404,34.57669429520354
1405,34.582119772958265
1406,34.587543057193216
1407,34.59296414790845
1408,34.59838304510379
1409,34.60379974877952
1410,34.609214258935424
1411,34.614626575571606
1412,34.620036698687954
1413,34.62544462828464
1414,34.63085036436149
1415,34.63625390691857
1416,34.64165525595598
1417,34.64705441147356
1418,34.65245137347131
1419,34.65784614194945
1420,34.663238716907756
1421,34.66862909834629
1422,34.674017286265155
1423,34.67940328066413
1424,34.68478708154328
1425,34.69016868890287
1426,34.695548102742634
1427,34.700925323062506
1428,34.70630034986277
1429,34.711673183143205
1430,34.71704382290392
1431,34.72241226914491
1432,34.727778521866014
1433,34.7331425810674
1434,34.73850444674906
1435,34.74386411891095
1436,34.74922159755306
1437,34.75457688267534
1438,34.75992997427801
1439,34.76528087236085
1440,34.77062957692385
1441,34.775976087967194
1442,34.78132040549082
1443,34.78666252949455
1444,34.79200245997862
1445,34.797340196942855
1446,34.80267574038737
1447,34.80800909031217
1448,34.813340246717075
1449,34.81866920960232
1450,34.82399597896779
1451,34.82932055481348
1452,34.83464293713939
1453,34.839963125945644
1454,34.845281121232006
1455,34.85059692299859
1456,34.85591053124557
1457,34.86122194597266
1458,34.86653116717997
1459,34.87183819486762
1460,34.877143029035494
1461,34.882445669683534
1462,34.887746116811854
1463,34.893044370420455
1464,34.89834043050922
1465,34.90363429707827
1466,34.9089259701276
1467,34.91421544965709
1468,34.919502735666754
1469,34.92478782815681
1470,34.93007072712703
1471,34.935351432577534
1472,34.94062994450826
1473,34.94590626291921
1474,34.951180387810325
1475,34.956452319181835
1476,34.961722057033455
1477,34.9669896013653
1478,34.972254952177536
1479,34.977518109469884
1480,34.982779073242455
1481,34.98803784349536
1482,34.99329442022844
1483,34.998548803441736
1484,35.00380099313526
1485,35.00905098930912
1486,35.01429879196314
1487,35.01954440109739
1488,35.02478781671198
1489,35.03002903880673
1490,35.03526806738165
1491,35.04059736948125
1492,35.04598830315359
1493,35.05137875897606
1494,35.05676873694853
1495,35.06215823707117
1496,35.067547259343826
1497,35.07293580376654
1498,35.07832387033943
1499,35.08371145906233
1500,35.089098569935345
1501,35.09448520295848
1502,35.09987135813162
1503,35.10525703545488
1504,35.11064223492821
1505,35.11602695655165
1506,35.1214112003251
1507,35.12679496624867
1508,35.13217825432241
1509,35.137561064546105
1510,35.14294339691992
1511,35.14832525144385
1512,35.1537066281179
1513,35.15908752694196
1514,35.16446794791608
1515,35.16984789104032
1516,35.17522735631468
1517,35.18060634373904
1518,35.18598485331353
1519,35.19136288503802
1520,35.19674043891274
1521,35.20211751493741
1522,35.20749411311226
1523,35.212870233437116
1524,35.21824587591209
1525,35.22362104053718
1526,35.22899572731228
1527,35.2343699362375
1528,35.23974366731272
1529,35.24511692053824
1530,35.25048969591364
1531,35.25586199343917
1532,35.26123381311481
1533,35.26660515494052
1534,35.27197601891629
1535,35.27734640504218
1536,35.282716313318076
1537,35.28808574374415
1538,35.29345469632028
1539,35.29882317104642
1540,35.30419116792274
1541,35.30955868694912
1542,35.31492572812556
1543,35.320292291452006
1544,35.32565837692863
1545,35.331023984555316
1546,35.33638911433212
1547,35.34175376625893
1548,35.34711794033586
1549,35.35248163656291
1550,35.35784485493997
1551,35.363207595467145
1552,35.36856985814438
1553,35.37393164297174
1554,35.37929294994916
1555,35.38465377907664
1556,35.390014130354245
1557,35.39537400378191
1558,35.400733399359694
1559,35.40609231708754
1560,35.41145075696534
1561,35.41680871899331
1562,35.42216620317146
1563,35.42752320949961
1564,35.43287973797783
1565,35.438235788606164
1566,35.44359136138456
1567,35.44894645631308
1568,35.45430107339155
1569,35.45965521262025
1570,35.46500887399901
1571,35.47036205752778
1572,35.475714763206724
1573,35.48106699103562
1574,35.48641874101469
1575,35.49177001314388
1576,35.49712080742307
1577,35.50247112385233
1578,35.50782096243171
1579,35.513170323161205
1580,35.518519206040764
1581,35.52386761107033
1582,35.529215538250014
1583,35.534562987579875
1584,35.53990995905974
1585,35.54525645268967
1586,35.55060246846966
1587,35.55594800639983
1588,35.561293066480005
1589,35.56663764871024
1590,35.5719817530906
1591,35.57732537962113
1592,35.58266852830161
1593,35.58801119913221
1594,35.593353392112874
1595,35.59869510724366
1596,35.60403634452456
1597,35.60937710395541
1598,35.61471738553638
1599,35.620057189267584
1600,35.625396515148736
1601,35.63073536318001
1602,35.636073733361286
1603,35.64141162569274
1604,35.64674904017426
1605,35.65208597680578
1606,35.65742243558748
1607,35.662758416519296
1608,35.66809391960112
1609,35.673428944833006
1610,35.678763492214955
1611,35.68409756174697
1612,35.68943115342921
1613,35.694764267261405
1614,35.70009690324372
1615,35.70542906137615
1616,35.7107607416587
1617,35.716091944091204
1618,35.721422668673824
1619,35.72675291540651
1620,35.73208268428942
1621,35.73741197532229
1622,35.742740788505216
1623,35.74806912383826
1624,35.75339698132149
1625,35.75872436095466
1626,35.76405126273795
1627,35.769377686671305
1628,35.77470363275478
1629,35.780029100988315
1630,35.785354091371914
1631,35.79067860390569
1632,35.79600263858953
1633,35.80132619542337
1634,35.80664927440728
1635,35.8119718755413
1636,35.81729399882539
1637,35.822615644259656
1638,35.82793681184387
1639,35.8332575015782
1640,35.838577713462655
1641,35.84389744749723
1642,35.849216703681805
1643,35.8545354820165
1644,35.85985378250126
1645,35.86517160513614
1646,35.87048894992108
1647,35.87580581685603
1648,35.88112220594115
1649,35.88643811717634
1650,35.891753550561646
1651,35.89706850609696
1652,35.90238298378233
1653,35.90769698361794
1654,35.913010505603495
1655,35.918323549739114
1656,35.92363611602485
1657,35.92894820446071
1658,35.93425981504663
1659,35.939570947782556
1660,35.94488160266866
1661,35.950191779704824
1662,35.95550147889105
1663,35.9608107002274
1664,35.96611944371381
1665,35.97142770935028
1666,35.976735497136815
1667,35.98204280707347
1668,35.987349639160186
1669,35.99265599339702
1670,35.99796186978392
1671,36.003294306037674
1672,36.00864492714231
1673,36.013995572065426
1674,36.01934624080707
1675,36.024696933367125
1676,36.03004764974577
1677,36.03539838994277
1678,36.04074915395847
1679,36.04609994179248
1680,36.051450753445124
1681,36.05680158891613
1682,36.06215244820578
1683,36.06750333131379
1684,36.072854238240325
1685,36.07820516898539
1686,36.08355612354893
1687,36.088907101931056
1688,36.09425810413154
1689,36.099609130150554
1690,36.1049601799881
1691,36.11031125364417
1692,36.1156623511186
1693,36.12101347241156
1694,36.12636461752311
1695,36.13171578645307
1696,36.13706697920162
1697,36.142418195768585
1698,36.14776943615408
1699,36.153120700358045
1700,36.15847198838054
1701,36.16382330022151
1702,36.16917463588089
1703,36.17452599535892
1704,36.179877378655306
1705,36.185228785770335
1706,36.19058021670372
1707,36.19593167145564
1708,36.20128315002603
1709,36.206634652415005
1710,36.211986178622396
1711,36.21733772864826
1712,36.22268930249271
1713,36.22804090015558
1714,36.23339252163703
1715,36.2387441669369
1716,36.244095836055294
1717,36.249447528992164
1718,36.25479924574756
1719,36.26015098632132
1720,36.26550275071372
1721,36.270854538924596
1722,36.276206350953885
1723,36.28155818680182
1724,36.28691004646811
1725,36.292261929952986
1726,36.29761383725628
1727,36.3029657683781
1728,36.30831772331845
1729,36.31366970207722
1730,36.31902170465452
1731,36.32437373105034
1732,36.329725781264585
1733,36.33507785529736
1734,36.34042995314866
1735,36.34578207481849
1736,36.35113422030679
1737,36.35648638961345
1738,36.361838582738756
1739,36.367190799682476
1740,36.37254304044467
1741,36.37789530502545
1742,36.3832475934247
1743,36.38859990564248
1744,36.393952241678676
1745,36.39930460153346
1746,36.40465698520666
1747,36.41000939269833
1748,36.41536182400853
1749,36.4207142791372
1750,36.42606675808446
1751,36.431419260850134
1752,36.43677178743428
1753,36.4421243378369
1754,36.447476912058164
1755,36.45282951009773
1756,36.458182131955994
1757,36.46353477763262
1758,36.46888744712771
1759,36.474240140441395
1760,36.47959285757355
1761,36.48494559852418
1762,36.49029836329328
1763,36.49565115188096
1764,36.50100396428701
1765,36.506356800511696
1766,36.51170966055474
1767,36.51706254441626
1768,36.52241545209648
1769,36.527768383594946
1770,36.53312133891211
1771,36.53847431804763
1772,36.5438273210018
1773,36.549180347774325
1774,36.554533398365436
1775,36.559886472774906
1776,36.56523957100296
1777,36.57059269304955
1778,36.57594583891455
1779,36.58129900859808
1780,36.58665220210008
1781,36.59200541942067
1782,36.59735866055962
1783,36.602711925517156
1784,36.60806521429316
1785,36.6134185268877
1786,36.61877186330065
1787,36.624125223532076
1788,36.62947860758214
1789,36.63483201545063
1790,36.64018544713758
1791,36.64553890264301
1792,36.650892381967026
1793,36.656245885109456
1794,36.661599412070416
1795,36.66695296284985
1796,36.67230653744775
1797,36.67766013586419
1798,36.683013758099094
1799,36.68836740415259
1800,36.693721074024495
