% Model,Untitled2.mph
% Version,COMSOL 6.3.0.290
% Date,"Sep 13 2026, 16:21"
% Dimension,1
% Nodes,9005
% Expressions,1
% Description,点结果图
% 时间 (s),摩尔浓度，c
0,2.5500000000000003
1,2.5500000000000003
2,2.5500000000000003
3,2.5500000000000003
4,2.5500000000000003
5,2.55
6,2.55
7,2.55
8,2.55
9,2.55
10,2.55
11,2.55
12,2.55
13,2.55
14,2.55
15,2.55
16,2.55
17,2.55
18,2.55
19,2.55
20,2.55
21,2.55
22,2.55
23,2.55
24,2.55
25,2.55
26,2.55
27,2.55
28,2.55
29,2.55
30,2.55
31,2.55
32,2.55
33,2.55
34,2.55
35,2.55
36,2.55
37,2.55
38,2.55
39,2.55
40,2.55
41,2.55
42,2.55
43,2.55
44,2.55
45,2.55
46,2.55
47,2.55
48,2.55
49,2.55
50,2.55
51,2.55
52,2.55
53,2.55
54,2.55
55,2.55
56,2.55
57,2.55
58,2.55
59,2.55
60,2.55
61,2.55
62,2.55
63,2.55
64,2.55
65,2.55
66,2.55
67,2.55
68,2.55
69,2.55
70,2.55
71,2.55
72,2.55
73,2.55
74,2.55
75,2.55
76,2.55
77,2.55
78,2.55
79,2.55
80,2.55
81,2.55
82,2.55
83,2.55
84,2.55
85,2.55
86,2.55
87,2.55
88,2.55
89,2.55
90,2.55
91,2.55
92,2.55
93,2.55
94,2.55
95,2.55
96,2.55
97,2.55
98,2.55
99,2.55
100,2.55
101,2.55
102,2.55
103,2.55
104,2.55
105,2.55
106,2.55
107,2.55
108,2.55
109,2.55
110,2.55
111,2.55
112,2.55
113,2.55
114,2.55
115,2.55
116,2.55
117,2.5499999999999994
118,2.549999999999999
119,2.549999999999999
120,2.5499999999999985
121,2.5499999999999985
122,2.549999999999998
123,2.549999999999998
124,2.549999999999997
125,2.549999999999997
126,2.5499999999999967
127,2.5499999999999963
128,2.5499999999999963
129,2.549999999999996
130,2.5499999999999954
131,2.549999999999995
132,2.549999999999995
133,2.5499999999999945
134,2.549999999999994
135,2.5499999999999936
136,2.549999999999993
137,2.5499999999999927
138,2.5499999999999923
139,2.5499999999999923
140,2.5499999999999914
141,2.5499999999999914
142,2.5499999999999905
143,2.54999999999999
144,2.5499999999999896
145,2.549999999999989
146,2.5499999999999887
147,2.5499999999999883
148,2.549999999999988
149,2.5499999999999874
150,2.549999999999987
151,2.5499999999999865
152,2.5499999999999856
153,2.549999999999985
154,2.5499999999999847
155,2.5499999999999843
156,2.5499999999999834
157,2.5499999999999834
158,2.5499999999999825
159,2.5499999999999816
160,2.549999999999981
161,2.5499999999999807
162,2.5499999999999803
163,2.5499999999999794
164,2.549999999999979
165,2.549999999999978
166,2.5499999999999776
167,2.549999999999977
168,2.5499999999999763
169,2.549999999999976
170,2.549999999999975
171,2.5499999999999745
172,2.5499999999999736
173,2.5499999999999727
174,2.549999999999972
175,2.549999999999971
176,2.5499999999999705
177,2.5499999999999696
178,2.549999999999969
179,2.549999999999968
180,2.5499999999999674
181,2.5499999999999665
182,2.549999999999966
183,2.549999999999965
184,2.5499999999999643
185,2.5499999999999634
186,2.5499999999999625
187,2.549999999999962
188,2.549999999999961
189,2.5499999999999603
190,2.5499999999999594
191,2.549999999999959
192,2.549999999999958
193,2.5499999999999567
194,2.5499999999999563
195,2.549999999999955
196,2.5499999999999545
197,2.5499999999999536
198,2.5499999999999527
199,2.549999999999952
200,2.5499999999999505
201,2.54999999999995
202,2.5499999999999488
203,2.5499999999999483
204,2.549999999999947
205,2.5499999999999465
206,2.549999999999945
207,2.5499999999999443
208,2.5499999999999434
209,2.549999999999942
210,2.5499999999999408
211,2.54999999999994
212,2.549999999999939
213,2.5499999999999376
214,2.549999999999937
215,2.549999999999936
216,2.5499999999999345
217,2.5499999999999337
218,2.5499999999999323
219,2.549999999999932
220,2.5499999999999305
221,2.5499999999999297
222,2.5499999999999283
223,2.5499999999999274
224,2.549999999999926
225,2.5499999999999248
226,2.549999999999924
227,2.5499999999999226
228,2.5499999999999217
229,2.5499999999999203
230,2.5499999999999194
231,2.5499999999997276
232,2.5499999999994025
233,2.5499999999990717
234,2.5499999999987355
235,2.549999999998394
236,2.549999999998047
237,2.5499999999976946
238,2.549999999997336
239,2.549999999996972
240,2.549999999996603
241,2.549999999996228
242,2.549999999995848
243,2.549999999995462
244,2.5499999999950704
245,2.549999999994674
246,2.5499999999942715
247,2.549999999993864
248,2.54999999999345
249,2.549999999993031
250,2.5499999999926066
251,2.5499999999921767
252,2.549999999991741
253,2.5499999999913
254,2.5499999999908534
255,2.549999999990401
256,2.5499999999899434
257,2.5499999999894802
258,2.5499999999890117
259,2.549999999988537
260,2.5499999999880574
261,2.549999999987572
262,2.5499999999870817
263,2.549999999986585
264,2.5499999999860834
265,2.549999999985576
266,2.5499999999850624
267,2.549999999984544
268,2.5499999999840206
269,2.549999999983491
270,2.549999999982956
271,2.549999999982415
272,2.549999999981869
273,2.549999999981318
274,2.5499999999807605
275,2.549999999980198
276,2.5499999999796295
277,2.5499999999790557
278,2.5499999999784766
279,2.5499999999778917
280,2.5499999999773015
281,2.549999999976706
282,2.5499999999761043
283,2.549999999975497
284,2.5499999999748852
285,2.5499999999742675
286,2.5499999999736436
287,2.5499999999730147
288,2.54999999997238
289,2.54999999997174
290,2.549999999971095
291,2.549999999970444
292,2.549999999969787
293,2.549999999969125
294,2.549999999968457
295,2.5499999999677843
296,2.5499999999671052
297,2.5499999999664213
298,2.5499999999657317
299,2.549999999965036
300,2.5499999999643355
301,2.549999999963629
302,2.549999999962917
303,2.5499999999622
304,2.5499999999614764
305,2.549999999960748
306,2.5499999999600145
307,2.549999999959275
308,2.54999999995853
309,2.5499999999577794
310,2.549999999957023
311,2.549999999956262
312,2.549999999955495
313,2.5499999999547223
314,2.5499999999539438
315,2.54999999995316
316,2.5499999999523704
317,2.5499999999515763
318,2.549999999950776
319,2.54999999994997
320,2.5499999999491587
321,2.5499999999483416
322,2.5499999999475196
323,2.549999999946692
324,2.5499999999458582
325,2.549999999945019
326,2.5499999999441747
327,2.5499999999433247
328,2.5499999999424694
329,2.5499999999416083
330,2.5499999999407414
331,2.5499999999398693
332,2.5499999999389917
333,2.5499999999381084
334,2.5499999999372203
335,2.549999999936326
336,2.549999999935426
337,2.5499999999345206
338,2.5499999999336103
339,2.5499999999326937
340,2.5499999999317717
341,2.5499999999308445
342,2.5499999999299114
343,2.549999999928973
344,2.5499999999280294
345,2.54999999992708
346,2.5499999999261247
347,2.549999999925164
348,2.549999999924198
349,2.5499999999232266
350,2.5499999999222496
351,2.549999999921267
352,2.5499999999202783
353,2.5499999999192853
354,2.549999999918285
355,2.549999999917281
356,2.549999999916271
357,2.5499999999152547
358,2.5499999999142338
359,2.549999999913207
360,2.549999999912175
361,2.5499999999111367
362,2.5499999999100935
363,2.549999999909044
364,2.54999999990799
365,2.5499999999069303
366,2.549999999905865
367,2.5499999999047933
368,2.549999999903717
369,2.5499999999026346
370,2.5499999999015466
371,2.5499999999004537
372,2.549999999899355
373,2.549999999898251
374,2.5499999998971417
375,2.549999999896026
376,2.5499999998949057
377,2.549999999893779
378,2.5499999998926475
379,2.54999999989151
380,2.5499999998903666
381,2.549999999889218
382,2.549999999888065
383,2.549999999886905
384,2.54999999988574
385,2.5499999998845695
386,2.5499999998833935
387,2.5499999998822123
388,2.549999999881025
389,2.5499999998798324
390,2.5499999998786347
391,2.5499999998774303
392,2.5499999998762215
393,2.549999999875007
394,2.5499999998737866
395,2.549999999872561
396,2.5499999998713294
397,2.5499999998700926
398,2.5499999998688505
399,2.5499999998676026
400,2.549999999866349
401,2.5499999998650904
402,2.549999999863825
403,2.549999999862556
404,2.54999999986128
405,2.5499999998599994
406,2.549999999858713
407,2.54999999985742
408,2.549999999856123
409,2.5499999998548204
410,2.5499999998535112
411,2.549999999849262
412,2.5499999998429823
413,2.549999999836642
414,2.549999999830242
415,2.5499999998237817
416,2.549999999817262
417,2.5499999998106815
418,2.549999999804042
419,2.549999999797342
420,2.549999999790582
421,2.5499999997837617
422,2.549999999776882
423,2.5499999997699416
424,2.549999999762942
425,2.549999999755882
426,2.549999999748762
427,2.5499999997415825
428,2.5499999997343425
429,2.549999999727043
430,2.549999999719683
431,2.5499999997122633
432,2.5499999997047835
433,2.5499999996972442
434,2.5499999996896445
435,2.549999999681985
436,2.5499999996742653
437,2.5499999996664853
438,2.549999999658646
439,2.5499999996507463
440,2.549999999642787
441,2.5499999996347675
442,2.5499999996266878
443,2.5499999996185485
444,2.549999999610349
445,2.5499999996020892
446,2.54999999959377
447,2.5499999995853906
448,2.549999999576951
449,2.5499999995684517
450,2.5499999995598923
451,2.549999999551273
452,2.549999999542594
453,2.5499999995338545
454,2.5499999995250557
455,2.5499999995161966
456,2.5499999995072775
457,2.549999999498298
458,2.549999999489259
459,2.5499999994801597
460,2.5499999994710003
461,2.5499999994617815
462,2.5499999994525027
463,2.549999999443164
464,2.5499999994337643
465,2.5499999994243057
466,2.5499999994147866
467,2.5499999994052076
468,2.549999999395569
469,2.54999999938587
470,2.5499999993761113
471,2.5499999993662925
472,2.5499999993564133
473,2.5499999993464746
474,2.549999999336476
475,2.5499999993264173
476,2.5499999993162987
477,2.5499999993061198
478,2.549999999295881
479,2.549999999285582
480,2.549999999275224
481,2.5499999992648053
482,2.549999999254326
483,2.549999999243788
484,2.549999999233189
485,2.549999999222531
486,2.549999999211812
487,2.5499999992010336
488,2.549999999190195
489,2.5499999991792968
490,2.5499999991683384
491,2.5499999991573197
492,2.5499999991462414
493,2.549999999135103
494,2.5499999991239046
495,2.549999999112646
496,2.549999999101328
497,2.5499999990899496
498,2.5499999990785116
499,2.5499999990670132
500,2.549999999055455
501,2.549999999043837
502,2.549999999032159
503,2.5499999990204203
504,2.549999999008622
505,2.549999998996764
506,2.549999998984846
507,2.549999998972868
508,2.54999999896083
509,2.549999998948732
510,2.549999998936574
511,2.549999998924356
512,2.549999998912078
513,2.54999999889974
514,2.549999998887342
515,2.549999998874884
516,2.5499999988623663
517,2.5499999988497883
518,2.5499999988371505
519,2.5499999988244526
520,2.549999998811695
521,2.5499999987988775
522,2.549999998786
523,2.5499999987730617
524,2.549999998760064
525,2.549999998747006
526,2.5499999987338886
527,2.549999998720711
528,2.5499999987074733
529,2.549999998694176
530,2.549999998680818
531,2.549999998667401
532,2.5499999986539232
533,2.5499999986403856
534,2.549999998626788
535,2.549999998613131
536,2.549999998599413
537,2.5499999985856356
538,2.5499999985717983
539,2.5499999985579014
540,2.5499999985439437
541,2.549999998529926
542,2.5499999985158492
543,2.549999998501712
544,2.549999998487515
545,2.549999998473258
546,2.5499999984589405
547,2.549999998444563
548,2.5499999984301263
549,2.549999998415629
550,2.5499999984010717
551,2.5499999983864545
552,2.549999998371778
553,2.5499999983570403
554,2.5499999983422432
555,2.5499999983273867
556,2.5499999983124693
557,2.5499999982974924
558,2.5499999982824555
559,2.5499999982673582
560,2.549999998252202
561,2.5499999982369848
562,2.5499999982217076
563,2.549999998206371
564,2.549999998190974
565,2.5499999981755175
566,2.5499999981600006
567,2.5499999981444237
568,2.549999998128787
569,2.54999999811309
570,2.549999998097334
571,2.5499999980815167
572,2.54999999806564
573,2.5499999980497035
574,2.549999998033707
575,2.5499999980176504
576,2.5499999980015335
577,2.549999997985357
578,2.5499999979691204
579,2.549999997952824
580,2.549999997936468
581,2.549999997920051
582,2.549999997903575
583,2.5499999978870385
584,2.549999997870442
585,2.5499999978537855
586,2.549999997837069
587,2.5499999978202927
588,2.5499999978034564
589,2.54999999778656
590,2.549999997769604
591,2.549999997735144
592,2.5499999976885825
593,2.5499999976416374
594,2.549999997594309
595,2.5499999975465966
596,2.549999997498501
597,2.5499999974500214
598,2.5499999974011582
599,2.5499999973519114
600,2.5499999973022813
601,2.549999997252267
602,2.549999997201869
603,2.549999997151088
604,2.5499999970999228
605,2.5499999970483738
606,2.5499999969964415
607,2.5499999969441256
608,2.5499999968914264
609,2.5499999968383427
610,2.549999996784876
611,2.5499999967310254
612,2.5499999966767914
613,2.549999996622174
614,2.549999996567172
615,2.549999996511787
616,2.549999996456018
617,2.5499999963998654
618,2.5499999963433293
619,2.54999999628641
620,2.5499999962291064
621,2.5499999961714197
622,2.5499999961133493
623,2.5499999960548947
624,2.549999995996057
625,2.5499999959368354
626,2.5499999958772297
627,2.549999995817241
628,2.549999995756868
629,2.549999995696112
630,2.549999995634973
631,2.549999995573449
632,2.549999995511542
633,2.549999995449251
634,2.549999995386577
635,2.549999995323519
636,2.5499999952600776
637,2.5499999951962518
638,2.5499999951320427
639,2.5499999950674503
640,2.549999995002474
641,2.5499999949371137
642,2.5499999948713707
643,2.549999994805243
644,2.549999994738733
645,2.549999994671838
646,2.54999999460456
647,2.549999994536898
648,2.5499999944688527
649,2.5499999944004235
650,2.549999994331611
651,2.5499999942624147
652,2.5499999941928344
653,2.549999994122871
654,2.5499999940525235
655,2.549999993981793
656,2.549999993910678
657,2.5499999938391795
658,2.5499999937672975
659,2.549999993695032
660,2.549999993622383
661,2.5499999935493505
662,2.549999993475934
663,2.549999993402134
664,2.5499999933279502
665,2.549999993253383
666,2.5499999931784316
667,2.549999993103097
668,2.5499999930273782
669,2.5499999929512764
670,2.5499999928747905
671,2.5499999927979218
672,2.549999992720669
673,2.5499999926430323
674,2.549999992565012
675,2.5499999924866086
676,2.549999992407821
677,2.5499999923286496
678,2.5499999922490946
679,2.549999992169156
680,2.5499999920888343
681,2.549999992008128
682,2.5499999919270393
683,2.5499999918455662
684,2.5499999917637095
685,2.549999991681469
686,2.5499999915988454
687,2.549999991515838
688,2.549999991432446
689,2.5499999913486713
690,2.549999991264513
691,2.5499999911799707
692,2.549999991095045
693,2.5499999910097353
694,2.5499999909240425
695,2.549999990837966
696,2.5499999907515054
697,2.5499999906646615
698,2.5499999905774335
699,2.549999990489822
700,2.549999990401827
701,2.5499999903134483
702,2.5499999902246864
703,2.5499999901355404
704,2.549999990046011
705,2.5499999899560977
706,2.549999989865801
707,2.54999998977512
708,2.549999989684056
709,2.5499999895926084
710,2.5499999895007766
711,2.5499999894085614
712,2.5499999893159626
713,2.5499999892229805
714,2.5499999891296143
715,2.5499999890358653
716,2.5499999889417317
717,2.5499999888472145
718,2.5499999887523144
719,2.5499999886570297
720,2.549999988561362
721,2.5499999884653106
722,2.549999988368875
723,2.5499999882720563
724,2.5499999881748536
725,2.5499999880772677
726,2.549999987979298
727,2.549999987880945
728,2.5499999877822077
729,2.549999987683087
730,2.5499999875835826
731,2.5499999874836945
732,2.549999987383423
733,2.549999987282767
734,2.5499999871817285
735,2.549999987080306
736,2.5499999869785
737,2.54999998687631
738,2.5499999867737366
739,2.5499999866707794
740,2.549999986567438
741,2.549999986463714
742,2.549999986359606
743,2.549999986255114
744,2.549999986150239
745,2.5499999860449796
746,2.5499999859393374
747,2.549999985833311
748,2.549999985726901
749,2.5499999856201074
750,2.5499999855129305
751,2.549999985405369
752,2.5499999852974247
753,2.549999985189096
754,2.5499999850803845
755,2.549999984971289
756,2.54999998486181
757,2.5499999847519472
758,2.549999984641701
759,2.549999984531071
760,2.549999984420057
761,2.549999984308659
762,2.5499999841968783
763,2.549999984084714
764,2.5499999839721657
765,2.5499999838592338
766,2.549999983745918
767,2.549999983632219
768,2.5499999835181364
769,2.5499999834036697
770,2.5499999832888194
771,2.5499999830918063
772,2.549999982837962
773,2.549999982582216
774,2.5499999823245694
775,2.5499999820650214
776,2.5499999818035732
777,2.549999981540223
778,2.549999981274973
779,2.5499999810078213
780,2.549999980738768
781,2.5499999804678146
782,2.5499999801949595
783,2.5499999799202038
784,2.5499999796435473
785,2.5499999793649892
786,2.5499999790845314
787,2.549999978802171
788,2.54999997851791
789,2.5499999782317486
790,2.5499999779436857
791,2.5499999776537217
792,2.549999977361857
793,2.549999977068091
794,2.549999976772424
795,2.549999976474856
796,2.5499999761753873
797,2.5499999758740177
798,2.5499999755707465
799,2.549999975265574
800,2.549999974958502
801,2.549999974649528
802,2.5499999743386526
803,2.549999974025877
804,2.5499999737112
805,2.549999973394622
806,2.549999973076143
807,2.5499999727557627
808,2.5499999724334823
809,2.5499999721093
810,2.5499999717832167
811,2.549999971455233
812,2.5499999711253474
813,2.549999970793562
814,2.5499999704598744
815,2.5499999701242864
816,2.5499999697867977
817,2.5499999694474074
818,2.549999969106116
819,2.5499999687629242
820,2.549999968417831
821,2.549999968070837
822,2.549999967721942
823,2.5499999673711455
824,2.5499999670184486
825,2.54999996666385
826,2.5499999663073507
827,2.549999965948951
828,2.5499999655886496
829,2.549999965226447
830,2.549999964862344
831,2.5499999644963394
832,2.5499999641284345
833,2.5499999637586286
834,2.549999963386921
835,2.5499999630133128
836,2.5499999626378034
837,2.549999962260393
838,2.549999961881082
839,2.549999961499869
840,2.549999961116756
841,2.549999960731742
842,2.549999960344826
843,2.54999995995601
844,2.5499999595652922
845,2.549999959172674
846,2.5499999587781548
847,2.5499999583817345
848,2.549999957983413
849,2.5499999575831906
850,2.549999957181067
851,2.5499999567770426
852,2.549999956371117
853,2.5499999559632904
854,2.5499999555535635
855,2.549999955141935
856,2.5499999547284053
857,2.5499999543129745
858,2.549999953895643
859,2.549999953476411
860,2.5499999530552766
861,2.5499999526322426
862,2.549999952207307
863,2.54999995178047
864,2.549999951351733
865,2.5499999509210944
866,2.549999950488554
867,2.549999950054114
868,2.549999949617772
869,2.5499999491795298
870,2.5499999487393863
871,2.5499999482973412
872,2.5499999478533955
873,2.549999947407549
874,2.549999946959801
875,2.549999946510153
876,2.5499999460586027
877,2.5499999456051516
878,2.5499999451498008
879,2.5499999446925474
880,2.5499999442333934
881,2.549999943772339
882,2.549999943309383
883,2.5499999428445266
884,2.5499999423777684
885,2.5499999419091095
886,2.5499999414385504
887,2.549999940966089
888,2.5499999404917273
889,2.5499999400154647
890,2.5499999395373005
891,2.549999939057236
892,2.5499999385752696
893,2.549999938091403
894,2.5499999376056355
895,2.549999937117966
896,2.549999936628396
897,2.5499999361369254
898,2.549999935643553
899,2.5499999351482807
900,2.5499999346511064
901,2.5499999341520314
902,2.5499999336510557
903,2.549999933148179
904,2.5499999326434004
905,2.5499999321367217
906,2.5499999316281414
907,2.5499999311176604
908,2.5499999306052783
909,2.5499999300909955
910,2.5499999295748115
911,2.5499999290567263
912,2.54999992853674
913,2.549999928014853
914,2.549999927491065
915,2.5499999269653757
916,2.5499999264377857
917,2.5499999259082946
918,2.549999925376903
919,2.5499999248436094
920,2.549999924308415
921,2.54999992377132
922,2.5499999232323236
923,2.549999922691426
924,2.5499999221486287
925,2.549999921603929
926,2.5499999210573288
927,2.5499999205088275
928,2.549999919958425
929,2.5499999194061225
930,2.5499999188519173
931,2.549999918295812
932,2.5499999177378063
933,2.5499999171778986
934,2.5499999166160907
935,2.549999916052381
936,2.549999915486771
937,2.54999991491926
938,2.549999914349847
939,2.5499999137785334
940,2.5499999132053195
941,2.549999912630204
942,2.5499999120531878
943,2.54999991147427
944,2.5499999108934515
945,2.5499999103107323
946,2.549999909726112
947,2.5499999091395904
948,2.549999908551168
949,2.5499999079608444
950,2.54999990736862
951,2.5499999065217205
952,2.5499999054984435
953,2.5499999044685753
954,2.549999903432116
955,2.5499999023890654
956,2.549999901339424
957,2.5499999002831917
958,2.5499998992203676
959,2.549999898150953
960,2.5499998970749473
961,2.5499998959923507
962,2.5499998949031624
963,2.5499998938073833
964,2.5499998927050136
965,2.5499998915960522
966,2.5499998904805
967,2.549999889358357
968,2.5499998882296224
969,2.549999887094297
970,2.5499998859523805
971,2.549999884803873
972,2.5499998836487734
973,2.549999882487084
974,2.5499998813188034
975,2.549999880143931
976,2.5499998789624683
977,2.549999877774414
978,2.5499998765797693
979,2.549999875378532
980,2.549999874170705
981,2.549999872956287
982,2.549999871735277
983,2.5499998705076767
984,2.549999869273485
985,2.5499998680327023
986,2.549999866785328
987,2.5499998655313636
988,2.5499998642708075
989,2.5499998630036598
990,2.549999861729922
991,2.549999860449593
992,2.5499998591626727
993,2.549999857869161
994,2.549999856569059
995,2.549999855262365
996,2.54999985394908
997,2.5499998526292047
998,2.5499998513027378
999,2.54999984996968
1000,2.5499998486300304
1001,2.549999847283791
1002,2.54999984593096
1003,2.5499998445715373
1004,2.549999843205524
1005,2.54999984183292
1006,2.5499998404537245
1007,2.549999839067938
1008,2.54999983767556
1009,2.5499998362765917
1010,2.5499998348710315
1011,2.549999833458881
1012,2.549999832040139
1013,2.5499998306148064
1014,2.5499998291828816
1015,2.549999827744367
1016,2.5499998262992607
1017,2.5499998248475633
1018,2.5499998233892747
1019,2.5499998219243953
1020,2.549999820452925
1021,2.5499998189748627
1022,2.5499998174902103
1023,2.5499998159989663
1024,2.5499998145011316
1025,2.5499998129967056
1026,2.5499998114856886
1027,2.5499998099680807
1028,2.549999808443881
1029,2.549999806913091
1030,2.54999980537571
1031,2.549999803831737
1032,2.5499998022811736
1033,2.549999800724019
1034,2.549999799160273
1035,2.5499997975899364
1036,2.5499997960130085
1037,2.54999979442949
1038,2.549999792839379
1039,2.5499997912426786
1040,2.5499997896393864
1041,2.5499997880295027
1042,2.5499997864130286
1043,2.5499997847899634
1044,2.549999783160307
1045,2.549999781524059
1046,2.5499997798812206
1047,2.5499997782317907
1048,2.54999977657577
1049,2.549999774913158
1050,2.549999773243955
1051,2.549999771568161
1052,2.5499997698857757
1053,2.5499997681967996
1054,2.549999766501233
1055,2.549999764799074
1056,2.549999763090325
1057,2.549999761374984
1058,2.5499997596530526
1059,2.5499997579245295
1060,2.549999756189416
1061,2.549999754447711
1062,2.549999752699415
1063,2.549999750944528
1064,2.54999974918305
1065,2.549999747414981
1066,2.5499997456403203
1067,2.549999743859069
1068,2.549999742071227
1069,2.549999740276793
1070,2.5499997384757687
1071,2.5499997366681533
1072,2.5499997348539467
1073,2.5499997330331485
1074,2.5499997312057596
1075,2.54999972937178
1076,2.5499997275312087
1077,2.5499997256840468
1078,2.5499997238302936
1079,2.5499997219699493
1080,2.549999720103014
1081,2.5499997182294876
1082,2.5499997163493697
1083,2.5499997144626607
1084,2.5499997125693614
1085,2.5499997106694705
1086,2.549999708762989
1087,2.549999706849916
1088,2.5499997049302516
1089,2.549999703003997
1090,2.54999970107115
1091,2.5499996991317135
1092,2.5499996971856853
1093,2.5499996952330655
1094,2.549999693273855
1095,2.5499996913080536
1096,2.549999689335661
1097,2.5499996873566766
1098,2.549999685371102
1099,2.5499996833789367
1100,2.5499996813801795
1101,2.549999679374831
1102,2.549999677362892
1103,2.5499996753443623
1104,2.5499996733192405
1105,2.5499996712875284
1106,2.5499996692492246
1107,2.54999966720433
1108,2.5499996651528445
1109,2.5499996630947677
1110,2.5499996610301
1111,2.5499996589588414
1112,2.549999656880991
1113,2.5499996547965504
1114,2.5499996527055178
1115,2.549999650607895
1116,2.5499996485036807
1117,2.549999646392876
1118,2.549999644275479
1119,2.5499996421514917
1120,2.5499996400209133
1121,2.549999637883743
1122,2.5499996357399826
1123,2.5499996335896307
1124,2.549999631432688
1125,2.549999629269154
1126,2.549999627099029
1127,2.5499996249223127
1128,2.549999622739005
1129,2.5499996205491073
1130,2.5499996183526177
1131,2.5499996154455404
1132,2.5499996120459403
1133,2.5499996086266865
1134,2.54999960518778
1135,2.5499996017292195
1136,2.5499995982510066
1137,2.54999959475314
1138,2.54999959123562
1139,2.5499995876984465
1140,2.54999958414162
1141,2.54999958056514
1142,2.5499995769690065
1143,2.54999957335322
1144,2.5499995697177806
1145,2.549999566062687
1146,2.5499995623879403
1147,2.549999558693541
1148,2.5499995549794874
1149,2.5499995512457807
1150,2.5499995474924213
1151,2.5499995437194083
1152,2.5499995399267417
1153,2.5499995361144223
1154,2.5499995322824494
1155,2.549999528430823
1156,2.549999524559543
1157,2.54999952066861
1158,2.5499995167580236
1159,2.549999512827784
1160,2.5499995088778915
1161,2.5499995049083446
1162,2.5499995009191454
1163,2.549999496910292
1164,2.5499994928817866
1165,2.5499994888336266
1166,2.549999484765814
1167,2.549999480678348
1168,2.5499994765712284
1169,2.5499994724444552
1170,2.54999946829803
1171,2.54999946413195
1172,2.5499994599462177
1173,2.5499994557408314
1174,2.5499994515157924
1175,2.5499994472710994
1176,2.5499994430067536
1177,2.5499994387227543
1178,2.5499994344191013
1179,2.5499994300957955
1180,2.5499994257528367
1181,2.5499994213902237
1182,2.549999417007958
1183,2.549999412606039
1184,2.549999408184467
1185,2.5499994037432403
1186,2.5499993992823615
1187,2.549999394801829
1188,2.549999390301643
1189,2.5499993857818044
1190,2.549999381242312
1191,2.549999376683166
1192,2.5499993721043674
1193,2.549999367505915
1194,2.5499993628878097
1195,2.5499993582500498
1196,2.5499993535926384
1197,2.5499993489155726
1198,2.5499993442188535
1199,2.5499993395024814
1200,2.549999334766456
1201,2.549999330010777
1202,2.549999325235445
1203,2.5499993204404596
1204,2.549999315625821
1205,2.549999310791528
1206,2.5499993059375834
1207,2.5499993010639845
1208,2.5499992961707325
1209,2.5499992912578273
1210,2.5499992863252685
1211,2.5499992813730565
1212,2.5499992764011914
1213,2.5499992714096726
1214,2.5499992663985003
1215,2.549999261367675
1216,2.549999256317197
1217,2.549999251247065
1218,2.5499992461572796
1219,2.5499992410478414
1220,2.5499992359187496
1221,2.549999230770004
1222,2.549999225601606
1223,2.549999220413554
1224,2.549999215205849
1225,2.5499992099784907
1226,2.549999204731479
1227,2.549999199464814
1228,2.5499991941784956
1229,2.549999188872524
1230,2.549999183546899
1231,2.5499991782016203
1232,2.549999172836689
1233,2.5499991674521043
1234,2.549999162047866
1235,2.5499991566239744
1236,2.5499991511804296
1237,2.5499991457172313
1238,2.54999914023438
1239,2.549999134731875
1240,2.5499991292097173
1241,2.5499991236679054
1242,2.5499991181064408
1243,2.549999112525323
1244,2.549999106924551
1245,2.5499991013041265
1246,2.549999095664049
1247,2.549999090004317
1248,2.549999084324933
1249,2.549999078625895
1250,2.5499990729072035
1251,2.549999067168859
1252,2.549999061410861
1253,2.5499990556332097
1254,2.5499990498359053
1255,2.5499990440189473
1256,2.5499990381823365
1257,2.5499990323260717
1258,2.549999026450154
1259,2.549999020554583
1260,2.5499990146393587
1261,2.5499990087044813
1262,2.5499990027499497
1263,2.549998996775766
1264,2.5499989907819276
1265,2.549998984768437
1266,2.549998978735293
1267,2.549998972682495
1268,2.549998966610044
1269,2.5499989605179403
1270,2.549998954406183
1271,2.5499989482747716
1272,2.5499989421237075
1273,2.5499989359529898
1274,2.5499989297626193
1275,2.549998923552595
1276,2.5499989173229176
1277,2.549998911073587
1278,2.549998904804603
1279,2.5499988985159656
1280,2.5499988922076744
1281,2.5499988858797304
1282,2.5499988795321333
1283,2.5499988731648826
1284,2.5499988667779783
1285,2.5499988603714216
1286,2.549998853945211
1287,2.5499988474993467
1288,2.5499988410338297
1289,2.549998834548659
1290,2.5499988280438353
1291,2.5499988215193583
1292,2.5499988149752277
1293,2.549998808411444
1294,2.5499988018280066
1295,2.5499987952249166
1296,2.549998788602173
1297,2.5499987819597756
1298,2.549998775297725
1299,2.549998768616022
1300,2.5499987619146647
1301,2.5499987551936543
1302,2.5499987484529907
1303,2.549998741692674
1304,2.5499987349127036
1305,2.54999872811308
1306,2.549998721293803
1307,2.5499987144548726
1308,2.549998707596289
1309,2.5499987007180525
1310,2.549998693820162
1311,2.549998685079287
1312,2.5499986750602086
1313,2.549998664987646
1314,2.5499986548615987
1315,2.549998644682068
1316,2.5499986344490533
1317,2.549998624162554
1318,2.549998613822571
1319,2.549998603429103
1320,2.549998592982152
1321,2.5499985824817157
1322,2.549998571927796
1323,2.5499985613203924
1324,2.5499985506595038
1325,2.549998539945132
1326,2.5499985291772753
1327,2.549998518355935
1328,2.54999850748111
1329,2.5499984965528015
1330,2.5499984855710087
1331,2.5499984745357316
1332,2.5499984634469706
1333,2.5499984523047248
1334,2.549998441108995
1335,2.549998429859782
1336,2.549998418557084
1337,2.5499984072009023
1338,2.549998395791236
1339,2.5499983843280862
1340,2.5499983728114515
1341,2.5499983612413337
1342,2.549998349617731
1343,2.549998337940644
1344,2.549998326210073
1345,2.5499983144260185
1346,2.549998302588479
1347,2.5499982906974563
1348,2.5499982787529483
1349,2.549998266754957
1350,2.549998254703481
1351,2.5499982425985217
1352,2.5499982304400777
1353,2.5499982182281493
1354,2.5499982059627375
1355,2.549998193643841
1356,2.5499981812714605
1357,2.549998168845596
1358,2.549998156366247
1359,2.549998143833414
1360,2.5499981312470967
1361,2.549998118607296
1362,2.549998105914011
1363,2.549998093167241
1364,2.5499980803669877
1365,2.54999806751325
1366,2.549998054606028
1367,2.5499980416453223
1368,2.549998028631132
1369,2.5499980155634576
1370,2.5499980024422992
1371,2.549997989267657
1372,2.5499979760395304
1373,2.549997962757919
1374,2.549997949422824
1375,2.549997936034245
1376,2.549997922592182
1377,2.5499979090966347
1378,2.549997895547603
1379,2.5499978819450875
1380,2.5499978682890876
1381,2.549997854579604
1382,2.549997840816636
1383,2.5499978270001833
1384,2.5499978131302474
1385,2.549997799206827
1386,2.5499977852299223
1387,2.549997771199534
1388,2.5499977571156602
1389,2.5499977429783036
1390,2.5499977287874622
1391,2.5499977145431374
1392,2.5499977002453282
1393,2.5499976858940343
1394,2.5499976714892565
1395,2.549997657030995
1396,2.5499976425192488
1397,2.549997627954019
1398,2.549997613335304
1399,2.549997598663106
1400,2.549997583937424
1401,2.5499975691582573
1402,2.5499975543256066
1403,2.549997539439471
1404,2.5499975244998523
1405,2.549997509506749
1406,2.549997494460162
1407,2.5499974793600906
1408,2.5499974642065344
1409,2.5499974489994948
1410,2.549997433738971
1411,2.549997418424963
1412,2.5499974030574712
1413,2.5499973876364943
1414,2.549997372162034
1415,2.5499973566340897
1416,2.549997341052661
1417,2.549997325417748
1418,2.5499973097293513
1419,2.5499972939874698
1420,2.5499972781921048
1421,2.5499972623432554
1422,2.549997246440922
1423,2.549997230485104
1424,2.5499972144758027
1425,2.5499971984130165
1426,2.5499971822967464
1427,2.5499971661269925
1428,2.5499971499037537
1429,2.549997133627031
1430,2.549997117296825
1431,2.5499971009131346
1432,2.5499970844759594
1433,2.5499970679853
1434,2.549997051441157
1435,2.5499970348435297
1436,2.549997018192418
1437,2.5499970014878226
1438,2.549996984729743
1439,2.549996967918179
1440,2.549996951053131
1441,2.549996934134599
1442,2.5499969171625825
1443,2.5499969001370824
1444,2.549996883058098
1445,2.549996865925629
1446,2.5499968487396765
1447,2.5499968315002395
1448,2.549996814207318
1449,2.549996796860913
1450,2.549996779461024
1451,2.5499967620076505
1452,2.5499967445007923
1453,2.549996726940451
1454,2.5499967093266247
1455,2.549996691659315
1456,2.549996673938521
1457,2.549996656164242
1458,2.5499966383364803
1459,2.5499966204552336
1460,2.549996602520503
1461,2.549996584532288
1462,2.549996566490589
1463,2.5499965483954057
1464,2.5499965302467387
1465,2.5499965120445873
1466,2.5499964937889517
1467,2.5499964754798317
1468,2.5499964571172278
1469,2.5499964387011405
1470,2.5499964202315684
1471,2.549996401708512
1472,2.549996383131971
1473,2.549996364501947
1474,2.549996345818438
1475,2.5499963270814456
1476,2.549996308290969
1477,2.549996289447008
1478,2.549996270549562
1479,2.549996251598633
1480,2.5499962325942196
1481,2.5499962135363226
1482,2.5499961944249403
1483,2.5499961752600746
1484,2.5499961560417246
1485,2.5499961367698907
1486,2.5499961174445724
1487,2.5499960980657694
1488,2.5499960786334834
1489,2.549996059147712
1490,2.5499960396084576
1491,2.549996016676785
1492,2.54999599138694
1493,2.5499959659816587
1494,2.5499959404609416
1495,2.5499959148247884
1496,2.5499958890731995
1497,2.549995863206174
1498,2.5499958372237126
1499,2.5499958111258154
1500,2.549995784912482
1501,2.5499957585837127
1502,2.5499957321395073
1503,2.549995705579866
1504,2.5499956789047884
1505,2.549995652114275
1506,2.5499956252083256
1507,2.5499955981869404
1508,2.549995571050119
1509,2.5499955437978614
1510,2.549995516430168
1511,2.5499954889470384
1512,2.5499954613484728
1513,2.549995433634471
1514,2.5499954058050336
1515,2.5499953778601596
1516,2.5499953497998504
1517,2.5499953216241047
1518,2.5499952933329233
1519,2.5499952649263053
1520,2.5499952364042517
1521,2.549995207766762
1522,2.549995179013836
1523,2.5499951501454743
1524,2.5499951211616767
1525,2.5499950920624426
1526,2.5499950628477728
1527,2.549995033517667
1528,2.5499950040721253
1529,2.549994974511147
1530,2.5499949448347334
1531,2.5499949150428836
1532,2.5499948851355976
1533,2.5499948551128755
1534,2.5499948249747173
1535,2.5499947947211234
1536,2.5499947643520935
1537,2.5499947338676274
1538,2.5499947032677257
1539,2.5499946725523874
1540,2.549994641721613
1541,2.549994610775403
1542,2.549994579713757
1543,2.549994548536675
1544,2.5499945172441567
1545,2.5499944858362027
1546,2.549994454312812
1547,2.549994422673986
1548,2.5499943909197236
1549,2.5499943590500256
1550,2.549994327064891
1551,2.549994294964321
1552,2.549994262748314
1553,2.5499942304168717
1554,2.5499941979699936
1555,2.5499941654076794
1556,2.5499941327299287
1557,2.5499940999367423
1558,2.54999406702812
1559,2.5499940340040617
1560,2.549994000864567
1561,2.549993967609636
1562,2.5499939342392697
1563,2.5499939007534675
1564,2.5499938671522284
1565,2.549993833435554
1566,2.5499937996034436
1567,2.5499937656558966
1568,2.5499937315929144
1569,2.5499936974144957
1570,2.549993663120641
1571,2.5499936287113503
1572,2.5499935941866236
1573,2.5499935595464605
1574,2.5499935247908616
1575,2.549993489919827
1576,2.5499934549333565
1577,2.5499934198314493
1578,2.5499933846141065
1579,2.5499933492813276
1580,2.5499933138331126
1581,2.549993278269462
1582,2.549993242590375
1583,2.5499932067958517
1584,2.549993170885893
1585,2.5499931348604976
1586,2.549993098719667
1587,2.5499930624634
1588,2.549993026091697
1589,2.5499929896045574
1590,2.5499929530019827
1591,2.5499929162839714
1592,2.5499928794505244
1593,2.5499928425016414
1594,2.5499928054373218
1595,2.549992768257567
1596,2.549992730962376
1597,2.549992693551748
1598,2.5499926560256854
1599,2.5499926183841857
1600,2.5499925806272503
1601,2.5499925427548793
1602,2.5499925047670717
1603,2.5499924666638285
1604,2.549992428445149
1605,2.5499923901110337
1606,2.549992351661482
1607,2.549992313096495
1608,2.5499922744160717
1609,2.5499922356202123
1610,2.5499921967089167
1611,2.5499921576821847
1612,2.549992118540018
1613,2.549992079282414
1614,2.549992039909374
1615,2.5499920004208985
1616,2.5499919608169868
1617,2.54999192109764
1618,2.549991881262856
1619,2.549991841312636
1620,2.5499918012469807
1621,2.549991761065889
1622,2.549991720769361
1623,2.5499916803573974
1624,2.5499916398299973
1625,2.549991599187162
1626,2.54999155842889
1627,2.5499915175551817
1628,2.549991476566038
1629,2.5499914354614583
1630,2.5499913942414425
1631,2.54999135290599
1632,2.5499913114551025
1633,2.5499912698887788
1634,2.549991228207019
1635,2.5499911864098226
1636,2.549991144497191
1637,2.5499911024691224
1638,2.5499910603256186
1639,2.5499910180666783
1640,2.5499909756923023
1641,2.5499909332024906
1642,2.549990890597242
1643,2.549990847876558
1644,2.5499908050404376
1645,2.549990762088882
1646,2.5499907190218893
1647,2.549990675839461
1648,2.5499906325415966
1649,2.5499905891282966
1650,2.549990545599561
1651,2.549990501955388
1652,2.5499904581957797
1653,2.5499904143207357
1654,2.549990370330255
1655,2.549990326224339
1656,2.5499902820029865
1657,2.549990237666198
1658,2.5499901932139735
1659,2.5499901486463132
1660,2.5499901039632165
1661,2.549990059164684
1662,2.5499900142507155
1663,2.549989969221311
1664,2.5499899240764705
1665,2.5499898788161937
1666,2.549989833440481
1667,2.5499897879493325
1668,2.549989742342748
1669,2.5499896966207274
1670,2.549989650783271
1671,2.5499895984131955
1672,2.549989541498244
1673,2.54998948434879
1674,2.5499894269648324
1675,2.5499893693463718
1676,2.5499893114934093
1677,2.549989253405943
1678,2.549989195083974
1679,2.549989136527502
1680,2.5499890777365275
1681,2.549989018711049
1682,2.5499889594510683
1683,2.5499888999565847
1684,2.549988840227598
1685,2.5499887802641084
1686,2.549988720066116
1687,2.5499886596336205
1688,2.549988598966622
1689,2.5499885380651204
1690,2.5499884769291166
1691,2.5499884155586092
1692,2.549988353953599
1693,2.5499882921140857
1694,2.54998823004007
1695,2.549988167731551
1696,2.549988105188529
1697,2.549988042411004
1698,2.5499879793989764
1699,2.5499879161524452
1700,2.549987852671412
1701,2.549987788955875
1702,2.5499877250058356
1703,2.5499876608212926
1704,2.5499875964022474
1705,2.549987531748699
1706,2.5499874668606477
1707,2.5499874017380932
1708,2.5499873363810366
1709,2.549987270789476
1710,2.549987204963413
1711,2.549987138902847
1712,2.5499870726077782
1713,2.5499870060782057
1714,2.5499869393141315
1715,2.549986872315553
1716,2.5499868050824728
1717,2.549986737614889
1718,2.549986669912802
1719,2.5499866019762125
1720,2.54998653380512
1721,2.549986465399525
1722,2.5499863967594267
1723,2.549986327884825
1724,2.5499862587757205
1725,2.5499861894321136
1726,2.5499861198540033
1727,2.5499860500413902
1728,2.549985979994274
1729,2.5499859097126554
1730,2.549985839196533
1731,2.549985768445908
1732,2.5499856974607806
1733,2.54998562624115
1734,2.549985554787016
1735,2.54998548309838
1736,2.54998541117524
1737,2.5499853390175975
1738,2.549985266625452
1739,2.5499851939988036
1740,2.5499851211376523
1741,2.5499850480419983
1742,2.549984974711841
1743,2.549984901147181
1744,2.549984827348018
1745,2.549984753314352
1746,2.5499846790461826
1747,2.549984604543511
1748,2.5499845298063364
1749,2.5499844548346586
1750,2.549984379628478
1751,2.549984304187794
1752,2.5499842285126073
1753,2.549984152602918
1754,2.5499840764587254
1755,2.5499840000800305
1756,2.5499839234668316
1757,2.5499838466191305
1758,2.549983769536926
1759,2.5499836922202195
1760,2.549983614669009
1761,2.549983536883296
1762,2.54998345886308
1763,2.549983380608361
1764,2.5499833021191387
1765,2.5499832233954147
1766,2.5499831444371863
1767,2.549983065244456
1768,2.5499829858172225
1769,2.5499829061554857
1770,2.5499828262592463
1771,2.5499827461285043
1772,2.5499826657632583
1773,2.5499825851635096
1774,2.5499825043292588
1775,2.5499824232605044
1776,2.5499823419572474
1777,2.5499822604194873
1778,2.5499821786472245
1779,2.5499820966404583
1780,2.5499820143991894
1781,2.5499819319234174
1782,2.5499818492131427
1783,2.5499817662683646
1784,2.5499816830890842
1785,2.5499815996753004
1786,2.5499815160270143
1787,2.5499814321442247
1788,2.549981348026932
1789,2.5499812636751367
1790,2.5499811790888387
1791,2.5499810942680368
1792,2.549981009212733
1793,2.5499809239229254
1794,2.549980838398616
1795,2.549980752639803
1796,2.549980666646487
1797,2.549980580418668
1798,2.5499804939563466
1799,2.549980407259521
1800,2.549980320328194
0,2.55
1,2.55
2,2.55
3,2.55
4,2.55
5,2.55
6,2.55
7,2.55
8,2.55
9,2.55
10,2.55
11,2.55
12,2.55
13,2.55
14,2.55
15,2.55
16,2.55
17,2.55
18,2.55
19,2.55
20,2.55
21,2.55
22,2.55
23,2.55
24,2.55
25,2.55
26,2.55
27,2.55
28,2.55
29,2.55
30,2.55
31,2.55
32,2.55
33,2.55
34,2.55
35,2.55
36,2.55
37,2.55
38,2.55
39,2.55
40,2.55
41,2.55
42,2.55
43,2.55
44,2.55
45,2.55
46,2.55
47,2.55
48,2.55
49,2.55
50,2.55
51,2.55
52,2.55
53,2.55
54,2.55
55,2.55
56,2.55
57,2.55
58,2.55
59,2.55
60,2.55
61,2.55
62,2.55
63,2.55
64,2.55
65,2.55
66,2.55
67,2.55
68,2.55
69,2.55
70,2.55
71,2.55
72,2.55
73,2.55
74,2.55
75,2.55
76,2.55
77,2.55
78,2.55
79,2.55
80,2.55
81,2.55
82,2.55
83,2.55
84,2.55
85,2.55
86,2.55
87,2.55
88,2.55
89,2.55
90,2.55
91,2.55
92,2.55
93,2.55
94,2.55
95,2.5499999999999994
96,2.5499999999999994
97,2.5499999999999994
98,2.5499999999999994
99,2.5499999999999994
100,2.5499999999999994
101,2.5499999999999994
102,2.5499999999999994
103,2.5499999999999994
104,2.5499999999999994
105,2.5499999999999994
106,2.5499999999999994
107,2.5499999999999994
108,2.5499999999999994
109,2.5499999999999994
110,2.5499999999999994
111,2.5499999999999994
112,2.5499999999999994
113,2.5499999999999994
114,2.5499999999999994
115,2.5499999999999994
116,2.5499999999998892
117,2.5499999999997462
118,2.5499999999995993
119,2.5499999999994474
120,2.5499999999992906
121,2.549999999999129
122,2.549999999998963
123,2.5499999999987923
124,2.549999999998616
125,2.5499999999984357
126,2.5499999999982506
127,2.549999999998061
128,2.549999999997866
129,2.5499999999976666
130,2.549999999997463
131,2.5499999999972536
132,2.54999999999704
133,2.549999999996822
134,2.549999999996599
135,2.549999999996371
136,2.549999999996138
137,2.549999999995901
138,2.549999999995659
139,2.5499999999954124
140,2.5499999999951606
141,2.549999999994905
142,2.5499999999946437
143,2.549999999994378
144,2.549999999994107
145,2.5499999999938328
146,2.5499999999935525
147,2.549999999993268
148,2.5499999999929783
149,2.549999999992685
150,2.549999999992386
151,2.5499999999920817
152,2.5499999999917735
153,2.549999999991461
154,2.549999999991143
155,2.54999999999082
156,2.549999999990493
157,2.5499999999901615
158,2.5499999999898244
159,2.549999999989483
160,2.549999999989137
161,2.549999999988786
162,2.54999999998843
163,2.54999999998807
164,2.5499999999877048
165,2.549999999987335
166,2.54999999998696
167,2.5499999999865803
168,2.5499999999861966
169,2.5499999999858076
170,2.549999999985414
171,2.5499999999850163
172,2.549999999984613
173,2.5499999999842053
174,2.549999999983793
175,2.549999999983376
176,2.5499999999829535
177,2.5499999999825267
178,2.549999999982095
179,2.549999999981659
180,2.5499999999812184
181,2.5499999999807725
182,2.549999999980322
183,2.549999999979867
184,2.5499999999794074
185,2.5499999999789424
186,2.549999999978473
187,2.549999999977999
188,2.5499999999775205
189,2.549999999977037
190,2.549999999976549
191,2.5499999999760554
192,2.5499999999755576
193,2.549999999975055
194,2.549999999974548
195,2.549999999974036
196,2.5499999999735192
197,2.549999999972998
198,2.549999999972472
199,2.549999999971941
200,2.549999999971405
201,2.549999999970865
202,2.5499999999703196
203,2.54999999996977
204,2.549999999969215
205,2.549999999968656
206,2.549999999968092
207,2.549999999967523
208,2.5499999999669494
209,2.549999999966371
210,2.549999999965788
211,2.5499999999652005
212,2.5499999999646086
213,2.549999999964011
214,2.5499999999634086
215,2.5499999999628025
216,2.5499999999621914
217,2.5499999999615746
218,2.5499999999609537
219,2.549999999960328
220,2.549999999959698
221,2.549999999959063
222,2.549999999958423
223,2.5499999999577785
224,2.549999999957129
225,2.549999999956475
226,2.549999999955816
227,2.549999999955153
228,2.5499999999544842
229,2.5499999999538114
230,2.5499999999531333
231,2.5499999999304253
232,2.5499999998923255
233,2.5499999998535836
234,2.5499999998142004
235,2.5499999997741742
236,2.549999999733506
237,2.5499999996921963
238,2.5499999996502436
239,2.5499999996076492
240,2.549999999564413
241,2.5499999995205345
242,2.5499999994760136
243,2.5499999994308507
244,2.5499999993850455
245,2.5499999993385987
246,2.5499999992915097
247,2.549999999243778
248,2.5499999991954048
249,2.5499999991463893
250,2.5499999990967313
251,2.5499999990464315
252,2.5499999989954896
253,2.549999998943906
254,2.5499999988916797
255,2.549999998838811
256,2.549999998785301
257,2.549999998731148
258,2.5499999986763537
259,2.5499999986209168
260,2.549999998564838
261,2.5499999985081168
262,2.549999998450754
263,2.5499999983927486
264,2.5499999983341013
265,2.549999998274812
266,2.54999999821488
267,2.5499999981543064
268,2.5499999980930905
269,2.5499999980312325
270,2.5499999979687327
271,2.5499999979055903
272,2.549999997841806
273,2.5499999977773795
274,2.549999997712311
275,2.5499999976466006
276,2.549999997580248
277,2.549999997513253
278,2.5499999974456156
279,2.549999997377337
280,2.549999997308415
281,2.549999997238852
282,2.5499999971686464
283,2.5499999970977982
284,2.5499999970263088
285,2.549999996954177
286,2.549999996881403
287,2.549999996807987
288,2.549999996733929
289,2.549999996659228
290,2.5499999965838858
291,2.5499999965079008
292,2.549999996431275
293,2.549999996354006
294,2.5499999962760946
295,2.549999996197542
296,2.5499999961183466
297,2.5499999960385096
298,2.54999999595803
299,2.5499999958769086
300,2.5499999957951447
301,2.549999995712739
302,2.549999995629691
303,2.549999995546001
304,2.549999995461669
305,2.5499999953766945
306,2.549999995291078
307,2.54999999520482
308,2.549999995117919
309,2.5499999950303764
310,2.5499999949421914
311,2.5499999948533643
312,2.549999994763896
313,2.5499999946737844
314,2.5499999945830307
315,2.5499999944916354
316,2.5499999943995975
317,2.549999994306918
318,2.5499999942135965
319,2.549999994119632
320,2.5499999940250264
321,2.5499999939297786
322,2.5499999938338873
323,2.549999993737355
324,2.549999993640181
325,2.549999993542364
326,2.5499999934439055
327,2.5499999933448043
328,2.5499999932450614
329,2.549999993144677
330,2.549999993043649
331,2.54999999294198
332,2.5499999928396684
333,2.5499999927367143
334,2.549999992633119
335,2.5499999925288814
336,2.549999992424001
337,2.549999992318479
338,2.5499999922123147
339,2.5499999921055085
340,2.5499999919980603
341,2.5499999918899694
342,2.549999991781237
343,2.549999991671862
344,2.5499999915618448
345,2.5499999914511857
346,2.549999991339885
347,2.549999991227941
348,2.549999991115356
349,2.549999991002129
350,2.5499999908882587
351,2.549999990773747
352,2.5499999906585935
353,2.5499999905427972
354,2.5499999904263593
355,2.5499999903092787
356,2.549999990191557
357,2.549999990073192
358,2.5499999899541854
359,2.5499999898345367
360,2.5499999897142462
361,2.5499999895933128
362,2.549999989471738
363,2.5499999893495207
364,2.5499999892266616
365,2.5499999891031604
366,2.549999988979016
367,2.5499999888542306
368,2.549999988728803
369,2.5499999886027327
370,2.5499999884760207
371,2.549999988348667
372,2.5499999882206708
373,2.5499999880920323
374,2.5499999879627517
375,2.549999987832829
376,2.5499999877022645
377,2.549999987571057
378,2.5499999874392083
379,2.5499999873067174
380,2.549999987173584
381,2.5499999870398087
382,2.5499999869053913
383,2.5499999867703314
384,2.54999998663463
385,2.5499999864982863
386,2.5499999863613
387,2.549999986223672
388,2.5499999860854015
389,2.5499999859464895
390,2.549999985806935
391,2.5499999856667386
392,2.5499999855259
393,2.5499999853844195
394,2.549999985242296
395,2.5499999850995314
396,2.5499999849561243
397,2.5499999848120747
398,2.5499999846673838
399,2.54999998452205
400,2.549999984376074
401,2.5499999842294563
402,2.5499999840821963
403,2.5499999839342946
404,2.5499999837857508
405,2.549999983636564
406,2.549999983486736
407,2.549999983336266
408,2.549999983185153
409,2.5499999830333984
410,2.5499999828810016
411,2.549999982500933
412,2.549999981963516
413,2.549999981421244
414,2.5499999808741176
415,2.549999980322137
416,2.549999979765301
417,2.5499999792036108
418,2.549999978637067
419,2.549999978065668
420,2.549999977489415
421,2.5499999769083064
422,2.549999976322344
423,2.549999975731527
424,2.5499999751358553
425,2.5499999745353295
426,2.549999973929949
427,2.5499999733197134
428,2.549999972704624
429,2.54999997208468
430,2.5499999714598816
431,2.5499999708302283
432,2.5499999701957203
433,2.5499999695563584
434,2.5499999689121413
435,2.5499999682630707
436,2.5499999676091445
437,2.549999966950364
438,2.5499999662867294
439,2.5499999656182397
440,2.5499999649448966
441,2.5499999642666977
442,2.549999963583645
443,2.549999962895738
444,2.549999962202976
445,2.549999961505359
446,2.5499999608028885
447,2.549999960095563
448,2.5499999593833835
449,2.549999958666348
450,2.549999957944459
451,2.5499999572177163
452,2.549999956486118
453,2.5499999557496658
454,2.5499999550083583
455,2.5499999542621965
456,2.549999953511181
457,2.5499999527553103
458,2.549999951994585
459,2.5499999512290055
460,2.5499999504585706
461,2.5499999496832824
462,2.549999948903139
463,2.549999948118142
464,2.5499999473282893
465,2.5499999465335823
466,2.549999945734021
467,2.549999944929605
468,2.5499999441203354
469,2.54999994330621
470,2.5499999424872306
471,2.549999941663397
472,2.5499999408347085
473,2.5499999400011655
474,2.549999939162768
475,2.549999938319516
476,2.54999993747141
477,2.5499999366184487
478,2.549999935760633
479,2.549999934897963
480,2.5499999340304385
481,2.54999993315806
482,2.549999932280826
483,2.549999931398738
484,2.5499999305117953
485,2.549999929619998
486,2.549999928723347
487,2.5499999278218404
488,2.5499999269154796
489,2.549999926004265
490,2.5499999250881946
491,2.549999924167271
492,2.549999923241492
493,2.549999922310858
494,2.549999921375371
495,2.549999920435028
496,2.5499999194898315
497,2.54999991853978
498,2.5499999175848744
499,2.549999916625114
500,2.549999915660499
501,2.5499999146910293
502,2.5499999137167055
503,2.549999912737527
504,2.5499999117534946
505,2.5499999107646065
506,2.5499999097708645
507,2.5499999087722682
508,2.549999907768817
509,2.5499999067605117
510,2.5499999057473515
511,2.549999904729337
512,2.549999903706468
513,2.549999902678744
514,2.5499999016461663
515,2.5499999006087335
516,2.549999899566446
517,2.5499998985193044
518,2.549999897467308
519,2.5499998964104575
520,2.549999895348752
521,2.5499998942821924
522,2.5499998932107784
523,2.5499998921345095
524,2.5499998910533863
525,2.5499998899674083
526,2.5499998888765756
527,2.549999887780889
528,2.5499998866803475
529,2.5499998855749513
530,2.549999884464701
531,2.5499998833495963
532,2.549999882229637
533,2.5499998811048226
534,2.549999879975154
535,2.549999878840631
536,2.5499998777012536
537,2.5499998765570218
538,2.549999875407935
539,2.5499998742539938
540,2.5499998730951985
541,2.549999871931548
542,2.5499998707630436
543,2.5499998695896844
544,2.5499998684114704
545,2.549999867228402
546,2.5499998660404795
547,2.549999864847703
548,2.5499998636500707
549,2.549999862447584
550,2.5499998612402437
551,2.5499998600280485
552,2.5499998588109984
553,2.549999857589094
554,2.5499998563623354
555,2.549999855130722
556,2.549999853894254
557,2.549999852652931
558,2.5499998514067546
559,2.549999850155723
560,2.549999848899837
561,2.5499998476390964
562,2.5499998463735016
563,2.549999845103052
564,2.549999843827748
565,2.5499998425475896
566,2.549999841262576
567,2.5499998399727084
568,2.5499998386779867
569,2.5499998373784103
570,2.549999836073979
571,2.549999834764693
572,2.5499998334505527
573,2.5499998321315585
574,2.549999830807709
575,2.5499998294790056
576,2.549999828145447
577,2.549999826807034
578,2.5499998254637672
579,2.549999824115645
580,2.549999822762669
581,2.549999821404838
582,2.549999820042152
583,2.5499998186746127
584,2.549999817302218
585,2.549999815924969
586,2.549999814542866
587,2.5499998131559076
588,2.5499998117640956
589,2.549999810367429
590,2.549999808965907
591,2.54999980661215
592,2.5499998035996123
593,2.549999800564642
594,2.5499997975072386
595,2.549999794427403
596,2.5499997913251344
597,2.5499997882004335
598,2.5499997850533003
599,2.549999781883734
600,2.5499997786917357
601,2.5499997754773043
602,2.54999977224044
603,2.5499997689811438
604,2.549999765699415
605,2.5499997623952533
606,2.5499997590686596
607,2.5499997557196328
608,2.549999752348173
609,2.5499997489542814
610,2.549999745537957
611,2.5499997420991996
612,2.54999973863801
613,2.5499997351543873
614,2.5499997316483327
615,2.549999728119845
616,2.549999724568925
617,2.5499997209955723
618,2.549999717399787
619,2.549999713781569
620,2.549999710140918
621,2.5499997064778355
622,2.5499997027923196
623,2.5499996990843714
624,2.5499996953539905
625,2.549999691601177
626,2.549999687825931
627,2.5499996840282524
628,2.5499996802081415
629,2.5499996763655974
630,2.5499996725006207
631,2.549999668613212
632,2.5499996647033707
633,2.5499996607710966
634,2.54999965681639
635,2.5499996528392503
636,2.5499996488396786
637,2.5499996448176736
638,2.5499996407732364
639,2.5499996367063673
640,2.5499996326170646
641,2.5499996285053297
642,2.5499996243711625
643,2.549999620214562
644,2.54999961603553
645,2.5499996118340644
646,2.5499996076101663
647,2.5499996033638355
648,2.549999599095073
649,2.549999594803877
650,2.549999590490249
651,2.549999586154188
652,2.5499995817956944
653,2.5499995774147686
654,2.54999957301141
655,2.549999568585619
656,2.549999564137395
657,2.5499995596667393
658,2.54999955517365
659,2.5499995506581286
660,2.549999546120174
661,2.5499995415597874
662,2.5499995369769684
663,2.549999532371716
664,2.5499995277440317
665,2.5499995230939145
666,2.549999518421365
667,2.5499995137263824
668,2.5499995090089675
669,2.54999950426912
670,2.54999949950684
671,2.5499994947221274
672,2.5499994899149816
673,2.549999485085404
674,2.5499994802333936
675,2.5499994753589506
676,2.5499994704620748
677,2.5499994655427667
678,2.549999460601026
679,2.5499994556368524
680,2.5499994506502466
681,2.5499994456412085
682,2.5499994406097373
683,2.5499994355558333
684,2.549999430479497
685,2.549999425380728
686,2.5499994202595264
687,2.5499994151158925
688,2.5499994099498258
689,2.549999404761326
690,2.5499993995503947
691,2.54999939431703
692,2.5499993890612327
693,2.5499993837830033
694,2.5499993784823407
695,2.5499993731592454
696,2.5499993678137183
697,2.549999362445758
698,2.5499993570553654
699,2.54999935164254
700,2.5499993462072825
701,2.5499993407495922
702,2.5499993352694688
703,2.5499993297669135
704,2.5499993242419254
705,2.5499993186945047
706,2.5499993131246517
707,2.549999307532365
708,2.5499993019176466
709,2.549999296280496
710,2.549999290620912
711,2.5499992849388957
712,2.5499992792344464
713,2.5499992735075647
714,2.549999267758251
715,2.549999261986504
716,2.549999256192325
717,2.549999250375713
718,2.5499992445366684
719,2.5499992386751913
720,2.549999232791282
721,2.5499992268849394
722,2.5499992209561646
723,2.549999215004957
724,2.549999209031317
725,2.5499992030352443
726,2.549999197016739
727,2.5499991909758015
728,2.5499991849124313
729,2.5499991788266283
730,2.5499991727183926
731,2.5499991665877246
732,2.549999160434624
733,2.54999915425909
734,2.5499991480611244
735,2.549999141840726
736,2.5499991355978944
737,2.549999129332631
738,2.5499991230449344
739,2.549999116734806
740,2.549999110402244
741,2.54999910404725
742,2.549999097669823
743,2.549999091269964
744,2.549999084847672
745,2.549999078402948
746,2.549999071935791
747,2.549999065446201
748,2.5499990589341786
749,2.549999052399724
750,2.5499990458428363
751,2.549999039263516
752,2.5499990326617636
753,2.549999026037579
754,2.5499990193909614
755,2.5499990127219108
756,2.549999006030428
757,2.549998999316512
758,2.549998992580164
759,2.549998985821383
760,2.54999897904017
761,2.549998972236524
762,2.5499989654104454
763,2.5499989585619343
764,2.5499989516909904
765,2.5499989447976144
766,2.549998937881805
767,2.5499989309435636
768,2.5499989239828893
769,2.549998916999783
770,2.549998909994244
771,2.5499988997551997
772,2.5499988872772903
773,2.5499988747173687
774,2.549998862075435
775,2.54999884935149
776,2.549998836545532
777,2.549998823657562
778,2.54999881068758
779,2.5499987976355865
780,2.5499987845015806
781,2.5499987712855625
782,2.549998757987532
783,2.54999874460749
784,2.5499987311454357
785,2.549998717601369
786,2.5499987039752905
787,2.5499986902672
788,2.549998676477097
789,2.549998662604982
790,2.5499986486508552
791,2.5499986346147163
792,2.5499986204965657
793,2.549998606296402
794,2.549998592014227
795,2.54999857765004
796,2.54999856320384
797,2.549998548675628
798,2.5499985340654048
799,2.5499985193731693
800,2.549998504598921
801,2.5499984897426615
802,2.5499984748043896
803,2.5499984597841054
804,2.5499984446818096
805,2.549998429497501
806,2.5499984142311805
807,2.5499983988828485
808,2.5499983834525044
809,2.5499983679401477
810,2.549998352345779
811,2.549998336669398
812,2.5499983209110053
813,2.5499983050706003
814,2.5499982891481836
815,2.5499982731437543
816,2.5499982570573136
817,2.5499982408888604
818,2.549998224638395
819,2.5499982083059174
820,2.549998191891428
821,2.549998175394926
822,2.549998158816413
823,2.549998142155887
824,2.549998125413349
825,2.5499981085887993
826,2.5499980916822373
827,2.5499980746936632
828,2.5499980576230765
829,2.5499980404704785
830,2.549998023235868
831,2.549998005919245
832,2.549997988520611
833,2.5499979710399647
834,2.5499979534773054
835,2.549997935832635
836,2.549997918105952
837,2.549997900297257
838,2.54999788240655
839,2.549997864433831
840,2.5499978463791
841,2.5499978282423563
842,2.549997810023601
843,2.549997791722834
844,2.549997773340054
845,2.549997754875262
846,2.549997736328459
847,2.5499977176996427
848,2.549997698988815
849,2.549997680195975
850,2.549997661321123
851,2.5499976423642585
852,2.5499976233253823
853,2.5499976042044943
854,2.5499975850015937
855,2.549997565716681
856,2.549997546349757
857,2.54999752690082
858,2.549997507369871
859,2.54999748775691
860,2.549997468061937
861,2.5499974482849517
862,2.5499974284259546
863,2.5499974084849457
864,2.5499973884619243
865,2.5499973683568906
866,2.5499973481698457
867,2.549997327900788
868,2.5499973075497184
869,2.5499972871166365
870,2.549997266601543
871,2.5499972460044367
872,2.5499972253253187
873,2.549997204564189
874,2.5499971837210467
875,2.549997162795892
876,2.5499971417887264
877,2.549997120699548
878,2.5499970995283574
879,2.5499970782751546
880,2.54999705693994
881,2.549997035522713
882,2.5499970140234747
883,2.549996992442223
884,2.5499969707789605
885,2.549996949033685
886,2.549996927206398
887,2.549996905297099
888,2.5499968833057873
889,2.5499968612324637
890,2.549996839077128
891,2.5499968168397804
892,2.549996794520421
893,2.549996772119049
894,2.5499967496356652
895,2.549996727070269
896,2.549996704422861
897,2.549996681693441
898,2.549996658882009
899,2.549996635988564
900,2.549996613013108
901,2.5499965899556396
902,2.549996566816159
903,2.5499965435946663
904,2.549996520291162
905,2.549996496905645
906,2.549996473438116
907,2.549996449888575
908,2.549996426257022
909,2.5499964025434565
910,2.5499963787478794
911,2.54999635487029
912,2.5499963309106883
913,2.549996306869075
914,2.5499962827454494
915,2.549996258539812
916,2.5499962342521623
917,2.5499962098825004
918,2.549996185430826
919,2.5499961608971398
920,2.549996136281442
921,2.5499961115837317
922,2.549996086804009
923,2.549996061942275
924,2.5499960369985284
925,2.54999601197277
926,2.5499959868649995
927,2.5499959616752164
928,2.549995936403422
929,2.549995911049615
930,2.549995885613796
931,2.5499958600959647
932,2.5499958344961215
933,2.5499958088142667
934,2.549995783050399
935,2.5499957572045195
936,2.5499957312766277
937,2.5499957052667246
938,2.549995679174809
939,2.5499956530008814
940,2.5499956267449413
941,2.5499956004069895
942,2.5499955739870255
943,2.5499955474850493
944,2.5499955209010614
945,2.549995494235061
946,2.549995467487048
947,2.5499954406570238
948,2.549995413744987
949,2.5499953867509384
950,2.5499953596748774
951,2.5499953255031698
952,2.5499952864083095
953,2.5499952471013034
954,2.5499952075821515
955,2.5499951678508537
956,2.5499951279074105
957,2.549995087751821
958,2.5499950473840856
959,2.5499950068042048
960,2.5499949660121777
961,2.5499949250080047
962,2.5499948837916864
963,2.549994842363222
964,2.5499948007226116
965,2.5499947588698557
966,2.549994716804954
967,2.5499946745279063
968,2.549994632038713
969,2.5499945893373734
970,2.5499945464238882
971,2.5499945032982567
972,2.5499944599604802
973,2.5499944164105575
974,2.549994372648489
975,2.549994328674275
976,2.5499942844879144
977,2.5499942400894082
978,2.5499941954787566
979,2.549994150655959
980,2.5499941056210154
981,2.549994060373926
982,2.549994014914691
983,2.54999396924331
984,2.5499939233597835
985,2.549993877264111
986,2.549993830956292
987,2.549993784436328
988,2.549993737704218
989,2.549993690759962
990,2.5499936436035604
991,2.5499935962350126
992,2.549993548654319
993,2.54999350086148
994,2.549993452856495
995,2.549993404639364
996,2.5499933562100874
997,2.5499933075686645
998,2.5499932587150966
999,2.549993209649382
1000,2.549993160371522
1001,2.549993110881516
1002,2.5499930611793644
1003,2.549993011265067
1004,2.549992961138624
1005,2.549992910800034
1006,2.5499928602492994
1007,2.5499928094864184
1008,2.5499927585113915
1009,2.5499927073242192
1010,2.549992655924901
1011,2.549992604313437
1012,2.5499925524898273
1013,2.549992500454071
1014,2.5499924482061695
1015,2.549992395746122
1016,2.549992343073929
1017,2.5499922901895897
1018,2.5499922370931047
1019,2.549992183784474
1020,2.549992130263697
1021,2.5499920765307746
1022,2.5499920225857067
1023,2.5499919684284924
1024,2.5499919140591323
1025,2.5499918594776267
1026,2.5499918046839753
1027,2.5499917496781777
1028,2.549991694460234
1029,2.5499916390301456
1030,2.5499915833879103
1031,2.5499915275335296
1032,2.549991471467003
1033,2.5499914151883307
1034,2.5499913586975125
1035,2.5499913019945484
1036,2.549991245079439
1037,2.549991187952183
1038,2.5499911306127814
1039,2.5499910730612343
1040,2.549991015297541
1041,2.5499909573217017
1042,2.549990899133717
1043,2.5499908407335865
1044,2.5499907821213097
1045,2.549990723296888
1046,2.5499906642603194
1047,2.5499906050116055
1048,2.5499905455507457
1049,2.54999048587774
1050,2.5499904259925885
1051,2.549990365895291
1052,2.549990305585848
1053,2.5499902450642593
1054,2.5499901843305244
1055,2.5499901233846436
1056,2.5499900622266174
1057,2.549990000856445
1058,2.549989939274127
1059,2.5499898774796628
1060,2.5499898154730536
1061,2.5499897532542977
1062,2.5499896908233963
1063,2.549989628180349
1064,2.549989565325156
1065,2.549989502257817
1066,2.5499894389783324
1067,2.549989375486702
1068,2.5499893117829258
1069,2.5499892478670034
1070,2.5499891837389352
1071,2.549989119398721
1072,2.5499890548463617
1073,2.549988990081856
1074,2.549988925105205
1075,2.549988859916408
1076,2.549988794515465
1077,2.5499887289023757
1078,2.549988663077141
1079,2.54998859703976
1080,2.549988530790234
1081,2.5499884643285617
1082,2.5499883976547437
1083,2.54998833076878
1084,2.5499882636706706
1085,2.5499881963604145
1086,2.5499881288380135
1087,2.5499880611034667
1088,2.5499879931567735
1089,2.5499879249979345
1090,2.5499878566269505
1091,2.5499877880438198
1092,2.5499877192485436
1093,2.549987650241121
1094,2.5499875810215533
1095,2.54998751158984
1096,2.54998744194598
1097,2.5499873720899746
1098,2.5499873020218233
1099,2.5499872317415266
1100,2.549987161249083
1101,2.549987090544495
1102,2.54998701962776
1103,2.54998694849888
1104,2.549986877157854
1105,2.5499868056046817
1106,2.549986733839364
1107,2.5499866618619
1108,2.5499865896722906
1109,2.549986517270535
1110,2.5499864446566343
1111,2.549986371830587
1112,2.549986298792394
1113,2.549986225542056
1114,2.5499861520795712
1115,2.549986078404941
1116,2.5499860045181646
1117,2.549985930419243
1118,2.549985856108175
1119,2.549985781584961
1120,2.5499857068496015
1121,2.5499856319020964
1122,2.5499855567424454
1123,2.5499854813706486
1124,2.5499854057867055
1125,2.5499853299906174
1126,2.5499852539823826
1127,2.5499851777620024
1128,2.5499851013294768
1129,2.5499850246848044
1130,2.549984947827987
1131,2.5499848562782312
1132,2.549984754521008
1133,2.549984652282957
1134,2.549984549564077
1135,2.5499844463643693
1136,2.5499843426838336
1137,2.5499842385224696
1138,2.549984133880278
1139,2.5499840287572577
1140,2.5499839231534094
1141,2.549983817068733
1142,2.5499837105032284
1143,2.5499836034568957
1144,2.5499834959297347
1145,2.5499833879217455
1146,2.549983279432929
1147,2.549983170463284
1148,2.5499830610128105
1149,2.549982951081509
1150,2.54998284066938
1151,2.549982729776422
1152,2.5499826184026366
1153,2.549982506548022
1154,2.5499823942125803
1155,2.5499822813963102
1156,2.549982168099212
1157,2.5499820543212857
1158,2.5499819400625308
1159,2.549981825322948
1160,2.549981710102537
1161,2.5499815944012982
1162,2.549981478219231
1163,2.549981361556336
1164,2.5499812444126126
1165,2.549981126788061
1166,2.5499810086826815
1167,2.549980890096474
1168,2.549980771029438
1169,2.549980651481574
1170,2.549980531452882
1171,2.5499804109433626
1172,2.549980289953014
1173,2.5499801684818375
1174,2.549980046529833
1175,2.5499799240970003
1176,2.5499798011833392
1177,2.5499796777888504
1178,2.5499795539135333
1179,2.5499794295573883
1180,2.5499793047204147
1181,2.549979179402613
1182,2.5499790536039835
1183,2.549978927324526
1184,2.54997880056424
1185,2.549978673323126
1186,2.5499785456011836
1187,2.549978417398414
1188,2.5499782887148155
1189,2.549978159550389
1190,2.5499780299051342
1191,2.549977899779052
1192,2.549977769172141
1193,2.5499776380844015
1194,2.5499775065158343
1195,2.54997737446644
1196,2.5499772419362166
1197,2.549977108925165
1198,2.5499769754332853
1199,2.5499768414605777
1200,2.549976707007042
1201,2.5499765720726777
1202,2.5499764366574857
1203,2.5499763007614655
1204,2.549976164384617
1205,2.5499760275269407
1206,2.5499758901884357
1207,2.5499757523691033
1208,2.5499756140689422
1209,2.5499754752879533
1210,2.549975336026136
1211,2.5499751962834907
1212,2.5499750560600174
1213,2.5499749153557163
1214,2.5499747741705865
1215,2.549974632504629
1216,2.5499744903578425
1217,2.549974347730229
1218,2.5499742046217864
1219,2.549974061032516
1220,2.5499739169624185
1221,2.549973772411492
1222,2.549973627379737
1223,2.5499734818671547
1224,2.5499733358737435
1225,2.5499731893995046
1226,2.549973042444438
1227,2.5499728950085423
1228,2.549972747091819
1229,2.549972598694267
1230,2.5499724498158876
1231,2.54997230045668
1232,2.549972150616644
1233,2.5499720002957798
1234,2.5499718494940877
1235,2.5499716982115674
1236,2.549971546448219
1237,2.5499713942040425
1238,2.549971241479038
1239,2.549971088273205
1240,2.5499709345865442
1241,2.5499707804190552
1242,2.549970625770738
1243,2.549970470641593
1244,2.54997031503162
1245,2.5499701589408184
1246,2.5499700023691885
1247,2.5499698453167308
1248,2.549969687783445
1249,2.5499695297693306
1250,2.5499693712743885
1251,2.549969212298618
1252,2.5499690528420196
1253,2.549968892904593
1254,2.549968732486339
1255,2.549968571587256
1256,2.5499684102073448
1257,2.5499682483466057
1258,2.549968086005039
1259,2.5499679231826433
1260,2.54996775987942
1261,2.5499675960953683
1262,2.549967431830489
1263,2.5499672670847806
1264,2.5499671018582446
1265,2.5499669361508808
1266,2.5499667699626887
1267,2.5499666032936683
1268,2.5499664361438206
1269,2.5499662685131437
1270,2.5499661004016394
1271,2.5499659318093064
1272,2.549965762736145
1273,2.549965593182156
1274,2.5499654231473388
1275,2.5499652526316936
1276,2.54996508163522
1277,2.5499649101579185
1278,2.549964738199789
1279,2.5499645657608307
1280,2.549964392841045
1281,2.5499642194404313
1282,2.549964045558989
1283,2.5499638711967183
1284,2.54996369635362
1285,2.5499635210296936
1286,2.549963345224939
1287,2.5499631689393563
1288,2.549962992172945
1289,2.549962814925706
1290,2.5499626371976385
1291,2.5499624589887433
1292,2.54996228029902
1293,2.5499621011284686
1294,2.5499619214770886
1295,2.549961741344881
1296,2.549961560731845
1297,2.549961379637981
1298,2.549961198063289
1299,2.5499610160077686
1300,2.54996083347142
1301,2.5499606504542434
1302,2.549960466956239
1303,2.5499602829774055
1304,2.5499600985177446
1305,2.5499599135772555
1306,2.549959728155938
1307,2.549959542253793
1308,2.54995935587082
1309,2.549959169007018
1310,2.549958981662388
1311,2.5499587663850307
1312,2.5499585316782563
1313,2.5499582959813
1314,2.5499580592941626
1315,2.549957821616844
1316,2.5499575829493435
1317,2.5499573432916613
1318,2.5499571026437984
1319,2.5499568610057533
1320,2.549956618377527
1321,2.5499563747591196
1322,2.5499561301505302
1323,2.5499558845517596
1324,2.5499556379628077
1325,2.5499553903836736
1326,2.549955141814359
1327,2.549954892254863
1328,2.549954641705185
1329,2.549954390165326
1330,2.549954137635285
1331,2.5499538841150624
1332,2.549953629604659
1333,2.5499533741040743
1334,2.5499531176133075
1335,2.5499528601323598
1336,2.5499526016612304
1337,2.5499523421999193
1338,2.549952081748427
1339,2.5499518203067533
1340,2.549951557874898
1341,2.5499512944528617
1342,2.5499510300406434
1343,2.5499507646382438
1344,2.549950498245663
1345,2.5499502308629003
1346,2.5499499624899564
1347,2.5499496931268317
1348,2.5499494227735244
1349,2.5499491514300363
1350,2.549948879096366
1351,2.5499486057725154
1352,2.549948331458483
1353,2.5499480561542684
1354,2.549947779859873
1355,2.5499475025752965
1356,2.5499472243005377
1357,2.549946945035598
1358,2.549946664780477
1359,2.549946383535174
1360,2.5499461012996902
1361,2.549945818074024
1362,2.5499455338581773
1363,2.5499452486521488
1364,2.5499449624559385
1365,2.5499446752695474
1366,2.549944387092975
1367,2.54994409792622
1368,2.5499438077692846
1369,2.5499435166221676
1370,2.5499432244848688
1371,2.5499429313573887
1372,2.549942637239727
1373,2.549942342131884
1374,2.54994204603386
1375,2.5499417489456535
1376,2.5499414508672666
1377,2.549941151798698
1378,2.5499408517399473
1379,2.5499405506910158
1380,2.549940248651903
1381,2.549939945622608
1382,2.549939641603132
1383,2.549939336593475
1384,2.5499390305936354
1385,2.5499387236036157
1386,2.5499384156234135
1387,2.54993810665303
1388,2.5499377966924657
1389,2.549937485741719
1390,2.5499371738007914
1391,2.549936860869683
1392,2.549936546948392
1393,2.5499362320369205
1394,2.5499359161352673
1395,2.5499355992434323
1396,2.5499352813614156
1397,2.5499349624892176
1398,2.5499346426268388
1399,2.5499343217742783
1400,2.549933999931536
1401,2.5499336770986125
1402,2.5499333532755077
1403,2.549933028462221
1404,2.549932702658753
1405,2.549932375865104
1406,2.549932048081273
1407,2.5499317193072613
1408,2.5499313895430675
1409,2.549931058788692
1410,2.549930727044136
1411,2.5499303943093974
1412,2.549930060584478
1413,2.5499297258693776
1414,2.5499293901640945
1415,2.549929053468631
1416,2.5499287157829857
1417,2.549928377107159
1418,2.549928037441151
1419,2.5499276967849616
1420,2.54992735513859
1421,2.549927012502038
1422,2.5499266688753033
1423,2.5499263242583883
1424,2.5499259786512916
1425,2.549925632054013
1426,2.549925284466554
1427,2.5499249358889124
1428,2.5499245863210898
1429,2.5499242357630854
1430,2.5499238842149006
1431,2.549923531676533
1432,2.549923178147985
1433,2.5499228236292546
1434,2.549922468120344
1435,2.549922111621251
1436,2.549921754131976
1437,2.549921395652521
1438,2.5499210361828837
1439,2.5499206757230652
1440,2.549920314273065
1441,2.5499199518328837
1442,2.5499195884025205
1443,2.5499192239819766
1444,2.549918858571251
1445,2.549918492170343
1446,2.549918124779255
1447,2.549917756397984
1448,2.549917387026533
1449,2.5499170166649
1450,2.5499166453130853
1451,2.5499162729710894
1452,2.549915899638912
1453,2.549915525316553
1454,2.5499151500040127
1455,2.5499147737012913
1456,2.5499143964083877
1457,2.5499140181253033
1458,2.549913638852037
1459,2.5499132585885893
1460,2.549912877334961
1461,2.5499124950911503
1462,2.5499121118571586
1463,2.5499117276329852
1464,2.54991134241863
1465,2.5499109562140942
1466,2.5499105690193766
1467,2.549910180834477
1468,2.5499097916593967
1469,2.5499094014941353
1470,2.549909010338691
1471,2.549908618193067
1472,2.54990822505726
1473,2.5499078309312724
1474,2.5499074358151033
1475,2.549907039708752
1476,2.5499066426122203
1477,2.5499062445255065
1478,2.5499058454486114
1479,2.549905445381535
1480,2.5499050443242774
1481,2.5499046422768377
1482,2.5499042392392166
1483,2.5499038352114143
1484,2.5499034301934307
1485,2.549903024185266
1486,2.549902617186919
1487,2.549902209198391
1488,2.5499018002196814
1489,2.5499013902507905
1490,2.549900979291718
1491,2.549900532203704
1492,2.5499000598710873
1493,2.5498995858963114
1494,2.5498991102793753
1495,2.5498986330202795
1496,2.549898154119024
1497,2.5498976735756083
1498,2.5498971913900332
1499,2.549896707562298
1500,2.549896222092403
1501,2.5498957349803484
1502,2.5498952462261335
1503,2.5498947558297598
1504,2.549894263791226
1505,2.5498937701105318
1506,2.5498932747876784
1507,2.549892777822665
1508,2.5498922792154914
1509,2.5498917789661584
1510,2.5498912770746656
1511,2.549890773541013
1512,2.5498902683652003
1513,2.5498897615472282
1514,2.549889253087096
1515,2.549888742984804
1516,2.5498882312403524
1517,2.549887717853741
1518,2.5498872028249697
1519,2.549886686154039
1520,2.549886167840948
1521,2.549885647885697
1522,2.5498851262882867
1523,2.5498846030487163
1524,2.5498840781669863
1525,2.5498835516430964
1526,2.549883023477047
1527,2.549882493668837
1528,2.549881962218468
1529,2.549881429125939
1530,2.54988089439125
1531,2.5498803580144016
1532,2.549879819995393
1533,2.549879280334225
1534,2.549878739030897
1535,2.5498781960854093
1536,2.5498776514977615
1537,2.5498771052679543
1538,2.549876557395987
1539,2.54987600788186
1540,2.5498754567255726
1541,2.549874903927126
1542,2.5498743494865197
1543,2.5498737934037536
1544,2.5498732356788274
1545,2.5498726763117414
1546,2.5498721153024957
1547,2.5498715526510907
1548,2.549870988357525
1549,2.5498704224217996
1550,2.5498698548439154
1551,2.5498692856238705
1552,2.549868714761666
1553,2.549868142257302
1554,2.549867568110778
1555,2.5498669923220936
1556,2.54986641489125
1557,2.5498658358182467
1558,2.5498652551030836
1559,2.549864672745761
1560,2.549864088746278
1561,2.549863503104635
1562,2.549862915820833
1563,2.5498623268948704
1564,2.5498617363267484
1565,2.5498611441164667
1566,2.549860550264025
1567,2.549859954769423
1568,2.5498593576326622
1569,2.549858758853741
1570,2.5498581584326603
1571,2.5498575563694197
1572,2.549856952664019
1573,2.549856347316459
1574,2.5498557403267386
1575,2.5498551316948586
1576,2.549854521420819
1577,2.5498539095046198
1578,2.54985329594626
1579,2.549852680745741
1580,2.5498520639030624
1581,2.549851445418224
1582,2.5498508252912253
1583,2.5498502035220674
1584,2.5498495801107497
1585,2.5498489550572714
1586,2.5498483283616338
1587,2.5498477000238364
1588,2.5498470700438793
1589,2.549846438421762
1590,2.549845805157485
1591,2.5498451702510483
1592,2.549844533702452
1593,2.549843895511696
1594,2.5498432556787796
1595,2.5498426142037043
1596,2.5498419710864684
1597,2.5498413263270727
1598,2.5498406799255173
1599,2.5498400318818026
1600,2.5498393821959278
1601,2.549838730867893
1602,2.5498380778976983
1603,2.5498374232853442
1604,2.5498367670308304
1605,2.5498361091341564
1606,2.5498354495953226
1607,2.549834788414329
1608,2.549834125591176
1609,2.549833461125863
1610,2.54983279501839
1611,2.5498321272687576
1612,2.5498314578769654
1613,2.549830786843013
1614,2.549830114166901
1615,2.5498294398486294
1616,2.549828763888198
1617,2.549828086285606
1618,2.549827407040855
1619,2.549826726153944
1620,2.549826043624873
1621,2.549825359453642
1622,2.5498246736402517
1623,2.5498239861847014
1624,2.5498232970869914
1625,2.549822606347121
1626,2.5498219139650917
1627,2.5498212199409025
1628,2.549820524274553
1629,2.549819826966044
1630,2.5498191280153755
1631,2.549818427422547
1632,2.549817725187558
1633,2.54981702131041
1634,2.549816315791102
1635,2.549815608629634
1636,2.549814899826006
1637,2.5498141893802186
1638,2.5498134772922723
1639,2.5498127635621652
1640,2.549812048189898
1641,2.5498113311754715
1642,2.549810612518885
1643,2.549809892220139
1644,2.5498091702792327
1645,2.5498084466961672
1646,2.549807721470941
1647,2.5498069946035558
1648,2.54980626609401
1649,2.5498055359423053
1650,2.5498048041484407
1651,2.549804070712416
1652,2.5498033356342313
1653,2.5498025989138875
1654,2.5498018605513835
1655,2.5498011205467193
1656,2.5498003788998957
1657,2.549799635610912
1658,2.549798890679769
1659,2.549798144106466
1660,2.549797395891003
1661,2.5497966460333803
1662,2.549795894533598
1663,2.5497951413916558
1664,2.549794386607554
1665,2.5497936301812922
1666,2.5497928721128704
1667,2.5497921124022893
1668,2.5497913510495476
1669,2.5497905880546465
1670,2.549789823417586
1671,2.549789005905378
1672,2.5497881513875993
1673,2.549787294277064
1674,2.5497864345737717
1675,2.549785572277723
1676,2.549784707388917
1677,2.549783839907355
1678,2.549782969833035
1679,2.5497820971659597
1680,2.5497812219061267
1681,2.5497803440535374
1682,2.5497794636081914
1683,2.549778580570088
1684,2.549777694939228
1685,2.549776806715612
1686,2.5497759158992386
1687,2.549775022490109
1688,2.549774126488222
1689,2.549773227893578
1690,2.549772326706178
1691,2.549771422926021
1692,2.5497705165531075
1693,2.5497696075874368
1694,2.54976869602901
1695,2.549767781877826
1696,2.549766865133885
1697,2.549765945797187
1698,2.549765023867733
1699,2.549764099345522
1700,2.5497631722305547
1701,2.5497622425228297
1702,2.549761310222348
1703,2.5497603753291105
1704,2.5497594378431154
1705,2.549758497764364
1706,2.5497575550928557
1707,2.549756609828591
1708,2.5497556619715693
1709,2.5497547115217905
1710,2.549753758479255
1711,2.549752802843963
1712,2.549751844615914
1713,2.5497508837951086
1714,2.549749920381547
1715,2.549748954375228
1716,2.5497479857761514
1717,2.549747014584319
1718,2.5497460407997297
1719,2.5497450644223836
1720,2.549744085452281
1721,2.549743103889422
1722,2.549742119733805
1723,2.5497411329854316
1724,2.5497401436443017
1725,2.549739151710415
1726,2.5497381571837723
1727,2.5497371600643723
1728,2.5497361603522153
1729,2.5497351580473016
1730,2.549734153149631
1731,2.549733145659204
1732,2.5497321355760203
1733,2.54973112290008
1734,2.5497301076313827
1735,2.549729089769928
1736,2.549728069315717
1737,2.5497270462687496
1738,2.5497260206290253
1739,2.5497249923965444
1740,2.5497239615713068
1741,2.549722928153312
1742,2.54972189214256
1743,2.5497208535390525
1744,2.5497198123427873
1745,2.549718768553766
1746,2.5497177221719873
1747,2.5497166731974525
1748,2.5497156216301597
1749,2.549714567470111
1750,2.5497135107173063
1751,2.549712451371744
1752,2.549711389433425
1753,2.54971032490235
1754,2.549709257778517
1755,2.5497081880619277
1756,2.549707115752582
1757,2.5497060408504795
1758,2.5497049633556204
1759,2.549703883268004
1760,2.549702800587631
1761,2.549701715314501
1762,2.549700627448615
1763,2.5496995369899715
1764,2.5496984439385715
1765,2.549697348294415
1766,2.549696250057502
1767,2.5496951492278317
1768,2.5496940458054045
1769,2.549692939790221
1770,2.5496918311822805
1771,2.5496907199815833
1772,2.5496896061881293
1773,2.5496884898019188
1774,2.5496873708229506
1775,2.5496862492512267
1776,2.5496851250867456
1777,2.5496839983295083
1778,2.5496828689795135
1779,2.549681737036763
1780,2.5496806025012546
1781,2.5496794653729893
1782,2.549678325651968
1783,2.5496771833381904
1784,2.549676038431655
1785,2.5496748909323634
1786,2.549673740840315
1787,2.54967258815551
1788,2.5496714328779473
1789,2.5496702750076286
1790,2.5496691145445536
1791,2.549667951488721
1792,2.5496667858401323
1793,2.5496656175987864
1794,2.549664446764684
1795,2.5496632733378246
1796,2.5496620973182087
1797,2.5496609187058357
1798,2.5496597375007064
1799,2.5496585537028205
1800,2.549657367312177
0,2.55
1,2.55
2,2.55
3,2.55
4,2.55
5,2.55
6,2.55
7,2.55
8,2.55
9,2.55
10,2.55
11,2.55
12,2.55
13,2.55
14,2.55
15,2.55
16,2.55
17,2.55
18,2.55
19,2.55
20,2.55
21,2.55
22,2.55
23,2.55
24,2.55
25,2.55
26,2.55
27,2.55
28,2.55
29,2.55
30,2.55
31,2.55
32,2.55
33,2.55
34,2.55
35,2.55
36,2.55
37,2.55
38,2.55
39,2.55
40,2.55
41,2.55
42,2.55
43,2.55
44,2.55
45,2.55
46,2.5499999999999994
47,2.5499999999999994
48,2.5499999999999994
49,2.5499999999999994
50,2.5499999999999994
51,2.5499999999999994
52,2.5499999999999994
53,2.5499999999999994
54,2.5499999999999994
55,2.5499999999999994
56,2.5499999999999994
57,2.5499999999999994
58,2.5499999999998724
59,2.549999999999536
60,2.549999999999178
61,2.5499999999987977
62,2.5499999999983953
63,2.549999999997971
64,2.549999999997525
65,2.549999999997057
66,2.5499999999965666
67,2.5499999999960545
68,2.5499999999955203
69,2.5499999999949643
70,2.549999999994386
71,2.5499999999937857
72,2.549999999993164
73,2.54999999999252
74,2.549999999991854
75,2.549999999991166
76,2.549999999990456
77,2.5499999999897236
78,2.54999999998897
79,2.549999999988194
80,2.549999999987396
81,2.549999999986576
82,2.5499999999857343
83,2.54999999998487
84,2.5499999999839846
85,2.5499999999830774
86,2.5499999999821474
87,2.5499999999811953
88,2.549999999980222
89,2.5499999999792258
90,2.549999999978208
91,2.5499999999771683
92,2.5499999999761065
93,2.549999999975023
94,2.549999999973917
95,2.5499999999727896
96,2.54999999997164
97,2.5499999999704683
98,2.5499999999692746
99,2.549999999968059
100,2.549999999966821
101,2.5499999999655616
102,2.5499999999642804
103,2.5499999999629765
104,2.5499999999616514
105,2.5499999999603036
106,2.549999999958934
107,2.5499999999575427
108,2.549999999956129
109,2.549999999954694
110,2.5499999999532363
111,2.549999999951757
112,2.5499999999502556
113,2.549999999948732
114,2.549999999947187
115,2.5499999999456198
116,2.549999999647101
117,2.5499999992612903
118,2.549999998862692
119,2.5499999984513066
120,2.549999998027133
121,2.549999997590172
122,2.549999997140424
123,2.5499999966778883
124,2.549999996202565
125,2.5499999957144537
126,2.5499999952135557
127,2.5499999946998697
128,2.549999994173396
129,2.549999993634135
130,2.549999993082087
131,2.5499999925172507
132,2.549999991939627
133,2.549999991349216
134,2.5499999907460174
135,2.549999990130031
136,2.549999989501257
137,2.5499999888596965
138,2.5499999882053475
139,2.549999987538211
140,2.549999986858287
141,2.549999986165576
142,2.5499999854600772
143,2.5499999847417905
144,2.549999984010716
145,2.549999983266855
146,2.549999982510206
147,2.549999981740769
148,2.5499999809585456
149,2.5499999801635336
150,2.5499999793557344
151,2.5499999785351473
152,2.549999977701774
153,2.5499999768556116
154,2.5499999759966623
155,2.549999975124925
156,2.549999974240401
157,2.549999973343089
158,2.5499999724329894
159,2.5499999715101027
160,2.549999970574428
161,2.5499999696259663
162,2.5499999686647166
163,2.5499999676906797
164,2.549999966703855
165,2.549999965704243
166,2.5499999646918425
167,2.549999963666656
168,2.549999962628681
169,2.5499999615779183
170,2.5499999605143686
171,2.5499999594380314
172,2.5499999583489066
173,2.549999957246994
174,2.5499999561322944
175,2.5499999550048065
176,2.5499999538645315
177,2.5499999527114685
178,2.5499999515456193
179,2.5499999503669812
180,2.5499999491755556
181,2.5499999479713433
182,2.5499999467543435
183,2.5499999455245552
184,2.54999994428198
185,2.549999943026617
186,2.549999941758467
187,2.549999940477529
188,2.5499999391838033
189,2.5499999378772906
190,2.54999993655799
191,2.5499999352259017
192,2.549999933881026
193,2.5499999325233635
194,2.5499999311529127
195,2.5499999297696743
196,2.5499999283736487
197,2.5499999269648357
198,2.5499999255432346
199,2.549999924108846
200,2.5499999226616703
201,2.5499999212017075
202,2.5499999197289562
203,2.5499999182434174
204,2.5499999167450924
205,2.5499999152339785
206,2.549999913710077
207,2.549999912173389
208,2.549999910623913
209,2.549999909061649
210,2.549999907486598
211,2.549999905898759
212,2.5499999042981334
213,2.5499999026847195
214,2.549999901058518
215,2.549999899419529
216,2.5499998977677527
217,2.549999896103189
218,2.5499998944258375
219,2.5499998927356984
220,2.549999891032772
221,2.549999889317058
222,2.5499998875885566
223,2.5499998858472677
224,2.549999884093191
225,2.5499998823263264
226,2.549999880546675
227,2.5499998787542357
228,2.549999876949009
229,2.549999875130995
230,2.549999873300193
231,2.54999986153621
232,2.5499998428296777
233,2.549999823823286
234,2.549999804517035
235,2.5499997849109253
236,2.5499997650049564
237,2.549999744799129
238,2.549999724293443
239,2.549999703487897
240,2.549999682382493
241,2.5499996609772304
242,2.549999639272108
243,2.549999617267127
244,2.549999594962287
245,2.549999572357588
246,2.5499995494530308
247,2.549999526248614
248,2.549999502744338
249,2.5499994789402036
250,2.54999945483621
251,2.549999430432358
252,2.549999405728647
253,2.549999380725076
254,2.549999355421648
255,2.5499993298183594
256,2.5499993039152122
257,2.5499992777122067
258,2.5499992512093423
259,2.5499992244066183
260,2.549999197304036
261,2.5499991699015943
262,2.549999142199294
263,2.5499991141971345
264,2.5499990858951156
265,2.5499990572932387
266,2.549999028391503
267,2.5499989991899077
268,2.549998969688454
269,2.5499989398871414
270,2.549998909785969
271,2.5499988793849386
272,2.549998848684049
273,2.5499988176833
274,2.549998786382693
275,2.549998754782227
276,2.5499987228819014
277,2.549998690681717
278,2.549998658181674
279,2.549998625381772
280,2.5499985922820114
281,2.549998558882391
282,2.5499985251829123
283,2.549998491183575
284,2.549998456884378
285,2.5499984222853227
286,2.5499983873864083
287,2.5499983521876346
288,2.5499983166890026
289,2.5499982808905117
290,2.549998244792161
291,2.5499982083939523
292,2.549998171695884
293,2.549998134697957
294,2.549998097400172
295,2.549998059802527
296,2.5499980219050236
297,2.549997983707661
298,2.549997945210439
299,2.549997906413359
300,2.54999786731642
301,2.549997827919621
302,2.549997788222964
303,2.5499977482264486
304,2.549997707930073
305,2.5499976673338396
306,2.549997626437747
307,2.549997585241795
308,2.5499975437459845
309,2.5499975019503145
310,2.5499974598547865
311,2.549997417459399
312,2.5499973747641524
313,2.5499973317690476
314,2.5499972884740836
315,2.5499972448792603
316,2.5499972009845786
317,2.5499971567900377
318,2.5499971122956375
319,2.549997067501379
320,2.5499970224072612
321,2.5499969770132846
322,2.5499969313194493
323,2.549996885325755
324,2.5499968390322016
325,2.5499967924387894
326,2.5499967455455184
327,2.549996698352388
328,2.5499966508593994
329,2.5499966030665515
330,2.5499965549738444
331,2.549996506581279
332,2.5499964578888537
333,2.5499964088965705
334,2.549996359604428
335,2.5499963100124265
336,2.5499962601205666
337,2.549996209928847
338,2.549996159437269
339,2.5499961086458325
340,2.549996057554536
341,2.549996006163381
342,2.5499959544723674
343,2.5499959024814944
344,2.549995850190763
345,2.5499957976001726
346,2.549995744709723
347,2.549995691519414
348,2.5499956380292477
349,2.549995584239221
350,2.549995530149336
351,2.5499954757595917
352,2.5499954210699887
353,2.549995366080527
354,2.5499953107912057
355,2.549995255202026
356,2.549995199312988
357,2.54999514312409
358,2.5499950866353336
359,2.549995029846718
360,2.5499949727582436
361,2.5499949153699104
362,2.549994857681719
363,2.549994799693667
364,2.549994741405757
365,2.5499946828179882
366,2.5499946239303606
367,2.5499945647428737
368,2.5499945052555275
369,2.5499944454683234
370,2.54999438538126
371,2.5499943249943375
372,2.5499942643075566
373,2.549994203320916
374,2.5499941420344165
375,2.5499940804480588
376,2.549994018561842
377,2.549993956375766
378,2.549993893889831
379,2.549993831104037
380,2.549993768018384
381,2.549993704632873
382,2.5499936409475024
383,2.549993576962273
384,2.549993512677185
385,2.5499934480922373
386,2.549993383207431
387,2.5499933180227665
388,2.549993252538242
389,2.549993186753859
390,2.5499931206696176
391,2.5499930542855167
392,2.549992987601557
393,2.5499929206177376
394,2.549992853334061
395,2.5499927857505242
396,2.549992717867129
397,2.5499926496838747
398,2.5499925812007618
399,2.549992512417789
400,2.5499924433349586
401,2.5499923739522687
402,2.5499923042697197
403,2.5499922342873123
404,2.5499921640050456
405,2.549992093422919
406,2.549992022540935
407,2.5499919513590914
408,2.549991879877389
409,2.549991808095828
410,2.5499917360144075
411,2.5499916112614005
412,2.5499914500591108
413,2.549991287585236
414,2.5499911238397766
415,2.549990958822733
416,2.5499907925341048
417,2.5499906249738915
418,2.549990456142095
419,2.549990286038713
420,2.5499901146637467
421,2.549989942017196
422,2.5499897680990604
423,2.5499895929093404
424,2.549989416448036
425,2.549989238715147
426,2.549989059710674
427,2.5499888794346157
428,2.5499886978869735
429,2.549988515067746
430,2.549988330976935
431,2.5499881456145386
432,2.5499879589805583
433,2.549987771074993
434,2.5499875818978435
435,2.54998739144911
436,2.549987199728791
437,2.5499870067368873
438,2.5499868124733998
439,2.5499866169383276
440,2.549986420131671
441,2.5499862220534295
442,2.549986022703604
443,2.549985822082194
444,2.549985620189199
445,2.5499854170246192
446,2.5499852125884552
447,2.549985006880707
448,2.5499847999013743
449,2.5499845916504564
450,2.549984382127955
451,2.5499841713338682
452,2.5499839592681974
453,2.5499837459309416
454,2.5499835313221015
455,2.549983315441677
456,2.5499830982896685
457,2.549982879866074
458,2.549982660170896
459,2.5499824392041335
460,2.5499822169657866
461,2.5499819934558543
462,2.5499817686743382
463,2.5499815426212376
464,2.5499813152965523
465,2.549981086700283
466,2.5499808568324283
467,2.5499806256929896
468,2.5499803932819662
469,2.549980159599358
470,2.5499799246451658
471,2.549979688419389
472,2.5499794509220277
473,2.5499792121530813
474,2.5499789721125508
475,2.5499787308004365
476,2.5499784882167367
477,2.5499782443614523
478,2.549977999234584
479,2.549977752836131
480,2.549977505166093
481,2.5499772562244707
482,2.549977006011264
483,2.5499767545264733
484,2.549976501770098
485,2.549976247742137
486,2.5499759924425924
487,2.549975735871463
488,2.54997547802875
489,2.549975218914451
490,2.5499749585285683
491,2.549974696871101
492,2.5499744339420487
493,2.5499741697414127
494,2.549973904269192
495,2.5499736375253863
496,2.5499733695099964
497,2.549973100223022
498,2.549972829664463
499,2.5499725578343195
500,2.549972284732591
501,2.5499720103592787
502,2.549971734714382
503,2.5499714577979002
504,2.5499711796098334
505,2.5499709001501834
506,2.549970619418948
507,2.5499703374161284
508,2.549970054141724
509,2.5499697695957355
510,2.5499694837781623
511,2.5499691966890046
512,2.549968908328262
513,2.549968618695935
514,2.549968327792024
515,2.549968035616528
516,2.5499677421694478
517,2.5499674474507827
518,2.549967151460533
519,2.5499668541986993
520,2.5499665556652804
521,2.5499662558602783
522,2.5499659547836906
523,2.5499656524355183
524,2.549965348815762
525,2.5499650439244204
526,2.549964737761495
527,2.5499644303269853
528,2.5499641216208904
529,2.5499638116432113
530,2.5499635003939476
531,2.5499631878730993
532,2.5499628740806664
533,2.5499625590166493
534,2.5499622426810475
535,2.5499619250738617
536,2.5499616061950903
537,2.5499612860447347
538,2.549960964622795
539,2.5499606419292706
540,2.5499603179641617
541,2.5499599927274685
542,2.5499596662191903
543,2.5499593384393284
544,2.5499590093878806
545,2.5499586790648494
546,2.5499583474702336
547,2.5499580146040333
548,2.549957680466248
549,2.549957345056878
550,2.549957008375924
551,2.5499566704233856
552,2.549956331199262
553,2.5499559907035545
554,2.5499556489362623
555,2.549955305897386
556,2.5499549615869244
557,2.5499546160048787
558,2.5499542691512485
559,2.5499539210260336
560,2.5499535716292336
561,2.5499532209608504
562,2.5499528690208817
563,2.5499525158093292
564,2.5499521613261913
565,2.5499518055714696
566,2.549951448545163
567,2.549951090247272
568,2.5499507306777964
569,2.5499503698367367
570,2.549950007724092
571,2.549949644339863
572,2.549949279684049
573,2.5499489137566513
574,2.5499485465576686
575,2.5499481780871016
576,2.549947808344949
577,2.5499474373312134
578,2.549947065045893
579,2.5499466914889877
580,2.549946316660497
581,2.5499459405604235
582,2.5499455631887646
583,2.549945184545521
584,2.549944804630693
585,2.549944423444281
586,2.549944040986284
587,2.5499436572567027
588,2.549943272255536
589,2.5499428859827864
590,2.549942498438451
591,2.5499419875024945
592,2.5499413910019717
593,2.549940790964002
594,2.5499401873885845
595,2.5499395802757197
596,2.5499389696254067
597,2.549938355437646
598,2.549937737712438
599,2.5499371164497826
600,2.5499364916496794
601,2.5499358633121285
602,2.5499352314371295
603,2.5499345960246833
604,2.5499339570747894
605,2.5499333145874474
606,2.549932668562658
607,2.5499320190004213
608,2.549931365900737
609,2.549930709263605
610,2.5499300490890247
611,2.5499293853769975
612,2.549928718127522
613,2.549928047340599
614,2.5499273730162284
615,2.54992669515441
616,2.549926013755145
617,2.5499253288184316
618,2.5499246403442704
619,2.549923948332662
620,2.549923252783605
621,2.5499225536971015
622,2.5499218510731496
623,2.54992114491175
624,2.5499204352129037
625,2.5499197219766083
626,2.549919005202866
627,2.5499182848916764
628,2.5499175610430385
629,2.5499168336569533
630,2.5499161027334205
631,2.54991536827244
632,2.549914630274012
633,2.549913888738136
634,2.5499131436648126
635,2.5499123950540414
636,2.5499116429058226
637,2.5499108872201557
638,2.549910127997042
639,2.54990936523648
640,2.5499085989384707
641,2.549907829103014
642,2.549907055730109
643,2.5499062788197566
644,2.5499054983719565
645,2.549904714386709
646,2.5499039268640136
647,2.5499031358038704
648,2.5499023412062796
649,2.549901543071242
650,2.549900741398756
651,2.5498999361888224
652,2.549899127441441
653,2.5498983151566126
654,2.5498974993343357
655,2.5498966799746112
656,2.5498958570774395
657,2.54989503064282
658,2.5498942006707535
659,2.5498933671612387
660,2.549892530114276
661,2.549891689529866
662,2.549890845408008
663,2.5498899977487026
664,2.5498891465519495
665,2.549888291817749
666,2.549887433546101
667,2.5498865717370047
668,2.549885706390461
669,2.5498848375064695
670,2.5498839650850305
671,2.549883089126144
672,2.5498822096298097
673,2.549881326596028
674,2.5498804400247987
675,2.5498795499161213
676,2.549878656269996
677,2.549877759086424
678,2.5498768583654035
679,2.549875954106936
680,2.54987504631102
681,2.549874134977657
682,2.549873220106846
683,2.549872301698588
684,2.549871379752882
685,2.549870454269728
686,2.549869525249127
687,2.5498685926910776
688,2.549867656595581
689,2.549866716962637
690,2.5498657737922445
691,2.5498648270844053
692,2.549863876839118
693,2.5498629230563834
694,2.5498619657362003
695,2.5498610048785704
696,2.5498600404834924
697,2.5498590725509667
698,2.5498581010809933
699,2.549857126073573
700,2.5498561475287045
701,2.549855165446388
702,2.5498541798266245
703,2.549853190669413
704,2.5498521979747535
705,2.5498512017426473
706,2.5498502019730926
707,2.5498491986660907
708,2.549848191821641
709,2.549847181439744
710,2.549846167520399
711,2.549845150063606
712,2.5498441290693656
713,2.5498431045376777
714,2.549842076468542
715,2.549841044861959
716,2.5498400097179283
717,2.5498389710364493
718,2.5498379288175235
719,2.549836883061149
720,2.549835833767328
721,2.5498347809360586
722,2.5498337245673417
723,2.549832664661177
724,2.5498316012175652
725,2.5498305342365057
726,2.549829463717998
727,2.5498283896620433
728,2.5498273120686403
729,2.54982623093779
730,2.549825146269492
731,2.549824058063746
732,2.5498229663205527
733,2.5498218710399123
734,2.5498207722218234
735,2.549819669866287
736,2.549818563973303
737,2.549817454542872
738,2.549816341574992
739,2.5498152250696653
740,2.5498141050268908
741,2.549812981446669
742,2.5498118543289987
743,2.549810723673881
744,2.549809589481316
745,2.5498084517513036
746,2.549807310483843
747,2.5498061656789344
748,2.549805017336579
749,2.5498038654567754
750,2.5498027100395246
751,2.5498015510848258
752,2.5498003885926797
753,2.5497992225630854
754,2.549798052996044
755,2.5497968798915545
756,2.5497957032496177
757,2.549794523070233
758,2.549793339353401
759,2.549792152099121
760,2.5497909613073935
761,2.549789766978218
762,2.549788569111595
763,2.5497873677075247
764,2.5497861627660066
765,2.5497849542870408
766,2.5497837422706278
767,2.549782526716766
768,2.5497813076254574
769,2.5497800849967005
770,2.549778858830497
771,2.5497773865721087
772,2.5497757433536146
773,2.549774092097216
774,2.5497724328029143
775,2.549770765470709
776,2.5497690901006003
777,2.549767406692588
778,2.549765715246673
779,2.5497640157628543
780,2.5497623082411316
781,2.5497605926815052
782,2.549758869083976
783,2.5497571374485437
784,2.549755397775207
785,2.5497536500639675
786,2.5497518943148245
787,2.549750130527778
788,2.549748358702828
789,2.549746578839975
790,2.549744790939218
791,2.5497429950005577
792,2.549741191023994
793,2.5497393790095266
794,2.5497375589571556
795,2.5497357308668818
796,2.549733894738704
797,2.5497320505726226
798,2.5497301983686382
799,2.5497283381267506
800,2.5497264698469593
801,2.5497245935292643
802,2.549722709173666
803,2.549720816780164
804,2.549718916348759
805,2.54971700787945
806,2.549715091372238
807,2.549713166827123
808,2.5497112342441035
809,2.549709293623181
810,2.549707344964355
811,2.549705388267626
812,2.549703423532993
813,2.5497014507604567
814,2.5496994699500166
815,2.549697481101674
816,2.5496954842154276
817,2.549693479291277
818,2.549691466329224
819,2.5496894453292667
820,2.5496874162914063
821,2.5496853792156426
822,2.549683334101976
823,2.549681280950405
824,2.5496792197609306
825,2.549677150533553
826,2.5496750732682716
827,2.5496729879650872
828,2.549670894623999
829,2.549668793245008
830,2.5496666838281126
831,2.5496645663733144
832,2.5496624408806126
833,2.5496603073500075
834,2.5496581657814987
835,2.5496560161750863
836,2.549653858530771
837,2.5496516928485518
838,2.549649519128429
839,2.5496473373704034
840,2.549645147574474
841,2.549642949740641
842,2.549640743868905
843,2.5496385299592648
844,2.5496363080117215
845,2.5496340780262754
846,2.5496318400029248
847,2.5496295939416713
848,2.5496273398425147
849,2.549625077705454
850,2.54962280753049
851,2.549620529317623
852,2.5496182430668517
853,2.5496159487781775
854,2.5496136464516
855,2.549611336087119
856,2.5496090176847344
857,2.549606691244447
858,2.5496043567662547
859,2.54960201425016
860,2.5495996636961618
861,2.54959730510426
862,2.5495949384744545
863,2.5495925638067454
864,2.5495901811011334
865,2.549587790357618
866,2.549585391576199
867,2.549582984756876
868,2.54958056989965
869,2.5495781470045205
870,2.549575716071488
871,2.5495732771005515
872,2.5495708300917115
873,2.5495683750449687
874,2.549565911960322
875,2.5495634408377716
876,2.549560961677318
877,2.5495584744789612
878,2.5495559792427
879,2.5495534759685365
880,2.549550964656469
881,2.549548445306498
882,2.549545917918624
883,2.5495433824928457
884,2.5495408390291647
885,2.54953828752758
886,2.5495357279880917
887,2.5495331604107
888,2.5495305847954057
889,2.5495280011422077
890,2.549525409451106
891,2.5495228097221
892,2.5495202019551915
893,2.549517586150379
894,2.5495149623076636
895,2.5495123304270444
896,2.5495096905085215
897,2.549507042552096
898,2.5495043865577665
899,2.5495017225255334
900,2.549499050455397
901,2.5494963703473568
902,2.5494936822014136
903,2.5494909860175667
904,2.5494882817958167
905,2.549485569536163
906,2.549482849238606
907,2.5494801209031452
908,2.5494773845297813
909,2.549474640118514
910,2.549471887669343
911,2.549469127182269
912,2.549466358657291
913,2.5494635820944094
914,2.5494607974936248
915,2.5494580048549365
916,2.549455204178345
917,2.54945239546385
918,2.5494495787114517
919,2.5494467539211496
920,2.5494439210929443
921,2.5494410802268352
922,2.549438231322823
923,2.5494353743809075
924,2.5494325094010883
925,2.549429636383366
926,2.5494267553277394
927,2.54942386623421
928,2.549420969102777
929,2.549418063933441
930,2.549415150726201
931,2.5494122294810575
932,2.5494093001980107
933,2.5494063628770602
934,2.5494034175182065
935,2.5494004641214496
936,2.549397502686789
937,2.5493945332142247
938,2.549391555703757
939,2.5493885701553864
940,2.549385576569112
941,2.549382574944934
942,2.549379565282853
943,2.5493765475828685
944,2.54937352184498
945,2.549370488069188
946,2.5493674462554927
947,2.5493643964038943
948,2.5493613385143927
949,2.5493582725869874
950,2.549355198621678
951,2.5493518391714796
952,2.5493482801764493
953,2.549344707995656
954,2.5493411226290976
955,2.5493375240767766
956,2.5493339123386916
957,2.5493302874148425
958,2.5493266493052293
959,2.549322998009853
960,2.5493193335287128
961,2.549315655861809
962,2.5493119650091405
963,2.5493082609707094
964,2.549304543746514
965,2.549300813336555
966,2.5492970697408324
967,2.549293312959345
968,2.549289542992095
969,2.5492857598390812
970,2.5492819635003032
971,2.5492781539757616
972,2.5492743312654556
973,2.549270495369387
974,2.5492666462875544
975,2.549262784019957
976,2.549258908566597
977,2.5492550199274726
978,2.5492511181025845
979,2.5492472030919333
980,2.549243274895517
981,2.549239333513338
982,2.549235378945395
983,2.549231411191688
984,2.549227430252218
985,2.549223436126983
986,2.549219428815985
987,2.5492154083192236
988,2.549211374636698
989,2.5492073277684084
990,2.549203267714355
991,2.549199194474538
992,2.549195108048958
993,2.549191008437613
994,2.549186895640505
995,2.5491827696576332
996,2.549178630488997
997,2.549174478134598
998,2.549170312594434
999,2.5491661338685074
1000,2.549161941956817
1001,2.549157736859362
1002,2.549153518576144
1003,2.549149287107162
1004,2.5491450424524156
1005,2.5491407846119065
1006,2.5491365135856325
1007,2.549132229373596
1008,2.549127931975795
1009,2.54912362139223
1010,2.549119297622902
1011,2.54911496066781
1012,2.5491106105269536
1013,2.549106247200334
1014,2.5491018706879505
1015,2.5490974809898033
1016,2.5490930781058925
1017,2.5490886620362176
1018,2.5490842327807792
1019,2.5490797903395768
1020,2.5490753347126107
1021,2.549070865899881
1022,2.5490663839013874
1023,2.5490618887171306
1024,2.5490573803471093
1025,2.5490528587913244
1026,2.549048324049776
1027,2.549043776122463
1028,2.5490392150093872
1029,2.5490346407105475
1030,2.549030053225944
1031,2.549025452555576
1032,2.5490208386994446
1033,2.54901621165755
1034,2.5490115714298915
1035,2.549006918016469
1036,2.5490022514172823
1037,2.5489975716323325
1038,2.5489928786616183
1039,2.5489881725051413
1040,2.5489834531629
1041,2.548978720634895
1042,2.548973974921126
1043,2.5489692160215935
1044,2.548964443936297
1045,2.548959658665237
1046,2.548954860208413
1047,2.5489500485658256
1048,2.548945223737474
1049,2.548940385723359
1050,2.54893553452348
1051,2.548930670137837
1052,2.548925792566431
1053,2.5489209018092605
1054,2.5489159978663265
1055,2.548911080737629
1056,2.5489061504231674
1057,2.5489012069229418
1058,2.5488962502369534
1059,2.5488912803652
1060,2.548886297307684
1061,2.548881301064403
1062,2.5488762916353593
1063,2.5488712690205517
1064,2.5488662332199796
1065,2.5488611842336444
1066,2.5488561220615455
1067,2.5488510467036822
1068,2.5488459581600558
1069,2.548840856430665
1070,2.548835741515511
1071,2.548830613414593
1072,2.5488254721279113
1073,2.548820317655466
1074,2.5488151499972567
1075,2.5488099691532837
1076,2.5488047751235468
1077,2.548799567908046
1078,2.548794347506782
1079,2.548789113919754
1080,2.548783867146962
1081,2.5487786071884067
1082,2.548773334044087
1083,2.5487680477140042
1084,2.548762748198157
1085,2.548757435496546
1086,2.5487521096091723
1087,2.548746770536034
1088,2.5487414182771317
1089,2.5487360528324663
1090,2.548730674202037
1091,2.5487252823858437
1092,2.5487198773838866
1093,2.548714459196166
1094,2.5487090278226816
1095,2.548703583263433
1096,2.5486981255184213
1097,2.5486926545876454
1098,2.548687170471106
1099,2.5486816731688027
1100,2.548676162680736
1101,2.5486706390069047
1102,2.54866510214731
1103,2.5486595521019515
1104,2.5486539888708295
1105,2.548648412453944
1106,2.548642822851294
1107,2.5486372200628806
1108,2.548631604088703
1109,2.548625974928762
1110,2.548620332583058
1111,2.548614677051589
1112,2.548609008334357
1113,2.548603326431361
1114,2.548597631342601
1115,2.548591923068078
1116,2.54858620160779
1117,2.5485804669617393
1118,2.5485747191299244
1119,2.548568958112346
1120,2.5485631839090037
1121,2.5485573965198975
1122,2.548551595945028
1123,2.548545782184394
1124,2.5485399552379966
1125,2.5485341151058356
1126,2.5485282617879106
1127,2.548522395284222
1128,2.5485165155947693
1129,2.5485106227195526
1130,2.5485047166585733
1131,2.5484984620464197
1132,2.548491962763561
1133,2.548485444072438
1134,2.5484789059730497
1135,2.5484723484653955
1136,2.5484657715494765
1137,2.548459175225292
1138,2.5484525594928424
1139,2.548445924352128
1140,2.5484392698031475
1141,2.548432595845902
1142,2.5484259024803912
1143,2.5484191897066157
1144,2.548412457524575
1145,2.5484057059342686
1146,2.548398934935697
1147,2.54839214452886
1148,2.548385334713758
1149,2.5483785054903905
1150,2.5483716568587584
1151,2.5483647888188607
1152,2.548357901370698
1153,2.5483509945142697
1154,2.548344068249576
1155,2.548337122576618
1156,2.548330157495393
1157,2.548323173005904
1158,2.54831616910815
1159,2.54830914580213
1160,2.5483021030878454
1161,2.5482950409652956
1162,2.54828795943448
1163,2.5482808584953993
1164,2.5482737381480534
1165,2.5482665983924426
1166,2.5482594392285662
1167,2.5482522606564246
1168,2.548245062676018
1169,2.548237845287346
1170,2.548230608490409
1171,2.548223352285206
1172,2.5482160766717383
1173,2.5482087816500054
1174,2.5482014672200073
1175,2.548194133381744
1176,2.548186780135215
1177,2.548179407480421
1178,2.548172015417362
1179,2.5481646039460375
1180,2.5481571730664476
1181,2.5481497227785934
1182,2.548142253082473
1183,2.5481347639780876
1184,2.5481272554654373
1185,2.5481197275445218
1186,2.5481121802153406
1187,2.5481046134778937
1188,2.5480970273321826
1189,2.5480894217782057
1190,2.5480817968159637
1191,2.5480741524454564
1192,2.548066488666684
1193,2.5480588054796462
1194,2.5480511028843438
1195,2.5480433808807748
1196,2.5480356394689414
1197,2.548027878648843
1198,2.548020098420479
1199,2.54801229878385
1200,2.5480044797389554
1201,2.5479966412857964
1202,2.5479887834243713
1203,2.547980906154681
1204,2.5479730094767254
1205,2.547965093390505
1206,2.547957157896019
1207,2.547949202993268
1208,2.547941228682252
1209,2.547933234962971
1210,2.5479252218354236
1211,2.547917189299611
1212,2.547909137355534
1213,2.5479010660031918
1214,2.547892975242584
1215,2.5478848650737116
1216,2.547876735496573
1217,2.5478685865111697
1218,2.547860418117501
1219,2.547852230315567
1220,2.547844023105368
1221,2.547835796486903
1222,2.5478275504601737
1223,2.5478192850251786
1224,2.5478110001819188
1225,2.5478026959303937
1226,2.547794372270603
1227,2.547786029202547
1228,2.5477776667262257
1229,2.54776928484164
1230,2.547760883548788
1231,2.5477524628476713
1232,2.5477440227382897
1233,2.547735563220642
1234,2.5477270842947295
1235,2.547718585960552
1236,2.547710068218109
1237,2.5477015310674007
1238,2.5476929745084274
1239,2.5476843985411888
1240,2.547675803165685
1241,2.547667188381916
1242,2.5476585541898813
1243,2.5476499005895814
1244,2.5476412275810163
1245,2.5476325351641864
1246,2.5476238233390913
1247,2.5476150921057306
1248,2.547606341464105
1249,2.547597571414214
1250,2.5475887819560574
1251,2.547579973089636
1252,2.547571144814949
1253,2.5475622971319973
1254,2.54755343004078
1255,2.5475445435412976
1256,2.54753563763355
1257,2.547526712317537
1258,2.5475177675932583
1259,2.5475088034607154
1260,2.5474998199199064
1261,2.547490816970833
1262,2.5474817946134936
1263,2.5474727528478893
1264,2.54746369167402
1265,2.5474546110918848
1266,2.547445511101484
1267,2.5474363917028193
1268,2.5474272528958886
1269,2.5474180946806926
1270,2.547408917057232
1271,2.5473997200255054
1272,2.5473905035855138
1273,2.547381267737257
1274,2.547372012480735
1275,2.547362737815948
1276,2.547353443742895
1277,2.5473441302615774
1278,2.5473347973719944
1279,2.5473254450741467
1280,2.5473160733680333
1281,2.5473066822536548
1282,2.54729727173101
1283,2.547287841800101
1284,2.547278392460927
1285,2.5472689237134873
1286,2.5472594355577827
1287,2.5472499279938123
1288,2.5472404010215772
1289,2.547230854641076
1290,2.5472212888523105
1291,2.5472117036552793
1292,2.5472020990499833
1293,2.5471924750364217
1294,2.547182831614595
1295,2.547173168784503
1296,2.547163486546146
1297,2.547153784899523
1298,2.547144063844635
1299,2.5471343233814823
1300,2.5471245635100646
1301,2.5471147842303807
1302,2.5471049855424326
1303,2.5470951674462188
1304,2.5470853299417393
1305,2.5470754730289946
1306,2.5470655967079847
1307,2.5470557009787105
1308,2.54704578584117
1309,2.547035851295365
1310,2.5470258973412943
1311,2.547015594710655
1312,2.5470050453953172
1313,2.546994470562341
1314,2.5469838702117262
1315,2.5469732443434734
1316,2.5469625929575814
1317,2.546951916054051
1318,2.546941213632881
1319,2.546930485694073
1320,2.5469197322376265
1321,2.5469089532635416
1322,2.5468981487718185
1323,2.546887318762456
1324,2.5468764632354546
1325,2.546865582190815
1326,2.546854675628537
1327,2.54684374354862
1328,2.5468327859510644
1329,2.5468218028358707
1330,2.546810794203038
1331,2.5467997600525667
1332,2.546788700384457
1333,2.546777615198708
1334,2.546766504495321
1335,2.5467553682742956
1336,2.5467442065356307
1337,2.546733019279328
1338,2.5467218065053867
1339,2.546710568213806
1340,2.5466993044045867
1341,2.5466880150777294
1342,2.546676700233234
1343,2.546665359871099
1344,2.5466539939913257
1345,2.5466426025939137
1346,2.546631185678863
1347,2.5466197432461737
1348,2.5466082752958457
1349,2.54659678182788
1350,2.5465852628422745
1351,2.546573718339031
1352,2.5465621483181486
1353,2.5465505527796277
1354,2.546538931723468
1355,2.5465272851496703
1356,2.5465156130582334
1357,2.546503915449158
1358,2.5464921923224435
1359,2.546480443678091
1360,2.5464686695161
1361,2.54645686983647
1362,2.546445044639202
1363,2.546433193924295
1364,2.5464213176917485
1365,2.5464094159415644
1366,2.5463974886737413
1367,2.54638553588828
1368,2.5463735575851794
1369,2.546361553764441
1370,2.546349524426063
1371,2.546337469570047
1372,2.5463253891963924
1373,2.5463132833050994
1374,2.5463011518961673
1375,2.546288994969597
1376,2.546276812525388
1377,2.54626460456354
1378,2.5462523710840537
1379,2.5462401120869287
1380,2.546227827572165
1381,2.5462155175397627
1382,2.546203181989722
1383,2.5461908209220425
1384,2.5461784343367246
1385,2.5461660222337676
1386,2.546153584613172
1387,2.546141121474938
1388,2.5461286328190655
1389,2.5461161186455548
1390,2.5461035789544044
1391,2.546091013745616
1392,2.546078423019189
1393,2.546065806775123
1394,2.5460531650134186
1395,2.5460404977340763
1396,2.546027804937095
1397,2.5460150866224747
1398,2.546002342790216
1399,2.5459895734403184
1400,2.5459767785727823
1401,2.545963958187608
1402,2.545951112284795
1403,2.5459382408643427
1404,2.5459253439262524
1405,2.545912421470523
1406,2.545899473497155
1407,2.545886500006149
1408,2.5458735009975038
1409,2.5458604764712205
1410,2.545847426427298
1411,2.545834350865737
1412,2.545821249786538
1413,2.5458081231897
1414,2.545794971075223
1415,2.5457817934431084
1416,2.545768590293354
1417,2.5457553616259614
1418,2.54574210744093
1419,2.54572882773826
1420,2.545715522517952
1421,2.5457021917800047
1422,2.5456888355244196
1423,2.5456754537511954
1424,2.5456620464603326
1425,2.545648613651831
1426,2.545635155325691
1427,2.5456216714819115
1428,2.5456081621204945
1429,2.545594627241439
1430,2.545581066844744
1431,2.5455674809304107
1432,2.545553869498439
1433,2.5455402325488286
1434,2.545526570081579
1435,2.545512882096692
1436,2.5454991685941657
1437,2.5454854295740006
1438,2.5454716650361973
1439,2.545457874980755
1440,2.5454440594076737
1441,2.5454302183169544
1442,2.545416351708597
1443,2.5454024595826
1444,2.5453885419389652
1445,2.5453745987776912
1446,2.5453606300987786
1447,2.5453466359022268
1448,2.5453326161880376
1449,2.5453185709562094
1450,2.5453045002067425
1451,2.5452904039396365
1452,2.5452762821548927
1453,2.5452621348525093
1454,2.545247962032488
1455,2.5452337636948283
1456,2.5452195398395294
1457,2.5452052904665923
1458,2.5451910155760165
1459,2.5451767151678015
1460,2.5451623892419484
1461,2.5451480377984566
1462,2.545133660837327
1463,2.545119258358558
1464,2.5451048303621495
1465,2.5450903768481035
1466,2.5450758978164187
1467,2.545061393267095
1468,2.545046863200133
1469,2.545032307615532
1470,2.5450177265132927
1471,2.545003119893415
1472,2.5449884877558984
1473,2.544973830100743
1474,2.5449591469279493
1475,2.544944438237517
1476,2.5449297040294456
1477,2.544914944303736
1478,2.5449001590603877
1479,2.5448853482994007
1480,2.544870512020775
1481,2.5448556502245108
1482,2.5448407629106087
1483,2.544825850079067
1484,2.544810911729887
1485,2.544795947863068
1486,2.544780958478611
1487,2.5447659435765146
1488,2.5447509031567805
1489,2.5447358372194078
1490,2.544720745764396
1491,2.5447054751974516
1492,2.54469007309488
1493,2.5446746426248206
1494,2.544659183787274
1495,2.54464369658224
1496,2.544628181009719
1497,2.54461263706971
1498,2.5445970647622134
1499,2.5445814640872295
1500,2.5445658350447586
1501,2.5445501776348
1502,2.5445344918573536
1503,2.54451877771242
1504,2.544503035199999
1505,2.5444872643200904
1506,2.5444714650726943
1507,2.544455637457811
1508,2.5444397814754405
1509,2.544423897125582
1510,2.544407984408236
1511,2.544392043323403
1512,2.5443760738710823
1513,2.544360076051274
1514,2.5443440498639784
1515,2.5443279953091955
1516,2.5443119123869247
1517,2.544295801097167
1518,2.5442796614399215
1519,2.544263493415188
1520,2.5442472970229684
1521,2.5442310722632606
1522,2.5442148191360654
1523,2.5441985376413823
1524,2.5441822277792125
1525,2.5441658895495545
1526,2.54414952295241
1527,2.5441331279877772
1528,2.544116704655657
1529,2.5441002529560497
1530,2.5440837728889547
1531,2.5440672644543727
1532,2.544050727652303
1533,2.5440341624827454
1534,2.5440175689457005
1535,2.5440009470411686
1536,2.5439842967691493
1537,2.543967618129642
1538,2.5439509111226473
1539,2.5439341757481655
1540,2.543917412006196
1541,2.543900619896739
1542,2.543883799419795
1543,2.5438669505753637
1544,2.543850073363444
1545,2.5438331677840376
1546,2.543816233837143
1547,2.543799271522761
1548,2.5437822808408925
1549,2.5437652617915356
1550,2.5437482143746917
1551,2.5437311385903607
1552,2.543714034438542
1553,2.543696901919235
1554,2.5436797410324417
1555,2.5436625517781604
1556,2.5436453341563916
1557,2.543628088167135
1558,2.5436108138103917
1559,2.5435935110861614
1560,2.5435761799944423
1561,2.5435588205352366
1562,2.543541432708543
1563,2.543524016514362
1564,2.5435065719526935
1565,2.5434890990235375
1566,2.5434715977268945
1567,2.5434540680627644
1568,2.543436510031146
1569,2.54341892363204
1570,2.5434013088654472
1571,2.543383665731367
1572,2.5433659942297986
1573,2.5433482943607433
1574,2.5433305661242
1575,2.5433128095201702
1576,2.5432950245486525
1577,2.5432772112096473
1578,2.5432593695031547
1579,2.5432414994291745
1580,2.543223600987707
1581,2.5432056741787514
1582,2.5431877190023093
1583,2.5431697354583798
1584,2.543151723546962
1585,2.543133683268057
1586,2.543115614621665
1587,2.543097517607785
1588,2.5430793922264177
1589,2.5430612384775633
1590,2.543043056361221
1591,2.543024845877391
1592,2.5430066070260744
1593,2.54298833980727
1594,2.542970044220978
1595,2.5429517202671983
1596,2.5429333679459316
1597,2.542914987257177
1598,2.5428965782009354
1599,2.5428781407772063
1600,2.5428596749859897
1601,2.5428411808272857
1602,2.5428226583010938
1603,2.542804107407415
1604,2.5427855281462484
1605,2.542766920517594
1606,2.542748284521453
1607,2.542729620157824
1608,2.542710927426708
1609,2.542692206328104
1610,2.542673456862013
1611,2.542654679028434
1612,2.542635872827368
1613,2.5426170382588142
1614,2.5425981753227735
1615,2.542579284019245
1616,2.542560364348229
1617,2.5425414163097257
1618,2.5425224399037347
1619,2.5425034351302562
1620,2.5424844019892907
1621,2.5424653404808373
1622,2.542446250604897
1623,2.542427132361469
1624,2.542407985750553
1625,2.5423888107721497
1626,2.5423696074262594
1627,2.5423503757128816
1628,2.5423311156320163
1629,2.542311827183663
1630,2.5422925103678233
1631,2.5422731651844956
1632,2.54225379163368
1633,2.5422343897153774
1634,2.5422149594295873
1635,2.5421955007763097
1636,2.5421760137555447
1637,2.5421564983672917
1638,2.542136954611552
1639,2.5421173824883248
1640,2.54209778199761
1641,2.5420781531394074
1642,2.542058495913718
1643,2.5420388103205407
1644,2.542019096359876
1645,2.5419993540317236
1646,2.5419795833360843
1647,2.5419597842729575
1648,2.541939956842343
1649,2.5419201010442407
1650,2.5419002168786515
1651,2.541880304345575
1652,2.54186036344501
1653,2.5418403941769587
1654,2.5418203965414192
1655,2.5418003705383927
1656,2.5417803161678787
1657,2.5417602334298772
1658,2.541740122324388
1659,2.5417199828514114
1660,2.541699815010947
1661,2.541679618802996
1662,2.5416593942275574
1663,2.541639141284631
1664,2.5416188599742173
1665,2.541598550296316
1666,2.5415782122509274
1667,2.541557845838051
1668,2.5415374510576876
1669,2.541517027909837
1670,2.5414965763944983
1671,2.5414759993469893
1672,2.5414553268643694
1673,2.5414346242114303
1674,2.5414138913881725
1675,2.5413931283945947
1676,2.5413723352306983
1677,2.5413515118964827
1678,2.5413306583919475
1679,2.5413097747170945
1680,2.541288860871921
1681,2.541267916856429
1682,2.5412469426706177
1683,2.5412259383144877
1684,2.541204903788038
1685,2.541183839091269
1686,2.5411627442241813
1687,2.5411416191867744
1688,2.541120463979049
1689,2.541099278601003
1690,2.5410780630526393
1691,2.5410568173339554
1692,2.5410355414449524
1693,2.5410142353856315
1694,2.5409928991559902
1695,2.5409715327560303
1696,2.540950136185751
1697,2.540928709445153
1698,2.5409072525342355
1699,2.540885765452999
1700,2.540864248201443
1701,2.540842700779568
1702,2.5408211231873747
1703,2.5407995154248617
1704,2.540777877492029
1705,2.5407562093888783
1706,2.5407345111154074
1707,2.5407127826716183
1708,2.540691024057509
1709,2.5406692352730813
1710,2.540647416318334
1711,2.5406255671932683
1712,2.5406036878978835
1713,2.5405817784321787
1714,2.540559838796155
1715,2.540537868989812
1716,2.540515869013151
1717,2.54049383886617
1718,2.5404717785488695
1719,2.5404496880612504
1720,2.540427567403312
1721,2.540405416575055
1722,2.540383235576478
1723,2.540361024407582
1724,2.5403387830683672
1725,2.5403165115588338
1726,2.5402942098789802
1727,2.540271878028808
1728,2.5402495160083167
1729,2.5402271238175063
1730,2.5402047014563767
1731,2.540182248924928
1732,2.5401597662231596
1733,2.5401372533510727
1734,2.5401147103086665
1735,2.5400921370959413
1736,2.5400695337128965
1737,2.5400469001595334
1738,2.5400242364358503
1739,2.5400015425418485
1740,2.5399788184775276
1741,2.5399560642428876
1742,2.539933279837928
1743,2.5399104652626496
1744,2.5398876205170526
1745,2.5398647456011356
1746,2.5398418405148995
1747,2.5398189052583446
1748,2.539795939831471
1749,2.5397729442342776
1750,2.5397499184667653
1751,2.5397268625289335
1752,2.539703776420783
1753,2.5396806601423134
1754,2.5396575136935247
1755,2.5396343370744163
1756,2.5396111302849893
1757,2.5395878933252427
1758,2.539564626195178
1759,2.539541328894793
1760,2.5395180014240895
1761,2.5394946437830663
1762,2.539471255971725
1763,2.539447837990064
1764,2.5394243898380835
1765,2.539400911515784
1766,2.5393774030231655
1767,2.539353864360228
1768,2.5393302955269714
1769,2.5393066965233952
1770,2.5392830673495
1771,2.539259408005286
1772,2.5392357184907532
1773,2.5392119988059005
1774,2.5391882489507287
1775,2.539164468925238
1776,2.539140658729429
1777,2.5391168183632993
1778,2.539092947826852
1779,2.5390690471200843
1780,2.539045116242998
1781,2.5390211551955923
1782,2.538997163977868
1783,2.538973142589824
1784,2.538949091031461
1785,2.538925009302779
1786,2.538900897403778
1787,2.538876755334458
1788,2.5388525830948185
1789,2.5388283806848597
1790,2.538804148104582
1791,2.5387798853539856
1792,2.5387555924330694
1793,2.538731269341834
1794,2.53870691608028
1795,2.538682532648407
1796,2.538658119046214
1797,2.538633675273702
1798,2.5386092013308716
1799,2.5385846972177215
1800,2.538560162934253
0,2.5500000000024703
1,2.550000000072632
2,2.5500000001178758
3,2.550000000060131
4,2.5500000000066576
5,2.5499999999665426
6,2.5499999999362406
7,2.549999999915753
8,2.5499999999022696
9,2.5499999998964404
10,2.5499999998988194
11,2.549999999909408
12,2.5499999999282044
13,2.5499999999552103
14,2.549999999990425
15,2.5500000000140353
16,2.550000000025645
17,2.550000000036942
18,2.5500000000479255
19,2.550000000058596
20,2.550000000068954
21,2.5500000000789984
22,2.5500000000887297
23,2.550000000098148
24,2.550000000107253
25,2.5500000001160457
26,2.5500000001245247
27,2.5500000001326906
28,2.550000000140544
29,2.5500000001047893
30,2.5499999998735796
31,2.549999999611862
32,2.5499999993196356
33,2.5499999989969004
34,2.5499999986436572
35,2.5499999982599055
36,2.549999997845645
37,2.5499999974008762
38,2.5499999969255986
39,2.549999996419813
40,2.5499999958835184
41,2.549999995316716
42,2.5499999947194043
43,2.5499999940915847
44,2.5499999934332567
45,2.5499999927444197
46,2.5499999920250747
47,2.5499999912752207
48,2.5499999904948587
49,2.549999989683988
50,2.549999988842609
51,2.5499999879707214
52,2.5499999870683254
53,2.5499999861354206
54,2.549999985172007
55,2.549999984178086
56,2.549999983153656
57,2.5499999820987176
58,2.5499999646806946
59,2.54999992040425
60,2.5499998732757017
61,2.5499998232950505
62,2.549999770462295
63,2.549999714777437
64,2.549999656240475
65,2.5499995948514096
66,2.5499995306102408
67,2.5499994635169685
68,2.5499993935715923
69,2.5499993207741136
70,2.549999245124531
71,2.549999166622845
72,2.5499990852690555
73,2.5499990010631617
74,2.5499989140051653
75,2.5499988240950655
76,2.5499987313328623
77,2.549998635718555
78,2.549998537252145
79,2.5499984359336314
80,2.5499983317630144
81,2.5499982247402935
82,2.549998114865469
83,2.5499980021385418
84,2.549997886559511
85,2.549997768128376
86,2.5499976468451386
87,2.549997522709797
88,2.549997395722352
89,2.5499972658828036
90,2.549997133191152
91,2.5499969976473964
92,2.549996859251538
93,2.549996718003576
94,2.54999657390351
95,2.549996426951341
96,2.549996277147069
97,2.549996124490692
98,2.5499959689822136
99,2.5499958106216303
100,2.5499956494089444
101,2.549995485344154
102,2.549995318427261
103,2.549995148658264
104,2.5499949760371643
105,2.5499948005639603
106,2.5499946222386534
107,2.549994441061243
108,2.5499942570317287
109,2.5499940701501114
110,2.5499938804163897
111,2.549993687830566
112,2.5499934923926384
113,2.549993294102607
114,2.549993092960472
115,2.549992888966234
116,2.54999185484072
117,2.5499905747195424
118,2.549989256179995
119,2.5499878992220775
120,2.5499865038457905
121,2.549985070051133
122,2.5499835978381054
123,2.549982087206708
124,2.54998053815694
125,2.549978950688802
126,2.549977324802294
127,2.549975660497417
128,2.549973957774169
129,2.549972216632551
130,2.549970437072563
131,2.549968619094205
132,2.5499667626974767
133,2.5499648678823785
134,2.5499629346489106
135,2.549960962997072
136,2.5499589529268634
137,2.549956904438285
138,2.549954817531337
139,2.5499526922060176
140,2.5499505284623294
141,2.5499483263002705
142,2.5499460857198417
143,2.5499438067210427
144,2.549941489303874
145,2.5499391334683352
146,2.5499367392144263
147,2.549934306542147
148,2.549931835451498
149,2.5499293259424785
150,2.549926778015089
151,2.54992419166933
152,2.5499215669052004
153,2.549918903722701
154,2.549916202121832
155,2.5499134621025923
156,2.5499106836649825
157,2.5499078668090025
158,2.5499050115346527
159,2.5499021178419334
160,2.549899185730843
161,2.549896215201383
162,2.5498932062535538
163,2.5498901588873535
164,2.549887073102783
165,2.5498839488998426
166,2.549880786278533
167,2.5498775852388524
168,2.5498743457808017
169,2.5498710679043817
170,2.5498677516095913
171,2.5498643968964303
172,2.5498610037649
173,2.549857572214999
174,2.5498541022467283
175,2.5498505938600875
176,2.5498470470550765
177,2.5498434618316956
178,2.5498398381899445
179,2.5498361761298236
180,2.5498324756513324
181,2.5498287367544714
182,2.54982495943924
183,2.5498211437056386
184,2.5498172895536677
185,2.549813396983326
186,2.549809465994614
187,2.5498054965875334
188,2.5498014887620815
189,2.5497974425182592
190,2.5497933578560676
191,2.5497892347755062
192,2.549785073276574
193,2.549780873359272
194,2.549776635023601
195,2.5497723582695584
196,2.549768043097146
197,2.549763689506364
198,2.549759297497212
199,2.5497548670696895
200,2.549750398223797
201,2.549745890959535
202,2.549741345276902
203,2.5497367611759
204,2.549732138656527
205,2.5497274777187844
206,2.5497227783626717
207,2.5497180405881887
208,2.5497132643953355
209,2.549708449784113
210,2.54970359675452
211,2.549698705306557
212,2.549693775440224
213,2.549688807155521
214,2.5496838004524474
215,2.549678755331004
216,2.549673671791191
217,2.549668549833007
218,2.549663389456454
219,2.5496581906615305
220,2.549652953448237
221,2.5496476778165733
222,2.5496423637665395
223,2.549637011298136
224,2.5496316204113616
225,2.5496261911062175
226,2.5496207233827044
227,2.5496152172408197
228,2.5496096726805657
229,2.5496040897019414
230,2.5495984683049477
231,2.5495901462224353
232,2.5495799260291543
233,2.549569590378146
234,2.549559139269411
235,2.549548572702948
236,2.5495378906787582
237,2.549527093196841
238,2.549516180257197
239,2.5495051518598255
240,2.549494008004727
241,2.549482748691901
242,2.5494713739213477
243,2.5494598836930678
244,2.5494482780070604
245,2.549436556863326
246,2.5494247202618636
247,2.549412768202675
248,2.5494007006857586
249,2.5493885177111153
250,2.5493762192787446
251,2.5493638053886474
252,2.5493512760408223
253,2.5493386312352704
254,2.549325870971991
255,2.5493129952509843
256,2.5493000040722507
257,2.5492868974357896
258,2.5492736753416017
259,2.5492603377896867
260,2.549246884780044
261,2.5492333163126744
262,2.5492196323875773
263,2.5492058330047533
264,2.5491919181642024
265,2.5491778878659233
266,2.549163742109918
267,2.549149480896185
268,2.5491351042247254
269,2.549120612095538
270,2.549106004508624
271,2.549091281463982
272,2.549076442961613
273,2.549061489001517
274,2.549046419583694
275,2.5490312347081434
276,2.549015934374866
277,2.549000518583861
278,2.5489849873351296
279,2.54896934062867
280,2.5489535784644834
281,2.54893770084257
282,2.548921707762929
283,2.5489055992255616
284,2.548889375230466
285,2.5488730357776443
286,2.548856580867094
287,2.548840010498818
288,2.548823324672814
289,2.548806523389083
290,2.5487896066476248
291,2.5487725744484395
292,2.5487554267915264
293,2.548738163676887
294,2.5487207851045195
295,2.5487032910744256
296,2.548685681586604
297,2.5486679566410553
298,2.5486501162377797
299,2.5486321603767763
300,2.5486140890580464
301,2.5485959022815887
302,2.5485776000474045
303,2.5485591823554925
304,2.5485406492058535
305,2.548522000598487
306,2.5485032365333944
307,2.5484843570105733
308,2.5484653620300257
309,2.5484462515917508
310,2.548427025695749
311,2.548407684342019
312,2.548388227530563
313,2.548368655261379
314,2.5483489675344684
315,2.54832916434983
316,2.5483092457074648
317,2.548289211607372
318,2.5482690620495525
319,2.5482487970340055
320,2.5482284165607316
321,2.5482079206297303
322,2.5481873092410017
323,2.5481665823945465
324,2.548145740090363
325,2.548124782328453
326,2.548103709108816
327,2.548082520431452
328,2.54806121629636
329,2.5480397967035415
330,2.5480182616529947
331,2.5479966111447223
332,2.5479748451787216
333,2.5479529637549945
334,2.547930966873539
335,2.547908854534357
336,2.5478866267374483
337,2.5478642834828116
338,2.547841824770448
339,2.5478192506003574
340,2.5477965609725395
341,2.547773755886994
342,2.5477508353437224
343,2.5477277993427228
344,2.5477046478839958
345,2.547681380967542
346,2.547657998593361
347,2.5476345007614523
348,2.547610887471817
349,2.547587158724454
350,2.5475633145193646
351,2.5475393548565473
352,2.547515279736003
353,2.547491089157732
354,2.547466783121733
355,2.5474423616280073
356,2.547417824676554
357,2.547393172267374
358,2.5473684044004665
359,2.547343521075832
360,2.54731852229347
361,2.5472934080533816
362,2.547268178355565
363,2.5472428332000216
364,2.547217372586751
365,2.547191796515753
366,2.547166104987028
367,2.5471402980005764
368,2.5471143755563963
369,2.54708833765449
370,2.5470621842948566
371,2.5470359154774953
372,2.5470095312024075
373,2.546983031469592
374,2.5469564162790497
375,2.5469296856307797
376,2.5469028395247832
377,2.5468758779610585
378,2.5468488009396077
379,2.546821608460429
380,2.5467943005235236
381,2.5467668771288907
382,2.546739338276531
383,2.546711683966443
384,2.546683914198629
385,2.546656028973087
386,2.5466280282898186
387,2.5465999121488228
388,2.546571680550099
389,2.5465433334936485
390,2.546514870979471
391,2.5464862930075665
392,2.5464575995779346
393,2.5464287906905754
394,2.5463998663454888
395,2.546370826542675
396,2.5463416712821343
397,2.546312400563867
398,2.546283014387871
399,2.546253512754149
400,2.5462238956626995
401,2.546194163113523
402,2.5461643151066187
403,2.5461343516419883
404,2.5461042727196292
405,2.546074078339544
406,2.546043768501731
407,2.546013343206191
408,2.545982802452924
409,2.54595214624193
410,2.5459213745732083
411,2.5458874833150036
412,2.5458514030063775
413,2.545815151500184
414,2.545778728796424
415,2.545742134895096
416,2.5457053697962015
417,2.5456684334997393
418,2.5456313260057097
419,2.545594047314113
420,2.545556597424949
421,2.545518976338218
422,2.5454811840539193
423,2.5454432205720536
424,2.545405085892621
425,2.545366780015621
426,2.5453283029410536
427,2.545289654668919
428,2.545250835199217
429,2.5452118445319476
430,2.5451726826671117
431,2.545133349604708
432,2.545093845344737
433,2.545054169887199
434,2.5450143232320936
435,2.544974305379421
436,2.5449341163291814
437,2.544893756081374
438,2.5448532246360003
439,2.544812521993059
440,2.5447716481525497
441,2.5447306031144734
442,2.5446893868788303
443,2.54464799944562
444,2.544606440814842
445,2.544564710986497
446,2.544522809960585
447,2.5444807377371053
448,2.5444384943160583
449,2.5443960796974445
450,2.5443534938812635
451,2.5443107368675144
452,2.544267808656199
453,2.5442247092473154
454,2.5441814386408654
455,2.544137996836848
456,2.544094383835263
457,2.5440505996361114
458,2.5440066442393925
459,2.543962517645106
460,2.543918219853252
461,2.543873750863831
462,2.543829110676843
463,2.543784299292288
464,2.543739316710165
465,2.5436941629304752
466,2.543648837953218
467,2.5436033417783936
468,2.543557674406002
469,2.543511835836043
470,2.543465826068517
471,2.5434196451034237
472,2.543373292940763
473,2.543326769580535
474,2.5432800750227402
475,2.543233209267378
476,2.543186172314448
477,2.5431389641639517
478,2.5430915848158873
479,2.543044034270256
480,2.5429963125270576
481,2.542948419586292
482,2.5429003554479586
483,2.5428521201120584
484,2.5428037135785906
485,2.542755135847556
486,2.542706386918954
487,2.5426574667927846
488,2.542608375469048
489,2.5425591129477443
490,2.542509679228873
491,2.542460074312435
492,2.5424102981984293
493,2.5423603508868564
494,2.5423102323777167
495,2.5422599426710093
496,2.542209481766735
497,2.5421588496648932
498,2.5421080463654846
499,2.542057071868508
500,2.5420059261739647
501,2.5419546092818543
502,2.541903121192176
503,2.5418514619049306
504,2.5417996314201186
505,2.541747629737739
506,2.541695456857792
507,2.5416431127802777
508,2.5415905975051962
509,2.5415379110325476
510,2.541485053362332
511,2.541432024494549
512,2.541378824429198
513,2.541325453166281
514,2.541271910705796
515,2.5412181970477437
516,2.5411643121921244
517,2.541110256138938
518,2.541056028888184
519,2.541001630439863
520,2.540947060793975
521,2.540892319950519
522,2.540837407909496
523,2.5407823246709063
524,2.540727070234749
525,2.5406716446010242
526,2.5406160477697326
527,2.5405602797408737
528,2.5405043405144476
529,2.5404482300904534
530,2.540391948468893
531,2.5403354956497646
532,2.5402788716330695
533,2.5402220764188073
534,2.5401651100069773
535,2.5401079723975806
536,2.540050663590616
537,2.5399931835860845
538,2.539935532383986
539,2.53987770998432
540,2.539819716387087
541,2.539761551592286
542,2.5397032155999186
543,2.5396447084099836
544,2.5395860300224817
545,2.5395271804374118
546,2.5394681596547755
547,2.5394089676745715
548,2.5393496044968003
549,2.539290070121462
550,2.539230364548556
551,2.5391704877780836
552,2.5391104398100435
553,2.539050220644436
554,2.5389898302812615
555,2.5389292687205196
556,2.5388685359622105
557,2.538807632006334
558,2.5387465568528906
559,2.53868531050188
560,2.5386238929533014
561,2.538562304207156
562,2.538500544263444
563,2.5384386131221643
564,2.538376510783317
565,2.5383142372469023
566,2.538251792512921
567,2.5381891765813727
568,2.5381263894522563
569,2.5380634311255723
570,2.5380003016013224
571,2.5379370008795044
572,2.537873528960119
573,2.537809885843167
574,2.5377460715286477
575,2.5376820860165608
576,2.5376179293069066
577,2.5375536013996856
578,2.5374891022948973
579,2.5374244319925414
580,2.5373595904926183
581,2.5372945777951283
582,2.5372293939000707
583,2.537164038807446
584,2.5370985125172543
585,2.5370328150294954
586,2.536966946344169
587,2.536900906461275
588,2.536834695380814
589,2.536768313102786
590,2.5367017596271904
591,2.5366341687181353
592,2.536565808694854
593,2.5364972614015255
594,2.5364285268381486
595,2.5363596050047232
596,2.53629049590125
597,2.536221199527729
598,2.5361517158841593
599,2.536082044970542
600,2.5360121867868766
601,2.535942141333163
602,2.5358719086094013
603,2.5358014886155913
604,2.5357308813517334
605,2.535660086817827
606,2.535589105013873
607,2.5355179359398705
608,2.53544657959582
609,2.535375035981722
610,2.5353033050975755
611,2.535231386943381
612,2.5351592815191384
613,2.5350869888248475
614,2.5350145088605083
615,2.534941841626121
616,2.534868987121686
617,2.534795945347203
618,2.5347227163026718
619,2.5346492999880925
620,2.534575696403465
621,2.534501905548789
622,2.534427927424066
623,2.5343537620292937
624,2.5342794093644736
625,2.534204869429606
626,2.53413014222469
627,2.5340552277497257
628,2.5339801260047135
629,2.5339048369896533
630,2.5338293607045443
631,2.5337536971493884
632,2.5336778463241836
633,2.5336018082289304
634,2.53352558286363
635,2.533449170228281
636,2.533372570322884
637,2.533295783147439
638,2.533218808701946
639,2.5331416469864045
640,2.5330642980008156
641,2.532986761745178
642,2.532909038219492
643,2.5328311274237585
644,2.5327530293579765
645,2.532674744022147
646,2.532596271416269
647,2.532517611540343
648,2.532438764394369
649,2.5323597299783467
650,2.532280508292276
651,2.5322010993361577
652,2.532121503109991
653,2.532041719613776
654,2.5319617488475137
655,2.531881590811203
656,2.531801245504844
657,2.531720712928437
658,2.5316399930819817
659,2.5315590859654784
660,2.531477991578927
661,2.5313967099223276
662,2.53131524099568
663,2.5312335847989846
664,2.531151741332241
665,2.531069710595449
666,2.530987492588609
667,2.530905087311721
668,2.530822494764785
669,2.530739714947801
670,2.5306567478607684
671,2.530573593503688
672,2.53049025187656
673,2.530406722979383
674,2.5303230068121585
675,2.530239103374886
676,2.530155012667565
677,2.5300707346901956
678,2.529986269442779
679,2.5299016169253137
680,2.5298167771378006
681,2.529731750080239
682,2.5296465357526294
683,2.529561134154972
684,2.5294755452872666
685,2.5293897691495126
686,2.5293038057417108
687,2.529217655063861
688,2.529131317115963
689,2.529044791898017
690,2.5289580794100224
691,2.52887117965198
692,2.52878409262389
693,2.528696818325751
694,2.5286093567575647
695,2.52852170791933
696,2.528433871811047
697,2.5283458484327164
698,2.5282576377843373
699,2.5281692398659104
700,2.528080654677435
701,2.527991882218912
702,2.5279029224903407
703,2.5278137754917207
704,2.5277244412230533
705,2.527634919684338
706,2.5275452108755743
707,2.527455314796762
708,2.5273652314479023
709,2.5272749608289944
710,2.527184502940038
711,2.5270938577810336
712,2.5270030253519815
713,2.526912005652881
714,2.5268207986837323
715,2.526729404444536
716,2.526637822935291
717,2.526546054155998
718,2.5264540981066577
719,2.5263619547872684
720,2.5262696241978313
721,2.526177106338346
722,2.526084401208813
723,2.5259915088092315
724,2.525898429139602
725,2.5258051621999242
726,2.5257117079901987
727,2.525618066510425
728,2.5255242377606035
729,2.525430221740733
730,2.5253360184508153
731,2.525241627890849
732,2.525147050060835
733,2.5250522849607724
734,2.524957332590662
735,2.5248621929505037
736,2.524766866040297
737,2.524671351860042
738,2.5245756504097394
739,2.5244797616893884
740,2.524383685698989
741,2.524287422438542
742,2.5241909719080478
743,2.524094334107504
744,2.5239975090369127
745,2.5239004966962733
746,2.5238032970855855
747,2.52370591020485
748,2.523608336054066
749,2.5235105746332342
750,2.5234126259423544
751,2.523314489981426
752,2.52321616675045
753,2.5231176562494255
754,2.523018958478353
755,2.522920073437233
756,2.522821001126064
757,2.5227217415448475
758,2.522622294693583
759,2.52252266057227
760,2.522422839180909
761,2.5223228305195002
762,2.5222226345880427
763,2.522122251386538
764,2.522021680914984
765,2.521920923173383
766,2.521819978161733
767,2.5217188458800357
768,2.52161752632829
769,2.521516019506496
770,2.5214143254146544
771,2.521313768748732
772,2.521213939180075
773,2.5211139469202988
774,2.5210137919694033
775,2.520913474327389
776,2.520812993994256
777,2.5207123509700033
778,2.520611545254632
779,2.5205105768481415
780,2.520409445750532
781,2.5203081519618036
782,2.5202066954819564
783,2.5201050763109896
784,2.520003294448904
785,2.5199013498957
786,2.519799242651376
787,2.5196969727159333
788,2.519594540089372
789,2.519491944771691
790,2.5193891867628917
791,2.519286266062973
792,2.5191831826719353
793,2.5190799365897787
794,2.5189765278165033
795,2.518872956352108
796,2.5187692221965943
797,2.5186653253499616
798,2.51856126581221
799,2.518457043583339
800,2.5183526586633493
801,2.5182481110522406
802,2.5181434007500125
803,2.518038527756666
804,2.5179334920722
805,2.517828293696615
806,2.517722932629911
807,2.517617408872088
808,2.5175117224231465
809,2.517405873283085
810,2.5172998614519053
811,2.5171936869296068
812,2.5170873497161885
813,2.5169808498116515
814,2.5168741872159957
815,2.51676736192922
816,2.5166603739513262
817,2.516553223282313
818,2.5164459099221808
819,2.5163384338709296
820,2.5162307951285596
821,2.51612299369507
822,2.516015029570462
823,2.515906902754735
824,2.5157986132478882
825,2.5156901610499234
826,2.5155815461608393
827,2.5154727685806355
828,2.5153638283093134
829,2.5152547253468724
830,2.515145459693312
831,2.515036031348632
832,2.514926440312834
833,2.5148166865859167
834,2.51470677016788
835,2.5145966910587245
836,2.51448644925845
837,2.5143760447670567
838,2.5142654775845443
839,2.5141547477109127
840,2.514043855146162
841,2.5139327998902927
842,2.5138215819433043
843,2.5137102013051966
844,2.51359865797597
845,2.5134869519556244
846,2.513375083244159
847,2.5132630518415757
848,2.513150857747873
849,2.513038500963052
850,2.5129259814871108
851,2.512813299320051
852,2.5127004544618723
853,2.5125874469125744
854,2.5124742766721577
855,2.5123609437406222
856,2.5122474481179666
857,2.512133789804193
858,2.5120199687993003
859,2.5119059851032883
860,2.5117918387161575
861,2.5116775296379075
862,2.5115630578685386
863,2.511448423408051
864,2.5113336262564436
865,2.5112186664137175
866,2.5111035438798726
867,2.510988258654909
868,2.510872810738826
869,2.5107572001316236
870,2.510641426833302
871,2.510525490843863
872,2.5104093921633033
873,2.5102931307916254
874,2.5101767067288283
875,2.5100601199749115
876,2.5099433705298764
877,2.5098264583937224
878,2.509709383566449
879,2.509592146048057
880,2.5094747458385456
881,2.509357182937915
882,2.509239457346166
883,2.5091215690632978
884,2.50900351808931
885,2.5088853044242034
886,2.5087669280679785
887,2.5086483890206344
888,2.5085296872821705
889,2.508410822852588
890,2.508291795731887
891,2.508172605920066
892,2.5080532534171267
893,2.5079337382230684
894,2.5078140603378904
895,2.507694219761594
896,2.507574216494179
897,2.5074540505356437
898,2.5073337218859906
899,2.5072132305452177
900,2.507092576513326
901,2.506971759790315
902,2.506850780376186
903,2.506729638270937
904,2.5066083334745692
905,2.5064868659870827
906,2.5063652358084774
907,2.506243442938752
908,2.506121487377908
909,2.5059993691259455
910,2.5058770881828636
911,2.505754644548663
912,2.505632038223343
913,2.505509269206904
914,2.5053863374993464
915,2.505263243100669
916,2.505139986010873
917,2.5050165662299584
918,2.5048929837579244
919,2.504769238594771
920,2.5046453307404994
921,2.5045212601951086
922,2.504397026958598
923,2.504272631030969
924,2.504148072412221
925,2.504023351102354
926,2.5038984671013678
927,2.5037734204092628
928,2.503648211026039
929,2.5035228389516955
930,2.503397304186233
931,2.503271606729652
932,2.5031457465819518
933,2.5030197237431326
934,2.5028935382131943
935,2.5027671899921367
936,2.5026406790799607
937,2.5025140054766655
938,2.5023871691822506
939,2.5022601701967178
940,2.5021330085200653
941,2.5020056841522935
942,2.5018781970934034
943,2.501750547343394
944,2.5016227349022655
945,2.5014947597700177
946,2.5013666219466515
947,2.501238321432166
948,2.5011098582265614
949,2.500981232329838
950,2.5008524437419952
951,2.500726229860671
952,2.500601742768518
953,2.500477143775997
954,2.5003524328831066
955,2.5002276100898486
956,2.500102675396222
957,2.4999776288022266
958,2.4998524703078626
959,2.49972719991313
960,2.499601817618029
961,2.49947632342256
962,2.4993507173267218
963,2.4992249993305156
964,2.49909916943394
965,2.4989732276369967
966,2.4988471739396845
967,2.4987210083420037
968,2.498594730843955
969,2.498468341445537
970,2.4983418401467508
971,2.498215226947596
972,2.498088501848073
973,2.4979616648481806
974,2.4978347159479206
975,2.497707655147292
976,2.4975804824462946
977,2.497453197844929
978,2.497325801343194
979,2.4971982929410914
980,2.4970706726386203
981,2.49694294043578
982,2.4968150963325715
983,2.4966871403289947
984,2.4965590724250495
985,2.496430892620735
986,2.4963026009160525
987,2.4961741973110017
988,2.496045681805582
989,2.4959170543997935
990,2.4957883150936366
991,2.4956594638871117
992,2.4955305007802187
993,2.4954014257729558
994,2.4952722388653252
995,2.4951429400573257
996,2.495013529348958
997,2.4948840067402216
998,2.494754372231117
999,2.494624625821644
1000,2.4944947675118017
1001,2.494364797301591
1002,2.4942347151910123
1003,2.494104521180065
1004,2.4939742152687487
1005,2.4938437974570644
1006,2.493713267745011
1007,2.4935826261325897
1008,2.4934518726198
1009,2.493321007206641
1010,2.493190029893114
1011,2.4930589406792185
1012,2.492927739564954
1013,2.4927964265503215
1014,2.49266500163532
1015,2.492533464819951
1016,2.4924018161042123
1017,2.492270055488105
1018,2.4921381829716305
1019,2.4920061985547863
1020,2.491874102237574
1021,2.491741894019993
1022,2.4916095739020436
1023,2.4914771418837254
1024,2.4913445979650395
1025,2.4912119421459846
1026,2.491079174426561
1027,2.4909462948067693
1028,2.4908133032866084
1029,2.4906801998660795
1030,2.490546984545182
1031,2.4904136573239155
1032,2.490280218202281
1033,2.490146667180278
1034,2.4900130042579063
1035,2.4898792294351657
1036,2.489745342712057
1037,2.4896113440885803
1038,2.489477233564734
1039,2.4893430111405204
1040,2.4892086768159367
1041,2.4890742305909863
1042,2.4889396724656665
1043,2.4888050024399777
1044,2.4886702205139213
1045,2.4885353266874954
1046,2.4884003209607015
1047,2.488265203333539
1048,2.488129973806008
1049,2.4879946323781086
1050,2.4878591790498406
1051,2.487723613821204
1052,2.487587936692199
1053,2.4874521476628253
1054,2.487316246733083
1055,2.487180233902972
1056,2.4870441091724933
1057,2.486907872541645
1058,2.4867715240104293
1059,2.4866350635788446
1060,2.4864984912468913
1061,2.4863618070145694
1062,2.486225010881879
1063,2.48608810284882
1064,2.485951082915393
1065,2.4858139510815973
1066,2.485676707347433
1067,2.4855393517129
1068,2.485401884177999
1069,2.4852643047427283
1070,2.4851266134070897
1071,2.4849888101710826
1072,2.4848508950347075
1073,2.484712867997963
1074,2.4845747290608506
1075,2.48443647822337
1076,2.4842981154855197
1077,2.484159640847302
1078,2.484021054308715
1079,2.48388235586976
1080,2.4837435455304364
1081,2.4836046232907436
1082,2.4834655891506836
1083,2.4833264431102537
1084,2.4831871851694562
1085,2.4830478153282893
1086,2.482908333586755
1087,2.4827687399448517
1088,2.4826290344025796
1089,2.482489216959939
1090,2.48234928761693
1091,2.482209246373553
1092,2.482069093229807
1093,2.481928828185692
1094,2.481788451241209
1095,2.481647962396358
1096,2.4815073616511376
1097,2.4813666490055484
1098,2.481225824459592
1099,2.481084888013266
1100,2.4809438396665717
1101,2.4808026794195097
1102,2.480661407272078
1103,2.4805200232242783
1104,2.48037852727611
1105,2.4802369194275733
1106,2.480095199678668
1107,2.4799533680293937
1108,2.479811424479752
1109,2.479669369029741
1110,2.4795272016793612
1111,2.4793849224286135
1112,2.479242531277497
1113,2.479100028226012
1114,2.4789574132741583
1115,2.478814686421937
1116,2.4786718476693457
1117,2.478528897016387
1118,2.4783858344630594
1119,2.478242660009363
1120,2.4780993736552985
1121,2.477955975400865
1122,2.4778124652460636
1123,2.4776688431908935
1124,2.4775251092353545
1125,2.4773812633794474
1126,2.477237305623172
1127,2.4770932359665276
1128,2.4769490544095145
1129,2.476804760952133
1130,2.4766603555943836
1131,2.476518572849126
1132,2.476378565692583
1133,2.4762384973728957
1134,2.476098367890066
1135,2.4759581772440917
1136,2.475817925434975
1137,2.475677612462715
1138,2.4755372383273113
1139,2.4753968030287643
1140,2.4752563065670747
1141,2.475115748942241
1142,2.474975130154265
1143,2.4748344502031445
1144,2.474693709088881
1145,2.4745529068114744
1146,2.4744120433709247
1147,2.4742711187672315
1148,2.4741301330003953
1149,2.4739890860704152
1150,2.473847977977292
1151,2.4737068087210257
1152,2.473565578301616
1153,2.4734242867190632
1154,2.473282933973367
1155,2.473141520064527
1156,2.4730000449925447
1157,2.472858508757418
1158,2.4727169113591487
1159,2.4725752527977356
1160,2.4724335330731795
1161,2.47229175218548
1162,2.472149910134638
1163,2.4720080069206514
1164,2.471866042543522
1165,2.4717240170032495
1166,2.4715819302998336
1167,2.471439782433274
1168,2.471297573403572
1169,2.4711553032107254
1170,2.471012971854737
1171,2.4708705793356045
1172,2.4707281256533284
1173,2.4705856108079094
1174,2.4704430347993473
1175,2.4703003976276414
1176,2.4701576992927925
1177,2.4700149397948
1178,2.469872119133665
1179,2.4697292373093855
1180,2.4695862943219637
1181,2.469443290171398
1182,2.4693002248576894
1183,2.4691570983808373
1184,2.4690139107408418
1185,2.468870661937703
1186,2.4687273519714212
1187,2.4685839808419954
1188,2.4684405485494274
1189,2.468297055093715
1190,2.4681535004748603
1191,2.4680098846928615
1192,2.46786620774772
1193,2.4677224696394346
1194,2.4675786703680065
1195,2.467434809933435
1196,2.46729088833572
1197,2.467146905574861
1198,2.4670028616508595
1199,2.4668587565637146
1200,2.4667145903134267
1201,2.466570362899995
1202,2.46642607432342
1203,2.4662817245837023
1204,2.4661373136808407
1205,2.465992841614836
1206,2.4658483083856875
1207,2.465703713993397
1208,2.465559058437962
1209,2.465414341719384
1210,2.4652695638376625
1211,2.4651247247927985
1212,2.4649798245847903
1213,2.4648348632136394
1214,2.4646898406793447
1215,2.464544756981907
1216,2.4643996121213254
1217,2.4642544060976017
1218,2.4641091389107337
1219,2.463963810560723
1220,2.4638184210475687
1221,2.463672970371271
1222,2.46352745853183
1223,2.463381885529246
1224,2.463236251363518
1225,2.463090556034648
1226,2.4629447995426332
1227,2.4627989818874765
1228,2.462653103069175
1229,2.4625071630877318
1230,2.462361161943144
1231,2.4622150996354137
1232,2.4620689761645393
1233,2.461922791530523
1234,2.4617765457333616
1235,2.461630238773058
1236,2.4614838706496105
1237,2.4613374413630202
1238,2.4611909509132865
1239,2.46104439930041
1240,2.4608977865243893
1241,2.4607511125852257
1242,2.4606043774829187
1243,2.4604575812174687
1244,2.4603107237888753
1245,2.4601638051971384
1246,2.4600168254422576
1247,2.4598697845242343
1248,2.4597226824430676
1249,2.459575519198758
1250,2.4594282947913046
1251,2.459281009220708
1252,2.4591336624869675
1253,2.4589862545900845
1254,2.458838785530058
1255,2.458691255306888
1256,2.4585436639205747
1257,2.4583960113711183
1258,2.4582482976585185
1259,2.4581005227827757
1260,2.457952686743889
1261,2.4578047895418593
1262,2.4576568311766867
1263,2.4575088116483705
1264,2.4573607309569105
1265,2.4572125891023076
1266,2.457064386084561
1267,2.4569161219036717
1268,2.4567677965596393
1269,2.4566194100524634
1270,2.4564709623821437
1271,2.456322453548681
1272,2.4561738835520748
1273,2.4560252523923256
1274,2.4558765600694326
1275,2.455727806583397
1276,2.455578991934218
1277,2.455430116121895
1278,2.4552811791464295
1279,2.4551321810078206
1280,2.454983121706068
1281,2.4548340012411725
1282,2.454684819613133
1283,2.454535576821951
1284,2.454386272867625
1285,2.4542369077501562
1286,2.4540874814695437
1287,2.4539379940257886
1288,2.453788445418889
1289,2.453638835648847
1290,2.453489164715662
1291,2.453339432619333
1292,2.4531896393598607
1293,2.4530397849372454
1294,2.4528898693514867
1295,2.452739892602585
1296,2.4525898546905394
1297,2.452439755615351
1298,2.452289595377019
1299,2.4521393739755437
1300,2.4519890914109252
1301,2.451838747683164
1302,2.4516883427922584
1303,2.4515378767382106
1304,2.4513873495210183
1305,2.4512367611406836
1306,2.451086111597205
1307,2.4509354008905837
1308,2.4507846290208186
1309,2.45063379598791
1310,2.4504829017918586
1311,2.450333976903152
1312,2.450186392377304
1313,2.450038784362459
1314,2.449891152858618
1315,2.4497434978657795
1316,2.449595819383945
1317,2.4494481174131133
1318,2.4493003919532854
1319,2.4491526430044606
1320,2.4490048705666383
1321,2.4488570746398204
1322,2.4487092552240055
1323,2.448561412319194
1324,2.4484135459253857
1325,2.4482656560425813
1326,2.448117742670779
1327,2.447969805809981
1328,2.4478218454601857
1329,2.447673861621394
1330,2.447525854293606
1331,2.447377823476821
1332,2.447229769171039
1333,2.4470816913762605
1334,2.446933590092485
1335,2.446785465319713
1336,2.4466373170579447
1337,2.4464891453071798
1338,2.446340950067418
1339,2.446192731338659
1340,2.446044489120904
1341,2.445896223414152
1342,2.4457479342184034
1343,2.445599621533658
1344,2.445451285359916
1345,2.4453029256971774
1346,2.445154542545442
1347,2.44500613590471
1348,2.444857705774981
1349,2.444709252156256
1350,2.444560775048533
1351,2.4444122744518144
1352,2.4442637503660993
1353,2.4441152027913873
1354,2.4439666317276783
1355,2.4438180371749727
1356,2.44366941913327
1357,2.4435207776025716
1358,2.443372112582876
1359,2.4432234240741835
1360,2.443074712076495
1361,2.442925976589809
1362,2.4427772176141263
1363,2.442628435149447
1364,2.4424796291957716
1365,2.442330799753099
1366,2.4421819468214303
1367,2.4420330704007642
1368,2.441884170491102
1369,2.4417352470924425
1370,2.441586300204787
1371,2.441437329828134
1372,2.441288335962485
1373,2.4411393186078394
1374,2.4409902777641963
1375,2.4408412134315576
1376,2.440692125609921
1377,2.4405430142992883
1378,2.440393879499659
1379,2.4402447212110334
1380,2.4400955394334103
1381,2.439946334166791
1382,2.439797105411175
1383,2.439647853166562
1384,2.4394985774329525
1385,2.4393492782103463
1386,2.4391999554987436
1387,2.4390506092981443
1388,2.438901239608548
1389,2.438751846429955
1390,2.4386024297623656
1391,2.438452989605779
1392,2.4383035259601966
1393,2.438154038825617
1394,2.4380045282020406
1395,2.4378549940894674
1396,2.4377054364878976
1397,2.4375558553973313
1398,2.437406250817768
1399,2.4372566227492083
1400,2.4371069711916515
1401,2.4369572961450987
1402,2.436807597609549
1403,2.4366578755850026
1404,2.4365081300714593
1405,2.4363583610689195
1406,2.436208568577383
1407,2.43605875259685
1408,2.43590891312732
1409,2.435759050168793
1410,2.43560916372127
1411,2.4354592537847495
1412,2.435309320359233
1413,2.4351593634447197
1414,2.43500938304121
1415,2.4348593791487025
1416,2.4347093517671996
1417,2.4345593008966997
1418,2.434409226537203
1419,2.434259128688709
1420,2.434109007351219
1421,2.433958862524732
1422,2.4338086942092487
1423,2.433658502404768
1424,2.433508287111291
1425,2.433358048328818
1426,2.433207786057347
1427,2.4330575002968806
1428,2.4329071910474167
1429,2.4327568583089567
1430,2.4326065020814993
1431,2.432456122365046
1432,2.4323057191595954
1433,2.4321552924651484
1434,2.4320048422817044
1435,2.4318543686092644
1436,2.431703871447827
1437,2.4315533507973925
1438,2.431402806657963
1439,2.431252239029535
1440,2.4311016479121115
1441,2.430951033305691
1442,2.430800395210274
1443,2.4306497336258595
1444,2.4304990485524494
1445,2.430348339990042
1446,2.430197607938638
1447,2.430046852398237
1448,2.4298960733688397
1449,2.4297452708504452
1450,2.4295944448430546
1451,2.4294435953466675
1452,2.429292722361283
1453,2.4291418258869024
1454,2.428990905923525
1455,2.4288399624711507
1456,2.4286889955297797
1457,2.428538005099412
1458,2.428386991180048
1459,2.428235953771687
1460,2.4280848928743297
1461,2.427933808487975
1462,2.427782700612624
1463,2.4276315692482764
1464,2.427480414394932
1465,2.4273292360525907
1466,2.4271780342212534
1467,2.427026808900919
1468,2.4268755600915877
1469,2.4267242877932595
1470,2.426572992005936
1471,2.426421672729614
1472,2.4262703299642965
1473,2.426118963709982
1474,2.4259675739666706
1475,2.425816160734363
1476,2.4256647240130578
1477,2.4255132638027566
1478,2.425361780103459
1479,2.4252102729151646
1480,2.425058742237873
1481,2.424907188071585
1482,2.4247556104163
1483,2.4246040092720187
1484,2.4244523846387405
1485,2.4243007365164657
1486,2.4241490649051944
1487,2.423997369804926
1488,2.4238456512156614
1489,2.4236939091373997
1490,2.423542143570142
1491,2.4233910158611884
1492,2.423240321156178
1493,2.4230896152330677
1494,2.4229388980918585
1495,2.42278816973255
1496,2.422637430155143
1497,2.422486679359636
1498,2.4223359173460297
1499,2.4221851441143247
1500,2.4220343596645204
1501,2.4218835639966163
1502,2.4217327571106133
1503,2.421581939006512
1504,2.4214311096843106
1505,2.42128026914401
1506,2.4211294173856106
1507,2.4209785544091122
1508,2.4208276802145137
1509,2.4206767948018166
1510,2.4205258981710207
1511,2.4203749903221254
1512,2.42022407125513
1513,2.4200731409700365
1514,2.419922199466843
1515,2.4197712467455514
1516,2.4196202828061595
1517,2.4194693076486686
1518,2.419318321273079
1519,2.41916732367939
1520,2.4190163148676014
1521,2.418865294837714
1522,2.418714263589728
1523,2.418563221123642
1524,2.4184121674394565
1525,2.4182611025371727
1526,2.418110026416789
1527,2.4179589390783063
1528,2.4178078405217245
1529,2.4176567307470433
1530,2.417505609754263
1531,2.417354477543384
1532,2.4172033341144052
1533,2.4170521794673276
1534,2.4169010136021507
1535,2.4167498365188744
1536,2.4165986482174993
1537,2.4164474486980247
1538,2.416296237960451
1539,2.4161450160047777
1540,2.4159937828310056
1541,2.415842538439134
1542,2.415691282829164
1543,2.415540016001094
1544,2.4153887379549253
1545,2.415237448690657
1546,2.4150861482082897
1547,2.414934836507823
1548,2.4147835135892577
1549,2.4146321794525925
1550,2.4144808340978283
1551,2.4143294775249657
1552,2.4141781097340034
1553,2.414026730724941
1554,2.41387534049778
1555,2.4137239390525203
1556,2.4135725263891605
1557,2.4134211025077024
1558,2.413269667408145
1559,2.413118221090488
1560,2.412966763554732
1561,2.4128152948008768
1562,2.412663814828923
1563,2.412512323638869
1564,2.412360821230716
1565,2.412209307604464
1566,2.412057782760113
1567,2.4119062466976624
1568,2.411754699417113
1569,2.411603140918464
1570,2.4114515712017166
1571,2.411299990266869
1572,2.411148398113922
1573,2.410996794742877
1574,2.4108451801537325
1575,2.410693554346488
1576,2.410541917321145
1577,2.4103902690777033
1578,2.410238609616161
1579,2.4100869389365207
1580,2.409935257038781
1581,2.4097835639229417
1582,2.409631859589003
1583,2.4094801440369658
1584,2.4093284172668294
1585,2.409176679278594
1586,2.4090249300722584
1587,2.408873169647824
1588,2.4087213980052904
1589,2.4085696151446583
1590,2.408417821065926
1591,2.408266015769095
1592,2.4081141992541646
1593,2.407962371521135
1594,2.4078105325700068
1595,2.407658682400779
1596,2.407506821013452
1597,2.4073549484080257
1598,2.4072030645845004
1599,2.4070511695428762
1600,2.4068992632831523
1601,2.4067473458053286
1602,2.406595417109407
1603,2.4064434771953853
1604,2.406291526063265
1605,2.406139563713045
1606,2.405987590144726
1607,2.4058356053583085
1608,2.4056836093537903
1609,2.405531602131174
1610,2.4053795836904586
1611,2.4052275540316437
1612,2.405075513154729
1613,2.4049234610597163
1614,2.404771397746604
1615,2.404619323215392
1616,2.404467237466081
1617,2.4043151404986713
1618,2.404163032313162
1619,2.404010912909553
1620,2.4038587822878457
1621,2.4037066404480387
1622,2.403554487390133
1623,2.4034023231141273
1624,2.4032501476200228
1625,2.40309796090782
1626,2.4029457629775166
1627,2.4027935538291145
1628,2.402641333462613
1629,2.402489101878013
1630,2.402336859075313
1631,2.402184605054514
1632,2.4020323398156167
1633,2.4018800633586195
1634,2.4017277756835225
1635,2.4015754767903275
1636,2.4014231666790327
1637,2.401270845349639
1638,2.4011185128021455
1639,2.400966169036553
1640,2.4008138140528614
1641,2.400661447851071
1642,2.400509070431181
1643,2.4003566817931916
1644,2.4002042819371034
1645,2.400051870862916
1646,2.3998994485706295
1647,2.3997470150602433
1648,2.3995945703317583
1649,2.399442114385174
1650,2.3992896472204905
1651,2.399137168837708
1652,2.3989846792368263
1653,2.398832178417845
1654,2.3986796663807644
1655,2.3985271431255857
1656,2.398374608652307
1657,2.3982220629609285
1658,2.398069506051452
1659,2.397916937923876
1660,2.3977643585782
1661,2.3976117680144253
1662,2.3974591662325517
1663,2.397306553232579
1664,2.397153929014506
1665,2.397001293578335
1666,2.3968486469240644
1667,2.3966959890516946
1668,2.396543319961226
1669,2.3963906396526578
1670,2.396237948125991
1671,2.396085812643467
1672,2.395934057493861
1673,2.3957823016513617
1674,2.3956305451159694
1675,2.3954787878876846
1676,2.395327029966507
1677,2.395175271352437
1678,2.3950235120454737
1679,2.394871752045618
1680,2.394719991352869
1681,2.394568229967227
1682,2.394416467888693
1683,2.394264705117265
1684,2.3941129416529447
1685,2.3939611774957323
1686,2.3938094126456266
1687,2.393657647102628
1688,2.3935058808667367
1689,2.3933541139379524
1690,2.3932023463162753
1691,2.3930505780017053
1692,2.3928988089942425
1693,2.3927470392938863
1694,2.3925952689006382
1695,2.3924434978144973
1696,2.392291726035463
1697,2.3921399535635364
1698,2.3919881803987164
1699,2.391836406541004
1700,2.391684631990399
1701,2.3915328567469007
1702,2.3913810808105094
1703,2.3912293041812256
1704,2.391077526859049
1705,2.39092574884398
1706,2.3907739701360176
1707,2.3906221907351624
1708,2.3904704106414143
1709,2.390318629854774
1710,2.39016684837524
1711,2.390015066202813
1712,2.389863283337494
1713,2.389711499779282
1714,2.3895597155281774
1715,2.3894079305841793
1716,2.389256144947289
1717,2.3891043586175056
1718,2.3889525715948294
1719,2.3888007838792604
1720,2.388648995470799
1721,2.388497206369444
1722,2.3883454165751963
1723,2.3881936260880563
1724,2.388041834908023
1725,2.387890043035097
1726,2.3877382504692783
1727,2.3875864572105665
1728,2.3874346632589623
1729,2.387282868614465
1730,2.3871310732770747
1731,2.386979277246792
1732,2.386827480523616
1733,2.3866756831075473
1734,2.3865238849985864
1735,2.3863720861967317
1736,2.386220286701985
1737,2.386068486514345
1738,2.3859166856338128
1739,2.3857648840603867
1740,2.3856130817940686
1741,2.3854612788348573
1742,2.385309475182753
1743,2.3851576708377564
1744,2.385005865799867
1745,2.3848540600690846
1746,2.3847022536454094
1747,2.3845504465288414
1748,2.3843986387193805
1749,2.3842468302170263
1750,2.3840950210217793
1751,2.3839432111336403
1752,2.383791400552608
1753,2.3836395892786832
1754,2.3834877773118652
1755,2.383335964652155
1756,2.383184151299551
1757,2.383032337254055
1758,2.382880522515665
1759,2.3827287070843832
1760,2.3825768909602085
1761,2.3824250741431405
1762,2.3822732566331806
1763,2.3821214384303273
1764,2.381969619534581
1765,2.3818177999459422
1766,2.3816659796644104
1767,2.3815141586899853
1768,2.381362337022668
1769,2.381210514662458
1770,2.3810586916093546
1771,2.380906867863359
1772,2.3807550434244704
1773,2.380603218292689
1774,2.3804513924680144
1775,2.3802995659504473
1776,2.380147738739987
1777,2.379995910836634
1778,2.379844082240388
1779,2.3796922529512496
1780,2.3795404229692187
1781,2.3793885922942946
1782,2.3792367609264775
1783,2.3790849288657676
1784,2.378933096112165
1785,2.37878126266567
1786,2.3786294285262812
1787,2.378477593694
1788,2.378325758168826
1789,2.3781739219507596
1790,2.3780220850398
1791,2.377870247435948
1792,2.3777184091392023
1793,2.3775665701495643
1794,2.377414730467034
1795,2.3772628900916097
1796,2.377111049023293
1797,2.3769592072620838
1798,2.3768073648079815
1799,2.376655521660987
1800,2.376503677821099
0,2.54993928825125
1,2.5367553315869444
2,2.524230995873761
3,2.514600432535113
4,2.5052520095065183
5,2.496785694986471
6,2.4889674796196566
7,2.481797363406074
8,2.4748143628496533
9,2.4681251083535747
10,2.4618206363380946
11,2.4559009468032142
12,2.4503660397489324
13,2.4452159151752504
14,2.4404505730821677
15,2.435633286228473
16,2.430755335950368
17,2.426074328725026
18,2.421590264552447
19,2.4173031434326315
20,2.413212965365579
21,2.4093197303512897
22,2.4056234383897634
23,2.4021240894810005
24,2.3988216836250005
25,2.395716220821764
26,2.3928077010712903
27,2.39009612437358
28,2.3875814907286332
29,2.3850764977101733
30,2.3819242021093716
31,2.3788382150420624
32,2.3758185365082456
33,2.3728651665079212
34,2.369978105041089
35,2.3671573521077494
36,2.3644029077079023
37,2.361714771841547
38,2.359092944508685
39,2.3565374257093152
40,2.3540482154434375
41,2.3516253137110525
42,2.3492687205121596
43,2.3469784358467596
44,2.3447544597148515
45,2.342596792116436
46,2.3405054330515127
47,2.338480382520082
48,2.3365216405221436
49,2.3346292070576977
50,2.3328030821267443
51,2.331043265729283
52,2.3293497578653146
53,2.3277225585348384
54,2.3261616677378543
55,2.324667085474363
56,2.323238811744364
57,2.321876846547857
58,2.3202948997510275
59,2.318309000881977
60,2.316339951427525
61,2.3143877513876703
62,2.3124524007624134
63,2.310533899551754
64,2.3086322477556926
65,2.306747445374229
66,2.3048794924073635
67,2.303028388855095
68,2.3011941347174245
69,2.299376729994352
70,2.297576174685877
71,2.2957924687919995
72,2.29402561231272
73,2.2922756052480384
74,2.290542447597954
75,2.288826139362468
76,2.2871266805415793
77,2.2854440711352892
78,2.283778311143596
79,2.2821294005665003
80,2.2804973394040027
81,2.2788821276561024
82,2.277283765322801
83,2.2757022524040966
84,2.2741375888999897
85,2.272589774810481
86,2.2710588101355698
87,2.2695446948752562
88,2.268047429029541
89,2.266567012598423
90,2.2651034455819024
91,2.26365672797998
92,2.2622268597926554
93,2.260813841019928
94,2.259417671661799
95,2.258038351718268
96,2.256675881189334
97,2.2553302600749974
98,2.254001488375259
99,2.252689566090119
100,2.251394493219576
101,2.2501162697636308
102,2.2488548957222836
103,2.2476103710955337
104,2.2463826958833817
105,2.2451718700858283
106,2.243977893702872
107,2.242800766734513
108,2.2416404891807518
109,2.2404970610415886
110,2.2393704823170233
111,2.2382607530070557
112,2.237167873111686
113,2.2360918426309135
114,2.235032661564739
115,2.233990329913162
116,2.2326615738594504
117,2.231260532768861
118,2.229863302788779
119,2.228469883919206
120,2.2270802761601423
121,2.225694479511586
122,2.224312493973539
123,2.222934319546
124,2.2215599562289703
125,2.2201894040224484
126,2.2188226629264354
127,2.217459732940931
128,2.2161006140659345
129,2.2147453063014475
130,2.2133938096474686
131,2.212046124103998
132,2.2107022496710362
133,2.2093621863485833
134,2.208025934136638
135,2.2066934930352025
136,2.2053648630442746
137,2.2040400441638552
138,2.2027190363939453
139,2.2014018397345434
140,2.20008845418565
141,2.198778879747265
142,2.1974731164193892
143,2.196171164202021
144,2.194873023095162
145,2.1935786930988117
146,2.19228817421297
147,2.191001466437636
148,2.189718569772811
149,2.1884394842184944
150,2.1871642097746866
151,2.1858927464413878
152,2.184625094218597
153,2.1833612531063147
154,2.182101223104541
155,2.1808450042132757
156,2.17959259643252
157,2.178343999762271
158,2.177099214202532
159,2.175858239753301
160,2.174621076414579
161,2.173387724186365
162,2.1721581830686603
163,2.170932453061463
164,2.1697105341647753
165,2.1684924263785956
166,2.167278129702924
167,2.166067644137762
168,2.164860969683108
169,2.163658106338963
170,2.1624590541053257
171,2.1612638129821975
172,2.160072382969578
173,2.1588847640674667
174,2.157700956275864
175,2.15652095959477
176,2.1553447740241847
177,2.1541723995641076
178,2.1530038362145394
179,2.1518390839754793
180,2.150678142846928
181,2.1495210128288855
182,2.1483676939213514
183,2.147218186124326
184,2.1460724894378083
185,2.1449306038617997
186,2.1437925293962996
187,2.1426582660413085
188,2.1415278137968254
189,2.1404011726628513
190,2.1392783426393853
191,2.1381593237264283
192,2.1370441159239792
193,2.1359327192320396
194,2.1348251336506077
195,2.133721359179684
196,2.1326213958192706
197,2.131525243569364
198,2.1304329024299666
199,2.129344372401078
200,2.128259653482698
201,2.1271787456748257
202,2.126101648977463
203,2.125028363390608
204,2.1239588889142618
205,2.1228932255484247
206,2.121831373293096
207,2.1207733321482753
208,2.1197191021139634
209,2.11866868319016
210,2.1176220753768655
211,2.1165792786740796
212,2.1155402930818017
213,2.114505118600032
214,2.113473755228772
215,2.11244620296802
216,2.1114224618177766
217,2.1104025317780413
218,2.1093864128488153
219,2.108374105030097
220,2.107365608321888
221,2.1063609227241873
222,2.105360048236996
223,2.104362984860312
224,2.1033697325941367
225,2.1023802914384704
226,2.101394661393312
227,2.1004128424586628
228,2.099434834634522
229,2.0984606379208897
230,2.097490252317766
231,2.096496282106972
232,2.0954869860808896
233,2.094480708401705
234,2.093477449069418
235,2.0924772080840293
236,2.0914799854455377
237,2.0904857811539443
238,2.089494595209249
239,2.0885064276114518
240,2.087521278360552
241,2.0865391474565502
242,2.085560034899446
243,2.0845839406892406
244,2.083610864825933
245,2.0826408073095224
246,2.0816737681400097
247,2.0807097473173957
248,2.0797487448416794
249,2.0787907607128604
250,2.0778357949309396
251,2.0768838474959166
252,2.0759349184077913
253,2.0749890076665642
254,2.074046115272236
255,2.0731062412248047
256,2.072169385524271
257,2.0712355481706353
258,2.070304729163898
259,2.069376928504058
260,2.0684521461911163
261,2.0675303822250717
262,2.0666116366059257
263,2.0656959093336775
264,2.064783200408327
265,2.063873509829875
266,2.0629668375983203
267,2.0620631837136636
268,2.061162548175905
269,2.0602649309850443
270,2.059370332141081
271,2.058478751644016
272,2.0575901894938484
273,2.056704645690579
274,2.0558221202342075
275,2.054942613124734
276,2.054066124362159
277,2.053192653946481
278,2.052322201877701
279,2.0514547681558186
280,2.050590352780835
281,2.0497289557527485
282,2.0488705770715603
283,2.04801521673727
284,2.0471628747498767
285,2.046313551109382
286,2.045467245815786
287,2.044623958869087
288,2.043783690269286
289,2.042946440016383
290,2.0421122081103777
291,2.0412809945512698
292,2.0404527993390604
293,2.039627622473749
294,2.038805463955335
295,2.0379863237838194
296,2.037170201959201
297,2.036357098481482
298,2.0355470133506595
299,2.034739946566735
300,2.033935898129709
301,2.0331348680395798
302,2.0323368562963493
303,2.031541862900017
304,2.030749887850582
305,2.0299609311480444
306,2.0291749927924054
307,2.0283920727836646
308,2.0276121711218216
309,2.026835287806876
310,2.0260614228388287
311,2.025290576217679
312,2.0245227479434273
313,2.023757938016073
314,2.022996146435617
315,2.022237373202059
316,2.021481618315399
317,2.0207288817756366
318,2.0199791635827724
319,2.019232463736806
320,2.0184887822377373
321,2.0177481190855664
322,2.0170104742802937
323,2.0162758478219187
324,2.0155442397104415
325,2.0148156499458625
326,2.0140900785281812
327,2.0133675254573973
328,2.012647990733512
329,2.0119314743565244
330,2.0112179763264346
331,2.0105074966432426
332,2.0098000353069487
333,2.0090955923175526
334,2.0083941676750543
335,2.007695761379454
336,2.0070003734307513
337,2.006308003828947
338,2.0056186525740403
339,2.0049323196660316
340,2.0042490051049207
341,2.0035687088907075
342,2.002891431023393
343,2.0022171715029753
344,2.001545930329456
345,2.0008777075028346
346,2.000212503023111
347,1.9995503168902853
348,1.9988911491043577
349,1.9982349996653275
350,1.9975818685731956
351,1.9969317558279613
352,1.996284661429625
353,1.995640585378187
354,1.9949995276736465
355,1.994361488316004
356,1.993726467305259
357,1.9930944646414122
358,1.9924654803244635
359,1.9918395143544123
360,1.9912165667312591
361,1.9905966374550037
362,1.9899797265256465
363,1.9893658339431872
364,1.9887549597076253
365,1.9881471038189618
366,1.9875422662771958
367,1.9869404470823278
368,1.9863416462343577
369,1.9857458637332857
370,1.9851530995791113
371,1.984563353771835
372,1.9839766263114564
373,1.9833929171979758
374,1.9828122264313932
375,1.9822345540117083
376,1.9816598999389214
377,1.9810882642130323
378,1.9805196468340411
379,1.979954047801948
380,1.9793914671167525
381,1.9788319047784548
382,1.9782753607870551
383,1.9777218351425534
384,1.9771713278449494
385,1.9766238388942439
386,1.9760793682904356
387,1.9755379160335256
388,1.974999482123513
389,1.9744640665603985
390,1.9739316693441822
391,1.9734022904748638
392,1.9728759299524428
393,1.97235258777692
394,1.9718322639482948
395,1.971314958466568
396,1.9708006713317388
397,1.9702894025438074
398,1.9697811521027737
399,1.9692759200086383
400,1.9687737062614006
401,1.968274510861061
402,1.9677783338076191
403,1.967285175101075
404,1.9667950347414287
405,1.9663079127286807
406,1.9658238090628306
407,1.965342723743878
408,1.9648646567718233
409,1.9643896081466665
410,1.963917577868408
411,1.9633549793004255
412,1.9627308011915878
413,1.962107904986449
414,1.9614862906850092
415,1.9608659582872683
416,1.9602469077932263
417,1.9596291392028835
418,1.95901265251624
419,1.958397447733295
420,1.9577835248540494
421,1.9571708838785027
422,1.956559524806655
423,1.9559494476385062
424,1.9553406523740566
425,1.954733139013306
426,1.9541269075562544
427,1.9535219580029017
428,1.9529182903532478
429,1.9523159046072933
430,1.951714800765038
431,1.9511149788264814
432,1.9505164387916238
433,1.949919180660465
434,1.9493232044330056
435,1.948728510109245
436,1.9481350976891836
437,1.947542967172821
438,1.9469521185601575
439,1.946362551851193
440,1.9457742670459277
441,1.9451872641443613
442,1.9446015431464938
443,1.9440171040523255
444,1.9434339468618558
445,1.9428520715750857
446,1.942271478192014
447,1.9416921667126419
448,1.9411141371369687
449,1.940537389464994
450,1.9399619236967187
451,1.9393877398321424
452,1.9388148378712655
453,1.9382432178140871
454,1.937672879660608
455,1.9371038234108275
456,1.9365360490647463
457,1.935969556622364
458,1.935404346083681
459,1.9348404174486968
460,1.9342777707174115
461,1.9337164058898253
462,1.9331563229659383
463,1.93259752194575
464,1.9320400028292612
465,1.931483765616471
466,1.9309288103073796
467,1.9303751369019877
468,1.9298227454002947
469,1.9292716358023005
470,1.9287218081080055
471,1.9281732623174095
472,1.9276259984305124
473,1.9270800164473145
474,1.9265353163678156
475,1.9259918981920157
476,1.9254497619199147
477,1.9249089075515127
478,1.9243693350868099
479,1.923831044525806
480,1.9232940358685011
481,1.9227583091148952
482,1.9222238642649883
483,1.9216907013187805
484,1.9211588202762717
485,1.920628221137462
486,1.920098903902351
487,1.9195708685709392
488,1.9190441151432263
489,1.9185186436192128
490,1.917994453998898
491,1.9174715462822824
492,1.9169499204693656
493,1.9164295765601478
494,1.9159105145546291
495,1.9153927344528094
496,1.9148762362546887
497,1.9143610199602672
498,1.9138470855695444
499,1.9133344330825208
500,1.9128230624991962
501,1.9123129738195708
502,1.9118041670436443
503,1.9112966421714166
504,1.910790399202888
505,1.9102854381380585
506,1.909781758976928
507,1.9092793617194965
508,1.908778246365764
509,1.9082784129157304
510,1.9077798613693961
511,1.9072825917267606
512,1.9067866039878243
513,1.906291898152587
514,1.905798474221048
515,1.9053063321932089
516,1.9048154720690684
517,1.9043258938486274
518,1.9038375975318849
519,1.9033505831188418
520,1.9028648506094972
521,1.902380400003852
522,1.9018972313019056
523,1.9014153445036583
524,1.9009347396091103
525,1.9004554166182608
526,1.8999773755311107
527,1.8995006163476593
528,1.8990251390679074
529,1.8985509436918542
530,1.8980780302195
531,1.8976063986508447
532,1.8971360489858886
533,1.8966669812246315
534,1.8961991953670734
535,1.8957326914132142
536,1.895267469363054
537,1.894803529216593
538,1.894340870973831
539,1.893879494634768
540,1.893419400199404
541,1.8929605876677391
542,1.892503057039773
543,1.8920468083155058
544,1.891591841494938
545,1.891138156578069
546,1.890685753564899
547,1.890234632455428
548,1.889784793249656
549,1.8893362359475834
550,1.8888889605492094
551,1.8884429670545346
552,1.8879982554635588
553,1.8875548257762818
554,1.887112677992704
555,1.8866718121128252
556,1.8862322281366455
557,1.8857939260641645
558,1.8853569058953827
559,1.8849211676303
560,1.884486711268916
561,1.8840535368112317
562,1.883621644257246
563,1.8831910336069588
564,1.8827617048603715
565,1.8823336580174828
566,1.8819068930782932
567,1.8814814100428023
568,1.881057208911011
569,1.880634289682918
570,1.8802126523585245
571,1.87979229693783
572,1.8793732234208345
573,1.8789554318075379
574,1.8785389220979403
575,1.8781236942920416
576,1.8777097483898422
577,1.877297084391342
578,1.8768857022965404
579,1.8764756021054378
580,1.876066783818034
581,1.8756592474343299
582,1.8752529929543245
583,1.874848020378018
584,1.8744443297054105
585,1.874041920936502
586,1.8736407940712927
587,1.8732409491097826
588,1.8728423860519712
589,1.8724451048978588
590,1.8720491056474455
591,1.8716171251523313
592,1.8711607057874748
593,1.8707048769312322
594,1.8702496385836034
595,1.8697949907445879
596,1.8693409334141864
597,1.8688874665923987
598,1.8684345902792245
599,1.8679823044746642
600,1.8675306091787178
601,1.867079504391385
602,1.8666289901126658
603,1.8661790663425606
604,1.865729733081069
605,1.8652809903281908
606,1.864832838083927
607,1.8643852763482767
608,1.86393830512124
609,1.863491924402817
610,1.863046134193008
611,1.8626009344918124
612,1.8621563252992308
613,1.8617123066152628
614,1.8612688784399087
615,1.8608260407731683
616,1.8603837936150414
617,1.8599421369655285
618,1.8595010708246293
619,1.8590605951923436
620,1.8586207100686718
621,1.8581814154536138
622,1.8577427113471696
623,1.8573045977493388
624,1.8568670746601221
625,1.856430142079519
626,1.8559938000075298
627,1.855558048444154
628,1.8551228873893921
629,1.8546883168432442
630,1.8542543368057096
631,1.853820947276789
632,1.8533881482564822
633,1.852955939744789
634,1.8525243217417096
635,1.852093294247244
636,1.851662857261392
637,1.8512330107841535
638,1.8508037548155292
639,1.8503750893555184
640,1.8499470144041215
641,1.849519529961338
642,1.8490926360271687
643,1.8486663326016128
644,1.8482406196846706
645,1.8478154972763425
646,1.847390965376628
647,1.8469670239855271
648,1.8465436731030398
649,1.8461209127291667
650,1.845698742863907
651,1.8452771635072611
652,1.844856174659229
653,1.8444357763198107
654,1.8440159684890058
655,1.843596751166815
656,1.8431781243532377
657,1.8427600880482744
658,1.8423426422519245
659,1.8419257869641887
660,1.8415095221850664
661,1.841093847914558
662,1.840678764152663
663,1.8402642708993822
664,1.839850368154715
665,1.839437055918661
666,1.8390243341912214
667,1.8386122029723952
668,1.8382006622621834
669,1.8377897120605844
670,1.8373793523675996
671,1.8369695831832284
672,1.836560404507471
673,1.8361518163403274
674,1.8357438186817976
675,1.8353364115318815
676,1.8349295948905788
677,1.8345233687578903
678,1.8341177331338154
679,1.8337126880183543
680,1.8333082334115067
681,1.832904369313273
682,1.8325010957236532
683,1.8320984126426467
684,1.8316963200702543
685,1.8312948180064756
686,1.8308939064513106
687,1.8304935854047593
688,1.8300938548668217
689,1.829694714837498
690,1.8292961653167876
691,1.8288982063046915
692,1.8285008378012089
693,1.8281040598063398
694,1.8277078723200848
695,1.8273122753424433
696,1.8269172688734157
697,1.8265228529130018
698,1.8261290274612016
699,1.825735792518015
700,1.8253431480834426
701,1.8249510941574836
702,1.8245596307401384
703,1.824168757831407
704,1.8237784754312891
705,1.823388783539785
706,1.8229996821568948
707,1.8226111712826185
708,1.8222232509169556
709,1.8218359210599067
710,1.8214491817114713
711,1.8210630328716497
712,1.820677474540442
713,1.8202925067178477
714,1.8199081294038675
715,1.8195243425985006
716,1.8191411463017477
717,1.8187585405136086
718,1.8183765252340833
719,1.8179951004631716
720,1.8176142662008736
721,1.8172340224471897
722,1.816854369202119
723,1.8164753064656625
724,1.8160968342378194
725,1.8157189525185902
726,1.8153416613079745
727,1.814964960605973
728,1.814588850412585
729,1.8142133307278105
730,1.81383840155165
731,1.8134640628841032
732,1.8130903147251702
733,1.8127171570748508
734,1.8123445899331454
735,1.8119726133000535
736,1.8116012271755753
737,1.811230431559711
738,1.8108602264524603
739,1.8104906118538235
740,1.8101215877638004
741,1.809753154182391
742,1.8093853111095952
743,1.8090180585454132
744,1.8086513964898452
745,1.8082853249428905
746,1.80791984390455
747,1.8075549533748227
748,1.8071906533537097
749,1.8068269438412101
750,1.8064638248373244
751,1.8061012963420524
752,1.8057393583553942
753,1.8053780108773496
754,1.8050172539079186
755,1.8046570874471017
756,1.8042975114948985
757,1.8039385260513086
758,1.8035801311163329
759,1.8032223266899707
760,1.8028651127722224
761,1.8025084893630876
762,1.8021524564625668
763,1.8017970140706596
764,1.8014421621873662
765,1.8010879008126865
766,1.8007342299466205
767,1.8003811495891686
768,1.8000286597403299
769,1.799676760400105
770,1.7993254515684942
771,1.7989555159957156
772,1.7985729062840636
773,1.798190530516628
774,1.7978083886934086
775,1.797426480814406
776,1.7970448068796196
777,1.7966633668890497
778,1.7962821608426962
779,1.7959011887405592
780,1.7955204505826385
781,1.7951399463689341
782,1.7947596760994466
783,1.7943796397741751
784,1.79399983739312
785,1.7936202689562817
786,1.7932409344636595
787,1.7928618339152538
788,1.7924829673110647
789,1.7921043346510916
790,1.7917259359353352
791,1.7913477711637953
792,1.7909698403364716
793,1.7905921434533643
794,1.7902146805144739
795,1.7898374515197994
796,1.7894604564693417
797,1.7890836953631
798,1.7887071682010751
799,1.7883308749832665
800,1.7879548157096743
801,1.7875789903802983
802,1.7872033989951392
803,1.7868280415541962
804,1.7864529180574698
805,1.7860780285049598
806,1.785703372896666
807,1.7853289512325887
808,1.7849547635127279
809,1.7845808097370834
810,1.7842070899056557
811,1.783833604018444
812,1.7834603520754486
813,1.78308733407667
814,1.7827145500221078
815,1.782341999911762
816,1.7819696837456325
817,1.7815976015237196
818,1.781225753246023
819,1.7808541389125427
820,1.780482758523279
821,1.7801116120782319
822,1.7797406995774008
823,1.7793700210207863
824,1.7789995764083884
825,1.7786293657402068
826,1.7782593890162415
827,1.7778896462364926
828,1.7775201374009604
829,1.7771508625096444
830,1.7767818215625446
831,1.7764130145596617
832,1.776044441500995
833,1.7756761023865448
834,1.775307997216311
835,1.7749401259902935
836,1.7745724887084926
837,1.7742050853709082
838,1.7738379159775397
839,1.7734709805283881
840,1.7731042790234528
841,1.7727378114627341
842,1.7723715778462314
843,1.7720055781739457
844,1.7716398124458759
845,1.771274280662023
846,1.7709089828223863
847,1.7705439189269658
848,1.770179088975762
849,1.7698144929687745
850,1.7694501309060031
851,1.7690860027874487
852,1.7687221086131102
853,1.7683584483829884
854,1.767995022097083
855,1.7676318297553941
856,1.7672688713579219
857,1.7669061469046656
858,1.7665436563956258
859,1.7661813998308027
860,1.7658193772101958
861,1.7654575885338055
862,1.7650960338016315
863,1.764734713013674
864,1.7643736261699328
865,1.764012773270408
866,1.7636521543150998
867,1.763291769304008
868,1.7629316182371326
869,1.7625717011144735
870,1.7622120179360306
871,1.7618525687018045
872,1.7614933534117947
873,1.7611343720660013
874,1.7607756246644246
875,1.7604171112070641
876,1.7600588316939199
877,1.7597007861249923
878,1.759342974500281
879,1.7589853968197862
880,1.758628053083508
881,1.758270943291446
882,1.7579140674436005
883,1.7575574255399713
884,1.7572010175805588
885,1.7568448435653623
886,1.7564889034943827
887,1.7561331973676193
888,1.7557777251850721
889,1.7554224869467416
890,1.7550674826526276
891,1.7547127123027295
892,1.7543581758970483
893,1.7540038734355834
894,1.7536498049183349
895,1.7532959703453028
896,1.7529423697164872
897,1.752589003031888
898,1.7522358702915055
899,1.751882971495339
900,1.7515303066433892
901,1.7511778757356558
902,1.7508256787721383
903,1.750473715752838
904,1.7501219866777538
905,1.749770491546886
906,1.7494192303602345
907,1.7490682031177993
908,1.748717409819581
909,1.7483668504655787
910,1.748016525055793
911,1.7476664335902239
912,1.747316576068871
913,1.7469669524917346
914,1.7466175628588143
915,1.746268407170111
916,1.7459194854256237
917,1.745570797625353
918,1.7452223437692989
919,1.7448741238574608
920,1.7445261378898393
921,1.7441783858664341
922,1.7438308677872456
923,1.7434835836522735
924,1.7431365334615176
925,1.7427897172149784
926,1.7424431349126555
927,1.742096786554549
928,1.7417506721406588
929,1.7414047916709852
930,1.741059145145528
931,1.740713732564287
932,1.7403685539272626
933,1.7400236092344545
934,1.739678898485863
935,1.7393344216814879
936,1.7389901788213293
937,1.738646169905387
938,1.7383023949336611
939,1.7379588539061517
940,1.7376155468228587
941,1.737272473683782
942,1.7369296344889218
943,1.7365870292382781
944,1.736244657931851
945,1.73590252056964
946,1.7355606171516456
947,1.7352189476778674
948,1.7348775121483058
949,1.7345363105629608
950,1.734195342921832
951,1.7338546878310837
952,1.7335143209422146
953,1.7331741894560517
954,1.7328342933725949
955,1.732494632691844
956,1.7321552074137994
957,1.7318160175384607
958,1.731477063065828
959,1.7311383439959016
960,1.7307998603286807
961,1.7304616120641665
962,1.730123599202358
963,1.7297858217432558
964,1.7294482796868595
965,1.729110973033169
966,1.7287739017821848
967,1.7284370659339068
968,1.7281004654883347
969,1.7277641004454687
970,1.7274279708053086
971,1.7270920765678548
972,1.726756417733107
973,1.726420994301065
974,1.7260858062717293
975,1.7257508536450996
976,1.7254161364211758
977,1.7250816545999583
978,1.724747408181447
979,1.7244133971656415
980,1.724079621552542
981,1.7237460813421486
982,1.7234127765344613
983,1.72307970712948
984,1.7227468731272049
985,1.7224142745276356
986,1.7220819113307724
987,1.7217497835366153
988,1.7214178911451645
989,1.7210862341564197
990,1.7207548125703807
991,1.7204236263870478
992,1.720092675606421
993,1.7197619602285004
994,1.719431480253286
995,1.7191012356807769
996,1.7187712265109745
997,1.718441452743878
998,1.7181119143794876
999,1.7177826114178034
1000,1.717453543858825
1001,1.7171247117025528
1002,1.7167961149489865
1003,1.7164677535981263
1004,1.716139627649972
1005,1.7158117371045238
1006,1.715484081961782
1007,1.7151566622217462
1008,1.7148294778844162
1009,1.7145025289497924
1010,1.7141758154178746
1011,1.713849337288663
1012,1.7135230945621571
1013,1.7131970872383575
1014,1.712871315317264
1015,1.7125457787988765
1016,1.712220477683195
1017,1.7118954119702197
1018,1.7115705816599505
1019,1.7112459867523873
1020,1.7109216272475296
1021,1.7105975031453784
1022,1.7102736144459336
1023,1.7099499611491944
1024,1.7096265432551616
1025,1.7093033607638344
1026,1.7089804136752134
1027,1.7086577019892986
1028,1.70833522570609
1029,1.7080129848255872
1030,1.7076909793477903
1031,1.7073692092726998
1032,1.7070476746003151
1033,1.7067263753306368
1034,1.7064053114636644
1035,1.7060844829993977
1036,1.7057638899378373
1037,1.7054435322789832
1038,1.705123410022835
1039,1.7048035231693928
1040,1.7044838717186566
1041,1.7041644556706264
1042,1.7038452750253026
1043,1.7035263297826846
1044,1.7032076199427728
1045,1.7028891455055666
1046,1.7025709064710668
1047,1.702252902839273
1048,1.7019351346101854
1049,1.7016176017838038
1050,1.701300304360128
1051,1.7009832423391587
1052,1.7006664157208953
1053,1.7003498245053377
1054,1.7000334686924865
1055,1.699717348282341
1056,1.6994014632749017
1057,1.6990858136701685
1058,1.6987703994681416
1059,1.6984552206688204
1060,1.698140277272205
1061,1.6978255692782962
1062,1.6975110966870932
1063,1.6971968594985964
1064,1.6968828577128057
1065,1.696569091329721
1066,1.6962555603493419
1067,1.6959422647716695
1068,1.6956292045967027
1069,1.6953163798244424
1070,1.6950037904548876
1071,1.6946914364880394
1072,1.6943793179238968
1073,1.6940674347624607
1074,1.6937557870037305
1075,1.6934443746477061
1076,1.693133197694388
1077,1.6928222561437758
1078,1.6925115499958698
1079,1.6922010792506699
1080,1.6918908439081757
1081,1.6915808439683877
1082,1.691271079431306
1083,1.6909615502969302
1084,1.6906522565652606
1085,1.6903431982362966
1086,1.690034375310039
1087,1.6897257877864877
1088,1.6894174356656424
1089,1.6891093189475028
1090,1.6888014376320692
1091,1.6884937917193419
1092,1.6881863812093207
1093,1.6878792061020054
1094,1.6875722663973962
1095,1.687265562095493
1096,1.6869590931962961
1097,1.686652859699805
1098,1.6863468616060202
1099,1.6860410989149412
1100,1.685735571626568
1101,1.6854302797409015
1102,1.6851252232579406
1103,1.684820402177686
1104,1.6845158165001375
1105,1.6842114662252947
1106,1.6839073513531582
1107,1.6836034718837278
1108,1.6832998278170035
1109,1.6829964191529851
1110,1.6826932458916726
1111,1.6823903080330662
1112,1.682087605577166
1113,1.6817851385239722
1114,1.681482906873484
1115,1.6811809106257019
1116,1.680879149780626
1117,1.6805776243382562
1118,1.6802763342985922
1119,1.6799752796616343
1120,1.6796744604273823
1121,1.6793738765958368
1122,1.6790735281669973
1123,1.6787734151408635
1124,1.678473537517436
1125,1.6781738952967145
1126,1.6778744884786991
1127,1.6775753170633896
1128,1.6772763810507865
1129,1.6769776804408894
1130,1.676679215233698
1131,1.6763792002965912
1132,1.6760781885798957
1133,1.6757773791438542
1134,1.6754767719884676
1135,1.6751763671137352
1136,1.674876164519658
1137,1.6745761642062345
1138,1.674276366173466
1139,1.673976770421352
1140,1.6736773769498925
1141,1.6733781857590875
1142,1.6730791968489374
1143,1.6727804102194415
1144,1.6724818258705998
1145,1.6721834438024132
1146,1.6718852640148807
1147,1.6715872865080033
1148,1.6712895112817796
1149,1.670991938336211
1150,1.670694567671297
1151,1.6703973992870373
1152,1.6701004331834322
1153,1.6698036693604819
1154,1.6695071078181858
1155,1.6692107485565444
1156,1.6689145915755572
1157,1.668618636875225
1158,1.668322884455547
1159,1.6680273343165237
1160,1.667731986458155
1161,1.6674368408804408
1162,1.667141897583381
1163,1.6668471565669758
1164,1.6665526178312253
1165,1.666258281376129
1166,1.6659641472016875
1167,1.6656702153079006
1168,1.665376485694768
1169,1.6650829583622897
1170,1.6647896333104666
1171,1.6644965105392975
1172,1.6642035900487833
1173,1.6639108718389235
1174,1.6636183559097182
1175,1.6633260422611673
1176,1.6630339308932713
1177,1.6627420218060294
1178,1.6624503149994423
1179,1.6621588104735097
1180,1.6618675082282317
1181,1.661576408263608
1182,1.6612855105796391
1183,1.6609948151763245
1184,1.6607043220536646
1185,1.6604140312116593
1186,1.6601239426503083
1187,1.6598340563696121
1188,1.6595443723695702
1189,1.659254890650183
1190,1.65896561121145
1191,1.658676534053372
1192,1.658387659175948
1193,1.658098986579179
1194,1.6578105162630645
1195,1.6575222482276046
1196,1.657234182472799
1197,1.656946318998648
1198,1.6566586578051514
1199,1.6563711988923098
1200,1.6560839422601221
1201,1.6557968879085896
1202,1.655510035837711
1203,1.6552233860474874
1204,1.654936938537918
1205,1.6546506933090035
1206,1.6543646503607432
1207,1.6540788096931376
1208,1.6537931713061864
1209,1.65350773519989
1210,1.6532225013742479
1211,1.6529374698292603
1212,1.6526526405649276
1213,1.652368013581249
1214,1.6520835888782253
1215,1.6517993664558557
1216,1.651515346314141
1217,1.6512315284530805
1218,1.6509479128726752
1219,1.6506644995729236
1220,1.6503812885538272
1221,1.650098279815385
1222,1.6498154733575974
1223,1.6495328691804643
1224,1.6492504672839856
1225,1.6489682676681616
1226,1.6486862703329923
1227,1.6484044752784772
1228,1.648122882504617
1229,1.6478414920114113
1230,1.6475603037988598
1231,1.6472793178669631
1232,1.6469985342157207
1233,1.646717952845133
1234,1.6464375737551997
1235,1.6461573969459213
1236,1.6458774224172972
1237,1.6455976501693275
1238,1.6453180802020124
1239,1.645038712515352
1240,1.644759547109346
1241,1.6444805839839947
1242,1.6442018231392976
1243,1.6439232645752555
1244,1.6436449082918676
1245,1.6433667542891341
1246,1.6430888025670554
1247,1.6428110531256312
1248,1.6425335059648616
1249,1.6422561610847464
1250,1.641979018485286
1251,1.6417020781664797
1252,1.6414253401283283
1253,1.641148804370831
1254,1.6408724708939888
1255,1.6405963396978007
1256,1.6403204107822673
1257,1.6400446841473884
1258,1.6397691597931643
1259,1.6394938377195942
1260,1.6392187179266793
1261,1.6389438004144183
1262,1.6386690851828123
1263,1.6383945722318605
1264,1.6381202615615635
1265,1.6378461531719208
1266,1.6375722470629328
1267,1.6372985432345992
1268,1.6370250416869203
1269,1.6367517424198956
1270,1.636478645433526
1271,1.6362057507278103
1272,1.6359330583027496
1273,1.6356605681583436
1274,1.6353882802945916
1275,1.6351161947114945
1276,1.6348443114090518
1277,1.6345726303872636
1278,1.6343011516461299
1279,1.634029875185651
1280,1.6337588010058262
1281,1.6334879291066564
1282,1.633217259488141
1283,1.63294679215028
1284,1.6326765270930734
1285,1.6324064643165217
1286,1.6321366038206242
1287,1.6318669456053816
1288,1.6315974896707932
1289,1.6313282360168595
1290,1.63105918464358
1291,1.6307903355509556
1292,1.6305216887389853
1293,1.6302532442076698
1294,1.6299850019570088
1295,1.6297169619870022
1296,1.6294491242976503
1297,1.6291814888889529
1298,1.6289140557609099
1299,1.6286468249135215
1300,1.6283797963467876
1301,1.6281129700607082
1302,1.6278463460552834
1303,1.6275799243305131
1304,1.6273137048863977
1305,1.6270476877229363
1306,1.6267818728401298
1307,1.6265162602379775
1308,1.62625084991648
1309,1.625985641875637
1310,1.6257206361154486
1311,1.625452961561063
1312,1.6251835075367564
1313,1.6249142025220542
1314,1.6246450465169564
1315,1.6243760395214633
1316,1.6241071815355748
1317,1.6238384725592907
1318,1.6235699125926113
1319,1.623301501635536
1320,1.623033239688066
1321,1.6227651267502
1322,1.6224971628219385
1323,1.6222293479032817
1324,1.6219616819942293
1325,1.6216941650947814
1326,1.621426797204938
1327,1.6211595783246995
1328,1.620892508454065
1329,1.6206255875930353
1330,1.6203588157416102
1331,1.6200921928997898
1332,1.6198257190675733
1333,1.6195593942449618
1334,1.6192932184319548
1335,1.6190271916285524
1336,1.618761313834754
1337,1.6184955850505607
1338,1.618230005275972
1339,1.6179645745109874
1340,1.6176992927556073
1341,1.6174341600098319
1342,1.6171691762736613
1343,1.6169043415470947
1344,1.616639655830133
1345,1.6163751191227755
1346,1.616110731425023
1347,1.6158464927368745
1348,1.615582403058331
1349,1.6153184623893917
1350,1.6150546707300573
1351,1.614791028080327
1352,1.6145275344402015
1353,1.6142641898096806
1354,1.614000994188764
1355,1.613737947577452
1356,1.6134750499757442
1357,1.6132123013836417
1358,1.612949701801143
1359,1.6126872512282493
1360,1.6124249496649596
1361,1.6121627971112749
1362,1.6119007935671945
1363,1.6116389390327186
1364,1.6113772335078473
1365,1.6111156769925807
1366,1.6108542694869186
1367,1.610593010990861
1368,1.6103319015044077
1369,1.6100709410275593
1370,1.6098101295603149
1371,1.6095494671026755
1372,1.6092889536546406
1373,1.60902858921621
1374,1.608768373787384
1375,1.6085083073681623
1376,1.6082483899585456
1377,1.607988621558533
1378,1.6077290021681252
1379,1.607469531787322
1380,1.607210210416123
1381,1.6069510380545289
1382,1.606692014702539
1383,1.6064331403601537
1384,1.6061744150273731
1385,1.605915838704197
1386,1.605657411390625
1387,1.6053991330866582
1388,1.6051410037922955
1389,1.6048830235075373
1390,1.6046251922323838
1391,1.6043675099668349
1392,1.6041099767108904
1393,1.6038525924645501
1394,1.603595357227815
1395,1.603338271000684
1396,1.6030813337831575
1397,1.6028245455752355
1398,1.6025679063769185
1399,1.6023114161882057
1400,1.6020550750090972
1401,1.6017988828395935
1402,1.6015428396796945
1403,1.6012869455293997
1404,1.6010312003887093
1405,1.6007756042576238
1406,1.6005201571361427
1407,1.600264859024266
1408,1.600009709921994
1409,1.5997547098293265
1410,1.5994998587462637
1411,1.599245156672805
1412,1.598990603608951
1413,1.5987361995547018
1414,1.5984819445100567
1415,1.5982278384750164
1416,1.5979738814495803
1417,1.5977200734337493
1418,1.5974664144275224
1419,1.5972129044309002
1420,1.5969595434438824
1421,1.5967063314664693
1422,1.5964532684986605
1423,1.5962003545404564
1424,1.595947589591857
1425,1.5956949736528618
1426,1.595442506723471
1427,1.595190188803685
1428,1.5949380198935037
1429,1.5946859999929266
1430,1.594434129101954
1431,1.5941824072205861
1432,1.5939308343488228
1433,1.5936794104866638
1434,1.5934281356341093
1435,1.5931770097911597
1436,1.5929260329578145
1437,1.5926752051340736
1438,1.5924245263199373
1439,1.5921739965154058
1440,1.5919236157204784
1441,1.5916733839351558
1442,1.5914233011594374
1443,1.591173367393324
1444,1.590923582636815
1445,1.5906739468899105
1446,1.5904244601526103
1447,1.590175122424915
1448,1.589925933706824
1449,1.5896768939983372
1450,1.5894280032994557
1451,1.5891792616101783
1452,1.5889306689305052
1453,1.5886822252604367
1454,1.5884339305999733
1455,1.5881857849491139
1456,1.587937788307859
1457,1.5876899406762086
1458,1.5874422420541632
1459,1.587194692441722
1460,1.5869472918388854
1461,1.5867000402456533
1462,1.5864529376620256
1463,1.5862059840880025
1464,1.585959179523584
1465,1.5857125239687702
1466,1.5854660174235606
1467,1.5852196598879555
1468,1.584973451361955
1469,1.5847273918455593
1470,1.584481481338768
1471,1.5842357198415808
1472,1.5839901073539986
1473,1.583744643876021
1474,1.5834993294076478
1475,1.5832541639488789
1476,1.583009147499715
1477,1.5827642800601551
1478,1.5825195616301997
1479,1.5822749922098494
1480,1.5820305717991032
1481,1.5817863003979618
1482,1.5815421780064245
1483,1.581298204624492
1484,1.581054380252164
1485,1.5808107048894406
1486,1.5805671785363216
1487,1.5803238011928071
1488,1.5800805728588974
1489,1.579837493534592
1490,1.579594563219891
1491,1.5793504129084557
1492,1.5791054666542146
1493,1.578860644008497
1494,1.5786159449713029
1495,1.578371369542632
1496,1.5781269177224846
1497,1.5778825895108606
1498,1.5776383849077602
1499,1.5773943039131832
1500,1.5771503465271295
1501,1.5769065127495994
1502,1.5766628025805927
1503,1.5764192160201091
1504,1.5761757530681493
1505,1.5759324137247126
1506,1.5756891979897996
1507,1.5754461058634102
1508,1.5752031373455437
1509,1.574960292436201
1510,1.5747175711353816
1511,1.5744749734430856
1512,1.5742324993593133
1513,1.5739901488840642
1514,1.5737479220173385
1515,1.573505818759136
1516,1.573263839109457
1517,1.5730219830683019
1518,1.5727802506356698
1519,1.5725386418115614
1520,1.5722971565959762
1521,1.5720557949889147
1522,1.5718145569903763
1523,1.5715734426003614
1524,1.57133245181887
1525,1.5710915846459022
1526,1.5708508410814574
1527,1.5706102211255362
1528,1.5703697247781387
1529,1.5701293520392643
1530,1.5698891029089135
1531,1.569648977387086
1532,1.5694089754737819
1533,1.5691690971690015
1534,1.5689293424727444
1535,1.5686897113850105
1536,1.5684502039058004
1537,1.5682108200351133
1538,1.5679715597729498
1539,1.56773242311931
1540,1.567493410074193
1541,1.5672545206376
1542,1.5670157548095303
1543,1.566777112589984
1544,1.5665385939789611
1545,1.5663001989764618
1546,1.5660619275824856
1547,1.5658237797970331
1548,1.5655857556201036
1549,1.5653478550516982
1550,1.5651100780918157
1551,1.5648724247404568
1552,1.5646348949976212
1553,1.5643974888633092
1554,1.5641602063375204
1555,1.563923047420255
1556,1.5636860121115133
1557,1.563449100411295
1558,1.5632123123196
1559,1.5629756478364285
1560,1.5627391069617804
1561,1.5625026896956555
1562,1.5622663960380545
1563,1.5620302259889765
1564,1.5617941795484223
1565,1.5615582567163913
1566,1.5613224574928837
1567,1.5610867818778995
1568,1.560851229871439
1569,1.5606158014735017
1570,1.560380496684088
1571,1.5601453155031975
1572,1.5599102579308306
1573,1.559675323966987
1574,1.559440513611667
1575,1.55920582686487
1576,1.5589712637265967
1577,1.558736824196847
1578,1.5585025082756205
1579,1.5582683159629176
1580,1.5580342472587378
1581,1.5578003021630817
1582,1.5575664806759493
1583,1.5573327827973398
1584,1.557099208527254
1585,1.5568657578656915
1586,1.5566324308126525
1587,1.5563992273681369
1588,1.5561661475321447
1589,1.555933191304676
1590,1.5557003586857305
1591,1.5554676496753086
1592,1.5552350642734103
1593,1.5550026024800352
1594,1.5547702642951837
1595,1.5545380497188555
1596,1.5543059587510508
1597,1.5540739913917694
1598,1.5538421476410114
1599,1.5536104274987768
1600,1.5533788309650658
1601,1.5531473580398782
1602,1.5529160087232141
1603,1.5526847830150732
1604,1.5524536809154559
1605,1.552222702424362
1606,1.5519918475417915
1607,1.5517611162677445
1608,1.5515305086022206
1609,1.5513000245452204
1610,1.5510696640967438
1611,1.5508394272567902
1612,1.5506093140253603
1613,1.5503793244024537
1614,1.5501494583880708
1615,1.5499197159822111
1616,1.5496900971848748
1617,1.549460601996062
1618,1.5492312304157727
1619,1.5490019824440067
1620,1.5487728580807643
1621,1.548543857326045
1622,1.5483149801798495
1623,1.548086226642177
1624,1.5478575967130281
1625,1.5476290903924028
1626,1.5474007076803007
1627,1.5471724485767224
1628,1.5469443130816671
1629,1.5467163011951355
1630,1.5464884129171272
1631,1.5462606482476422
1632,1.546033007186681
1633,1.5458054897342428
1634,1.5455780958903282
1635,1.545350825654937
1636,1.5451236790280691
1637,1.544896656009725
1638,1.5446697565999041
1639,1.5444429807986066
1640,1.5442163286058326
1641,1.5439898000215821
1642,1.543763395045855
1643,1.543537113678651
1644,1.543310955919971
1645,1.543084921769814
1646,1.5428590112281806
1647,1.5426332242950702
1648,1.5424075609704837
1649,1.5421820212544206
1650,1.5419566051468807
1651,1.5417313126478644
1652,1.5415061437573716
1653,1.5412810984754022
1654,1.5410561768019562
1655,1.5408313787370334
1656,1.5406067042806342
1657,1.5403821534327584
1658,1.5401577261934059
1659,1.5399334225625771
1660,1.5397092425402712
1661,1.5394851861264893
1662,1.5392612533212306
1663,1.5390374441244954
1664,1.5388137585362835
1665,1.5385901965565951
1666,1.5383667581854303
1667,1.5381434434227887
1668,1.5379202522686706
1669,1.537697184723076
1670,1.5374742407860047
1671,1.5372502212201793
1672,1.5370254974930397
1673,1.5368008751233044
1674,1.536576354110973
1675,1.5363519344560457
1676,1.5361276161585227
1677,1.5359033992184037
1678,1.5356792836356887
1679,1.5354552694103782
1680,1.5352313565424718
1681,1.5350075450319693
1682,1.5347838348788714
1683,1.5345602260831772
1684,1.5343367186448875
1685,1.5341133125640019
1686,1.53389000784052
1687,1.5336668044744426
1688,1.5334437024657697
1689,1.5332207018145003
1690,1.5329978025206352
1691,1.5327750045841746
1692,1.5325523080051178
1693,1.5323297127834654
1694,1.5321072189192173
1695,1.5318848264123728
1696,1.5316625352629327
1697,1.531440345470897
1698,1.5312182570362651
1699,1.5309962699590374
1700,1.5307743842392139
1701,1.5305525998767946
1702,1.5303309168717796
1703,1.5301093352241686
1704,1.5298878549339618
1705,1.529666476001159
1706,1.5294451984257602
1707,1.5292240222077662
1708,1.5290029473471756
1709,1.5287819738439896
1710,1.5285611016982077
1711,1.52834033090983
1712,1.5281196614788561
1713,1.5278990934052867
1714,1.5276786266891214
1715,1.52745826133036
1716,1.5272379973290033
1717,1.5270178346850503
1718,1.5267977733985014
1719,1.5265778134693568
1720,1.5263579548976163
1721,1.52613819768328
1722,1.5259185418263481
1723,1.5256989873268199
1724,1.525479534184696
1725,1.5252601823999765
1726,1.525040931972661
1727,1.5248217829027493
1728,1.5246027351902423
1729,1.524383788835139
1730,1.52416494383744
1731,1.5239462001971456
1732,1.5237275579142548
1733,1.5235090169887682
1734,1.523290577420686
1735,1.5230722392100078
1736,1.5228540023567336
1737,1.522635866860864
1738,1.522417832722398
1739,1.5221998999413364
1740,1.521982068517679
1741,1.5217643384514257
1742,1.5215467097425766
1743,1.5213291823911317
1744,1.5211117563970906
1745,1.5208944317604538
1746,1.5206772084812215
1747,1.5204600865593931
1748,1.5202430659949686
1749,1.5200261467879488
1750,1.5198093289383328
1751,1.519592612446121
1752,1.5193759973113135
1753,1.51915948353391
1754,1.5189430711139105
1755,1.5187267600513155
1756,1.5185105503461243
1757,1.5182944419983375
1758,1.5180784350079548
1759,1.5178625293749761
1760,1.5176467250994017
1761,1.5174310221812315
1762,1.5172154206204653
1763,1.5169999204171032
1764,1.5167845215711455
1765,1.5165692240825919
1766,1.5163540279514423
1767,1.5161389331776969
1768,1.5159239397613555
1769,1.5157090477024184
1770,1.5154942570008856
1771,1.5152795676567568
1772,1.5150649796700322
1773,1.5148504930407118
1774,1.5146361077687955
1775,1.5144218238542833
1776,1.5142076412971754
1777,1.5139935600974714
1778,1.5137795802551715
1779,1.5135657017702762
1780,1.5133519246427845
1781,1.5131382488726972
1782,1.5129246744600144
1783,1.5127112014047355
1784,1.5124978297068603
1785,1.5122845593663898
1786,1.5120713903833234
1787,1.5118583227576607
1788,1.5116453564894028
1789,1.5114324915785486
1790,1.5112197280250985
1791,1.511007065829053
1792,1.5107945049904112
1793,1.5105820455091736
1794,1.5103696873853405
1795,1.5101574306189114
1796,1.5099452752098863
1797,1.5097332211582655
1798,1.5095212684640487
1799,1.509309417127236
1800,1.5090976671478276
